#
# There is insufficient memory for the Java Runtime Environment to continue.
# Native memory allocation (malloc) failed to allocate 1349456 bytes. Error detail: Chunk::new
# Possible reasons:
#   The system is out of physical RAM or swap space
#   This process is running with CompressedOops enabled, and the Java Heap may be blocking the growth of the native heap
# Possible solutions:
#   Reduce memory load on the system
#   Increase physical memory or swap space
#   Check if swap backing store is full
#   Decrease Java heap size (-Xmx/-Xms)
#   Decrease number of Java threads
#   Decrease Java thread stack sizes (-Xss)
#   Set larger code cache with -XX:ReservedCodeCacheSize=
#   JVM is running with Unscaled Compressed Oops mode in which the Java heap is
#     placed in the first 4GB address space. The Java Heap base address is the
#     maximum limit for the native heap growth. Please use -XX:HeapBaseMinAddress
#     to set the Java Heap base and to place the Java Heap above 4GB virtual address.
# This output file may be truncated or incomplete.
#
#  Out of Memory Error (arena.cpp:191), pid=12812, tid=22092
#
# JRE version: OpenJDK Runtime Environment Microsoft-13877129 (17.0.19+10) (build 17.0.19+10-LTS)
# Java VM: OpenJDK 64-Bit Server VM Microsoft-13877129 (17.0.19+10-LTS, mixed mode, sharing, tiered, compressed oops, compressed class ptrs, g1 gc, windows-amd64)
# No core dump will be written. Minidumps are not enabled by default on client versions of Windows
#

---------------  S U M M A R Y ------------

Command Line: --add-opens=java.base/java.lang=ALL-UNNAMED --add-opens=java.base/java.lang.invoke=ALL-UNNAMED --add-opens=java.base/java.util=ALL-UNNAMED --add-opens=java.prefs/java.util.prefs=ALL-UNNAMED --add-exports=jdk.compiler/com.sun.tools.javac.api=ALL-UNNAMED --add-exports=jdk.compiler/com.sun.tools.javac.util=ALL-UNNAMED --add-opens=java.base/java.util=ALL-UNNAMED --add-opens=java.prefs/java.util.prefs=ALL-UNNAMED --add-opens=java.base/java.nio.charset=ALL-UNNAMED --add-opens=java.base/java.net=ALL-UNNAMED --add-opens=java.base/java.util.concurrent=ALL-UNNAMED --add-opens=java.base/java.util.concurrent.atomic=ALL-UNNAMED --add-opens=java.xml/javax.xml.namespace=ALL-UNNAMED --add-opens=java.base/java.time=ALL-UNNAMED -XX:MaxMetaspaceSize=512m -Xmx1536m -Dfile.encoding=UTF-8 -Duser.country=US -Duser.language=en -Duser.variant -javaagent:C:\Users\prath\.gradle\wrapper\dists\gradle-9.3.1-bin\23ovyewtku6u96viwx3xl3oks\gradle-9.3.1\lib\agents\gradle-instrumentation-agent-9.3.1.jar org.gradle.launcher.daemon.bootstrap.GradleDaemon 9.3.1

Host: AMD Ryzen 5 5500U with Radeon Graphics         , 12 cores, 5G,  Windows 11 , 64 bit Build 26100 (10.0.26100.8875)
Time: Tue Jul 28 18:27:01 2026 India Standard Time elapsed time: 195.549946 seconds (0d 0h 3m 15s)

---------------  T H R E A D  ---------------

Current thread (0x000001dbaae84520):  JavaThread "C2 CompilerThread0" daemon [_thread_in_native, id=22092, stack(0x0000005c2dc00000,0x0000005c2dd00000)]


Current CompileTask:
C2:195550 18389       4       org.gradle.internal.snapshot.AbstractStorePathRelationshipHandler::handleAsDescendantOfChild (24 bytes)

Stack: [0x0000005c2dc00000,0x0000005c2dd00000]
Native frames: (J=compiled Java code, j=interpreted, Vv=VM code, C=native code)
V  [jvm.dll+0x68cc89]  (no source info available)
V  [jvm.dll+0x845d89]  (no source info available)
V  [jvm.dll+0x847af8]  (no source info available)
V  [jvm.dll+0x848183]  (no source info available)
V  [jvm.dll+0x24d0bf]  (no source info available)
V  [jvm.dll+0xaed56]  (no source info available)
V  [jvm.dll+0xaf3fc]  (no source info available)
V  [jvm.dll+0x37186f]  (no source info available)
V  [jvm.dll+0x33baf5]  (no source info available)
V  [jvm.dll+0x33af5a]  (no source info available)
V  [jvm.dll+0x21dfc9]  (no source info available)
V  [jvm.dll+0x21d412]  (no source info available)
V  [jvm.dll+0x1a8db6]  (no source info available)
V  [jvm.dll+0x22dc6b]  (no source info available)
V  [jvm.dll+0x22bdf6]  (no source info available)
V  [jvm.dll+0x7fbecb]  (no source info available)
V  [jvm.dll+0x7f62cc]  (no source info available)
V  [jvm.dll+0x68e227]  (no source info available)
C  [ucrtbase.dll+0x2cd30]  (no source info available)
C  [KERNEL32.DLL+0x2e957]  (no source info available)
C  [ntdll.dll+0xaad6c]  (no source info available)


---------------  P R O C E S S  ---------------

Threads class SMR info:
_java_thread_list=0x000001dbd0cfaed0, length=81, elements={
0x000001db8d9776d0, 0x000001dbaae67b00, 0x000001dbaae681e0, 0x000001dbaae7ce50,
0x000001dbaae7f340, 0x000001dbaae7f820, 0x000001dbaae83d10, 0x000001dbaae84520,
0x000001dbaaea7bc0, 0x000001dbaaeac710, 0x000001dbca0c2970, 0x000001dbca22ba30,
0x000001dbcb03c060, 0x000001db8d988360, 0x000001dbcaf32170, 0x000001dbca52cc80,
0x000001dbca52d160, 0x000001dbca53d050, 0x000001dbca518050, 0x000001dbca517630,
0x000001dbca5161f0, 0x000001dbca519490, 0x000001dbca517b40, 0x000001dbca518560,
0x000001dbca515ce0, 0x000001dbca516c10, 0x000001dbca516700, 0x000001dbca517120,
0x000001dbca518f80, 0x000001dbca1d8c20, 0x000001dbca1daf90, 0x000001dbca1d9640,
0x000001dbca1d8200, 0x000001dbca1db4a0, 0x000001dbca1d9b50, 0x000001dbca1db9b0,
0x000001dbca1da060, 0x000001dbca1d9130, 0x000001dbca1daa80, 0x000001dbca1dbec0,
0x000001dbca1d8710, 0x000001dbca1dd810, 0x000001dbca1de230, 0x000001dbca1df160,
0x000001dbca1ddd20, 0x000001dbca1df670, 0x000001dbca1dfb80, 0x000001dbca1dec50,
0x000001dbcef0df70, 0x000001dbcef0e990, 0x000001dbcef0eea0, 0x000001dbcef0f3b0,
0x000001dbcef102e0, 0x000001dbcef0cb30, 0x000001dbcef107f0, 0x000001dbcef0d550,
0x000001dbcef13070, 0x000001dbcef12140, 0x000001dbcef13580, 0x000001dbcef11720,
0x000001dbcef11c30, 0x000001dbcef144b0, 0x000001dbca4d14b0, 0x000001dbca4d19c0,
0x000001dbca4cf140, 0x000001dbca4d3d30, 0x000001dbca4d5680, 0x000001dbca4d5170,
0x000001dbca4d4240, 0x000001dbca4d3820, 0x000001dbca4d4c60, 0x000001dbcef0da60,
0x000001dbcef0f8c0, 0x000001dbcef0fdd0, 0x000001dbcef0d040, 0x000001dbcef13a90,
0x000001dbcf544160, 0x000001dbcf544b80, 0x000001dbcf543c50, 0x000001dbcf544670,
0x000001dbcd44b810
}

Java Threads: ( => current thread )
  0x000001db8d9776d0 JavaThread "main" [_thread_blocked, id=22012, stack(0x0000005c2cf00000,0x0000005c2d000000)]
  0x000001dbaae67b00 JavaThread "Reference Handler" daemon [_thread_blocked, id=7932, stack(0x0000005c2d600000,0x0000005c2d700000)]
  0x000001dbaae681e0 JavaThread "Finalizer" daemon [_thread_blocked, id=30440, stack(0x0000005c2d700000,0x0000005c2d800000)]
  0x000001dbaae7ce50 JavaThread "Signal Dispatcher" daemon [_thread_blocked, id=26908, stack(0x0000005c2d800000,0x0000005c2d900000)]
  0x000001dbaae7f340 JavaThread "Attach Listener" daemon [_thread_blocked, id=28992, stack(0x0000005c2d900000,0x0000005c2da00000)]
  0x000001dbaae7f820 JavaThread "Service Thread" daemon [_thread_blocked, id=28660, stack(0x0000005c2da00000,0x0000005c2db00000)]
  0x000001dbaae83d10 JavaThread "Monitor Deflation Thread" daemon [_thread_blocked, id=7132, stack(0x0000005c2db00000,0x0000005c2dc00000)]
=>0x000001dbaae84520 JavaThread "C2 CompilerThread0" daemon [_thread_in_native, id=22092, stack(0x0000005c2dc00000,0x0000005c2dd00000)]
  0x000001dbaaea7bc0 JavaThread "C1 CompilerThread0" daemon [_thread_blocked, id=9480, stack(0x0000005c2dd00000,0x0000005c2de00000)]
  0x000001dbaaeac710 JavaThread "Sweeper thread" daemon [_thread_blocked, id=12808, stack(0x0000005c2de00000,0x0000005c2df00000)]
  0x000001dbca0c2970 JavaThread "Common-Cleaner" daemon [_thread_blocked, id=11172, stack(0x0000005c2df00000,0x0000005c2e000000)]
  0x000001dbca22ba30 JavaThread "Notification Thread" daemon [_thread_blocked, id=20716, stack(0x0000005c2e000000,0x0000005c2e100000)]
  0x000001dbcb03c060 JavaThread "Daemon health stats" [_thread_blocked, id=28356, stack(0x0000005c2e700000,0x0000005c2e800000)]
  0x000001db8d988360 JavaThread "Incoming local TCP Connector on port 57453" [_thread_in_native, id=24668, stack(0x0000005c2e600000,0x0000005c2e700000)]
  0x000001dbcaf32170 JavaThread "Daemon periodic checks" [_thread_blocked, id=20756, stack(0x0000005c2e800000,0x0000005c2e900000)]
  0x000001dbca52cc80 JavaThread "Daemon" [_thread_blocked, id=22920, stack(0x0000005c2e900000,0x0000005c2ea00000)]
  0x000001dbca52d160 JavaThread "Handler for socket connection from /127.0.0.1:57453 to /127.0.0.1:57454" [_thread_in_native, id=23716, stack(0x0000005c2ea00000,0x0000005c2eb00000)]
  0x000001dbca53d050 JavaThread "Cancel handler" [_thread_blocked, id=28060, stack(0x0000005c2eb00000,0x0000005c2ec00000)]
  0x000001dbca518050 JavaThread "Daemon worker" [_thread_blocked, id=22500, stack(0x0000005c2ec00000,0x0000005c2ed00000)]
  0x000001dbca517630 JavaThread "Asynchronous log dispatcher for DefaultDaemonConnection: socket connection from /127.0.0.1:57453 to /127.0.0.1:57454" [_thread_blocked, id=13860, stack(0x0000005c2ed00000,0x0000005c2ee00000)]
  0x000001dbca5161f0 JavaThread "Stdin handler" [_thread_blocked, id=2136, stack(0x0000005c2ee00000,0x0000005c2ef00000)]
  0x000001dbca519490 JavaThread "Daemon client event forwarder" [_thread_blocked, id=16380, stack(0x0000005c2ef00000,0x0000005c2f000000)]
  0x000001dbca517b40 JavaThread "Cache worker for journal cache (C:\Users\prath\.gradle\caches\journal-1)" [_thread_blocked, id=30084, stack(0x0000005c2f500000,0x0000005c2f600000)]
  0x000001dbca518560 JavaThread "File lock request listener" [_thread_in_native, id=30464, stack(0x0000005c2f600000,0x0000005c2f700000)]
  0x000001dbca515ce0 JavaThread "Cache worker for file hash cache (C:\Users\prath\.gradle\caches\9.3.1\fileHashes)" [_thread_blocked, id=22856, stack(0x0000005c2f700000,0x0000005c2f800000)]
  0x000001dbca516c10 JavaThread "Cache worker for file hash cache (D:\Training\project-a\projectvideo-app\projectvideo-frontend\android\.gradle\9.3.1\fileHashes)" [_thread_blocked, id=25052, stack(0x0000005c2fa00000,0x0000005c2fb00000)]
  0x000001dbca516700 JavaThread "Cache worker for Build Output Cleanup Cache (D:\Training\project-a\projectvideo-app\projectvideo-frontend\android\.gradle\buildOutputCleanup)" [_thread_blocked, id=19264, stack(0x0000005c2fb00000,0x0000005c2fc00000)]
  0x000001dbca517120 JavaThread "File watcher server" daemon [_thread_in_native, id=16264, stack(0x0000005c2fc00000,0x0000005c2fd00000)]
  0x000001dbca518f80 JavaThread "File watcher consumer" daemon [_thread_blocked, id=26216, stack(0x0000005c2fd00000,0x0000005c2fe00000)]
  0x000001dbca1d8c20 JavaThread "Cache worker for checksums cache (D:\Training\project-a\projectvideo-app\projectvideo-frontend\android\.gradle\9.3.1\checksums)" [_thread_blocked, id=17812, stack(0x0000005c2fe00000,0x0000005c2ff00000)]
  0x000001dbca1daf90 JavaThread "Cache worker for file content cache (C:\Users\prath\.gradle\caches\9.3.1\fileContent)" [_thread_blocked, id=24620, stack(0x0000005c2ff00000,0x0000005c30000000)]
  0x000001dbca1d9640 JavaThread "Cache worker for cache directory md-supplier (C:\Users\prath\.gradle\caches\9.3.1\md-supplier)" [_thread_blocked, id=19320, stack(0x0000005c30000000,0x0000005c30100000)]
  0x000001dbca1d8200 JavaThread "Cache worker for cache directory md-rule (C:\Users\prath\.gradle\caches\9.3.1\md-rule)" [_thread_blocked, id=27868, stack(0x0000005c30100000,0x0000005c30200000)]
  0x000001dbca1db4a0 JavaThread "jar transforms" [_thread_blocked, id=24224, stack(0x0000005c30400000,0x0000005c30500000)]
  0x000001dbca1d9b50 JavaThread "Cache worker for Build Output Cleanup Cache (D:\Training\project-a\projectvideo-app\projectvideo-frontend\node_modules\@react-native\gradle-plugin\.gradle\buildOutputCleanup)" [_thread_blocked, id=14704, stack(0x0000005c30500000,0x0000005c30600000)]
  0x000001dbca1db9b0 JavaThread "Unconstrained build operations" [_thread_blocked, id=22472, stack(0x0000005c30600000,0x0000005c30700000)]
  0x000001dbca1da060 JavaThread "Unconstrained build operations Thread 2" [_thread_blocked, id=15940, stack(0x0000005c30700000,0x0000005c30800000)]
  0x000001dbca1d9130 JavaThread "Unconstrained build operations Thread 3" [_thread_blocked, id=4004, stack(0x0000005c30800000,0x0000005c30900000)]
  0x000001dbca1daa80 JavaThread "Unconstrained build operations Thread 4" [_thread_blocked, id=13264, stack(0x0000005c30900000,0x0000005c30a00000)]
  0x000001dbca1dbec0 JavaThread "Unconstrained build operations Thread 5" [_thread_blocked, id=21828, stack(0x0000005c30a00000,0x0000005c30b00000)]
  0x000001dbca1d8710 JavaThread "Unconstrained build operations Thread 6" [_thread_blocked, id=27380, stack(0x0000005c30b00000,0x0000005c30c00000)]
  0x000001dbca1dd810 JavaThread "build event listener" [_thread_blocked, id=29660, stack(0x0000005c30d00000,0x0000005c30e00000)]
  0x000001dbca1de230 JavaThread "Memory manager" [_thread_blocked, id=22876, stack(0x0000005c30e00000,0x0000005c30f00000)]
  0x000001dbca1df160 JavaThread "Problems report writer" [_thread_blocked, id=19204, stack(0x0000005c30f00000,0x0000005c31000000)]
  0x000001dbca1ddd20 JavaThread "ForkJoinPool.commonPool-worker-1" daemon [_thread_blocked, id=2124, stack(0x0000005c31000000,0x0000005c31100000)]
  0x000001dbca1df670 JavaThread "ForkJoinPool.commonPool-worker-3" daemon [_thread_blocked, id=9428, stack(0x0000005c31200000,0x0000005c31300000)]
  0x000001dbca1dfb80 JavaThread "ForkJoinPool.commonPool-worker-4" daemon [_thread_blocked, id=28028, stack(0x0000005c31300000,0x0000005c31400000)]
  0x000001dbca1dec50 JavaThread "ForkJoinPool.commonPool-worker-5" daemon [_thread_blocked, id=28400, stack(0x0000005c31400000,0x0000005c31500000)]
  0x000001dbcef0df70 JavaThread "ForkJoinPool.commonPool-worker-6" daemon [_thread_blocked, id=21976, stack(0x0000005c31500000,0x0000005c31600000)]
  0x000001dbcef0e990 JavaThread "ForkJoinPool.commonPool-worker-8" daemon [_thread_blocked, id=2492, stack(0x0000005c31700000,0x0000005c31800000)]
  0x000001dbcef0eea0 JavaThread "ForkJoinPool.commonPool-worker-9" daemon [_thread_blocked, id=29628, stack(0x0000005c31800000,0x0000005c31900000)]
  0x000001dbcef0f3b0 JavaThread "ForkJoinPool.commonPool-worker-10" daemon [_thread_blocked, id=23108, stack(0x0000005c31900000,0x0000005c31a00000)]
  0x000001dbcef102e0 JavaThread "ForkJoinPool.commonPool-worker-11" daemon [_thread_blocked, id=26740, stack(0x0000005c31a00000,0x0000005c31b00000)]
  0x000001dbcef0cb30 JavaThread "Cache worker for execution history cache (D:\Training\project-a\projectvideo-app\projectvideo-frontend\node_modules\@react-native\gradle-plugin\.gradle\9.3.1\executionHistory)" [_thread_blocked, id=28808, stack(0x0000005c31f00000,0x0000005c32000000)]
  0x000001dbcef107f0 JavaThread "Unconstrained build operations Thread 7" [_thread_blocked, id=25268, stack(0x0000005c32000000,0x0000005c32100000)]
  0x000001dbcef0d550 JavaThread "Unconstrained build operations Thread 8" [_thread_blocked, id=25480, stack(0x0000005c32100000,0x0000005c32200000)]
  0x000001dbcef13070 JavaThread "Unconstrained build operations Thread 9" [_thread_blocked, id=23940, stack(0x0000005c32200000,0x0000005c32300000)]
  0x000001dbcef12140 JavaThread "Unconstrained build operations Thread 10" [_thread_blocked, id=18508, stack(0x0000005c32300000,0x0000005c32400000)]
  0x000001dbcef13580 JavaThread "jar transforms Thread 2" [_thread_blocked, id=23708, stack(0x0000005c32500000,0x0000005c32600000)]
  0x000001dbcef11720 JavaThread "jar transforms Thread 3" [_thread_blocked, id=30008, stack(0x0000005c32700000,0x0000005c32800000)]
  0x000001dbcef11c30 JavaThread "jar transforms Thread 4" [_thread_blocked, id=6884, stack(0x0000005c32600000,0x0000005c32700000)]
  0x000001dbcef144b0 JavaThread "jar transforms Thread 5" [_thread_blocked, id=10748, stack(0x0000005c32900000,0x0000005c32a00000)]
  0x000001dbca4d14b0 JavaThread "jar transforms Thread 6" [_thread_blocked, id=26700, stack(0x0000005c32a00000,0x0000005c32b00000)]
  0x000001dbca4d19c0 JavaThread "build event listener" [_thread_blocked, id=30400, stack(0x0000005c2cc00000,0x0000005c2cd00000)]
  0x000001dbca4cf140 JavaThread "jar transforms Thread 7" [_thread_blocked, id=24344, stack(0x0000005c2cd00000,0x0000005c2ce00000)]
  0x000001dbca4d3d30 JavaThread "jar transforms Thread 8" [_thread_blocked, id=29192, stack(0x0000005c2ce00000,0x0000005c2cf00000)]
  0x000001dbca4d5680 JavaThread "jar transforms Thread 9" [_thread_blocked, id=22740, stack(0x0000005c31600000,0x0000005c31700000)]
  0x000001dbca4d5170 JavaThread "jar transforms Thread 10" [_thread_blocked, id=20148, stack(0x0000005c31b00000,0x0000005c31c00000)]
  0x000001dbca4d4240 JavaThread "jar transforms Thread 11" [_thread_blocked, id=3032, stack(0x0000005c31c00000,0x0000005c31d00000)]
  0x000001dbca4d3820 JavaThread "jar transforms Thread 12" [_thread_blocked, id=17508, stack(0x0000005c31d00000,0x0000005c31e00000)]
  0x000001dbca4d4c60 JavaThread "File lock release action executor" [_thread_blocked, id=3236, stack(0x0000005c31e00000,0x0000005c31f00000)]
  0x000001dbcef0da60 JavaThread "Exec process" [_thread_blocked, id=12868, stack(0x0000005c31100000,0x0000005c31200000)]
  0x000001dbcef0f8c0 JavaThread "Exec process Thread 2" [_thread_blocked, id=19876, stack(0x0000005c32400000,0x0000005c32500000)]
  0x000001dbcef0fdd0 JavaThread "Exec process Thread 3" [_thread_blocked, id=25224, stack(0x0000005c32800000,0x0000005c32900000)]
  0x000001dbcef0d040 JavaThread "ForkJoinPool.commonPool-worker-12" daemon [_thread_blocked, id=16136, stack(0x0000005c32b00000,0x0000005c32c00000)]
  0x000001dbcef13a90 JavaThread "ForkJoinPool.commonPool-worker-13" daemon [_thread_blocked, id=29464, stack(0x0000005c32c00000,0x0000005c32d00000)]
  0x000001dbcf544160 JavaThread "pool-3-thread-1" [_thread_blocked, id=30320, stack(0x0000005c32d00000,0x0000005c32e00000)]
  0x000001dbcf544b80 JavaThread "build event listener" [_thread_blocked, id=5880, stack(0x0000005c32e00000,0x0000005c32f00000)]
  0x000001dbcf543c50 JavaThread "included builds Thread 2" [_thread_in_vm, id=29960, stack(0x0000005c32f00000,0x0000005c33000000)]
  0x000001dbcf544670 JavaThread "Cache worker for execution history cache (D:\Training\project-a\projectvideo-app\projectvideo-frontend\android\.gradle\9.3.1\executionHistory)" [_thread_blocked, id=17092, stack(0x0000005c33000000,0x0000005c33100000)]
  0x000001dbcd44b810 JavaThread "C2 CompilerThread1" daemon [_thread_in_native, id=21516, stack(0x0000005c33100000,0x0000005c33200000)]

Other Threads:
  0x000001dbaae63a10 VMThread "VM Thread" [stack: 0x0000005c2d500000,0x0000005c2d600000] [id=26736]
  0x000001db8d978460 WatcherThread [stack: 0x0000005c2e100000,0x0000005c2e200000] [id=22132]
  0x000001db8d9c6c60 GCTaskThread "GC Thread#0" [stack: 0x0000005c2d000000,0x0000005c2d100000] [id=9708]
  0x000001dbca468320 GCTaskThread "GC Thread#1" [stack: 0x0000005c2e200000,0x0000005c2e300000] [id=20140]
  0x000001dbca281cc0 GCTaskThread "GC Thread#2" [stack: 0x0000005c2e300000,0x0000005c2e400000] [id=27996]
  0x000001dbcaacaea0 GCTaskThread "GC Thread#3" [stack: 0x0000005c2e400000,0x0000005c2e500000] [id=29592]
  0x000001dbcaacc250 GCTaskThread "GC Thread#4" [stack: 0x0000005c2e500000,0x0000005c2e600000] [id=24648]
  0x000001dbcaacbf80 GCTaskThread "GC Thread#5" [stack: 0x0000005c2f000000,0x0000005c2f100000] [id=30156]
  0x000001dbcaaca900 GCTaskThread "GC Thread#6" [stack: 0x0000005c2f100000,0x0000005c2f200000] [id=24392]
  0x000001dbcaaca630 GCTaskThread "GC Thread#7" [stack: 0x0000005c2f200000,0x0000005c2f300000] [id=28624]
  0x000001dbcaacb440 GCTaskThread "GC Thread#8" [stack: 0x0000005c2f300000,0x0000005c2f400000] [id=21572]
  0x000001dbcb47a880 GCTaskThread "GC Thread#9" [stack: 0x0000005c2f400000,0x0000005c2f500000] [id=13616]
  0x000001db8d9d3ad0 ConcurrentGCThread "G1 Main Marker" [stack: 0x0000005c2d100000,0x0000005c2d200000] [id=28280]
  0x000001db8d9d50d0 ConcurrentGCThread "G1 Conc#0" [stack: 0x0000005c2d200000,0x0000005c2d300000] [id=10012]
  0x000001dbcb47ae20 ConcurrentGCThread "G1 Conc#1" [stack: 0x0000005c2f800000,0x0000005c2f900000] [id=19888]
  0x000001dbcb47c4a0 ConcurrentGCThread "G1 Conc#2" [stack: 0x0000005c2f900000,0x0000005c2fa00000] [id=16212]
  0x000001dbaad20100 ConcurrentGCThread "G1 Refine#0" [stack: 0x0000005c2d300000,0x0000005c2d400000] [id=23048]
  0x000001dbcb4d6c70 ConcurrentGCThread "G1 Refine#1" [stack: 0x0000005c30200000,0x0000005c30300000] [id=28836]
  0x000001dbcb4d7270 ConcurrentGCThread "G1 Refine#2" [stack: 0x0000005c30300000,0x0000005c30400000] [id=28188]
  0x000001dbaad20400 ConcurrentGCThread "G1 Service" [stack: 0x0000005c2d400000,0x0000005c2d500000] [id=29352]

Threads with active compile tasks:
C2 CompilerThread0  196547 18389       4       org.gradle.internal.snapshot.AbstractStorePathRelationshipHandler::handleAsDescendantOfChild (24 bytes)
C2 CompilerThread1  196547 18473       4       java.io.DataInputStream::readUTF (501 bytes)

VM state: not at safepoint (normal execution)

VM Mutex/Monitor currently owned by a thread: None

Heap address: 0x00000000a0000000, size: 1536 MB, Compressed Oops mode: 32-bit

CDS archive(s) mapped at: [0x000001dbab000000-0x000001dbabbb0000-0x000001dbabbb0000), size 12255232, SharedBaseAddress: 0x000001dbab000000, ArchiveRelocationMode: 1.
Compressed class space mapped at: 0x000001dbac000000-0x000001dbc6000000, reserved size: 436207616
Narrow klass base: 0x000001dbab000000, Narrow klass shift: 0, Narrow klass range: 0x100000000

GC Precious Log:
 CPUs: 12 total, 12 available
 Memory: 5989M
 Large Page Support: Disabled
 NUMA Support: Disabled
 Compressed Oops: Enabled (32-bit)
 Heap Region Size: 1M
 Heap Min Capacity: 8M
 Heap Initial Capacity: 94M
 Heap Max Capacity: 1536M
 Pre-touch: Disabled
 Parallel Workers: 10
 Concurrent Workers: 3
 Concurrent Refinement Workers: 10
 Periodic GC: Disabled

Heap:
 garbage-first heap   total 394240K, used 269377K [0x00000000a0000000, 0x0000000100000000)
  region size 1024K, 49 young (50176K), 3 survivors (3072K)
 Metaspace       used 118603K, committed 120192K, reserved 557056K
  class space    used 16275K, committed 17024K, reserved 425984K

Heap Regions: E=young(eden), S=young(survivor), O=old, HS=humongous(starts), HC=humongous(continues), CS=collection set, F=free, OA=open archive, CA=closed archive, TAMS=top-at-mark-start (previous, next)
|   0|0x00000000a0000000, 0x00000000a0100000, 0x00000000a0100000|100%|HS|  |TAMS 0x00000000a0100000, 0x00000000a0000000| Complete 
|   1|0x00000000a0100000, 0x00000000a0200000, 0x00000000a0200000|100%|HC|  |TAMS 0x00000000a0200000, 0x00000000a0100000| Complete 
|   2|0x00000000a0200000, 0x00000000a0300000, 0x00000000a0300000|100%|HC|  |TAMS 0x00000000a0300000, 0x00000000a0200000| Complete 
|   3|0x00000000a0300000, 0x00000000a0400000, 0x00000000a0400000|100%|HC|  |TAMS 0x00000000a0400000, 0x00000000a0300000| Complete 
|   4|0x00000000a0400000, 0x00000000a0500000, 0x00000000a0500000|100%| O|  |TAMS 0x00000000a0500000, 0x00000000a0400000| Untracked 
|   5|0x00000000a0500000, 0x00000000a0600000, 0x00000000a0600000|100%| O|  |TAMS 0x00000000a0600000, 0x00000000a0500000| Untracked 
|   6|0x00000000a0600000, 0x00000000a0700000, 0x00000000a0700000|100%| O|  |TAMS 0x00000000a0700000, 0x00000000a0600000| Untracked 
|   7|0x00000000a0700000, 0x00000000a0800000, 0x00000000a0800000|100%|HS|  |TAMS 0x00000000a0800000, 0x00000000a0700000| Complete 
|   8|0x00000000a0800000, 0x00000000a0900000, 0x00000000a0900000|100%| O|  |TAMS 0x00000000a0900000, 0x00000000a0800000| Untracked 
|   9|0x00000000a0900000, 0x00000000a0a00000, 0x00000000a0a00000|100%| O|  |TAMS 0x00000000a0a00000, 0x00000000a0900000| Untracked 
|  10|0x00000000a0a00000, 0x00000000a0b00000, 0x00000000a0b00000|100%| O|  |TAMS 0x00000000a0b00000, 0x00000000a0a00000| Untracked 
|  11|0x00000000a0b00000, 0x00000000a0c00000, 0x00000000a0c00000|100%| O|  |TAMS 0x00000000a0c00000, 0x00000000a0b00000| Untracked 
|  12|0x00000000a0c00000, 0x00000000a0d00000, 0x00000000a0d00000|100%| O|  |TAMS 0x00000000a0d00000, 0x00000000a0c00000| Untracked 
|  13|0x00000000a0d00000, 0x00000000a0e00000, 0x00000000a0e00000|100%| O|  |TAMS 0x00000000a0e00000, 0x00000000a0d00000| Untracked 
|  14|0x00000000a0e00000, 0x00000000a0f00000, 0x00000000a0f00000|100%| O|  |TAMS 0x00000000a0f00000, 0x00000000a0e00000| Untracked 
|  15|0x00000000a0f00000, 0x00000000a1000000, 0x00000000a1000000|100%| O|  |TAMS 0x00000000a1000000, 0x00000000a0f00000| Untracked 
|  16|0x00000000a1000000, 0x00000000a1100000, 0x00000000a1100000|100%| O|  |TAMS 0x00000000a1100000, 0x00000000a1000000| Untracked 
|  17|0x00000000a1100000, 0x00000000a1200000, 0x00000000a1200000|100%| O|  |TAMS 0x00000000a1200000, 0x00000000a1100000| Untracked 
|  18|0x00000000a1200000, 0x00000000a1300000, 0x00000000a1300000|100%| O|  |TAMS 0x00000000a1300000, 0x00000000a1200000| Untracked 
|  19|0x00000000a1300000, 0x00000000a1400000, 0x00000000a1400000|100%| O|  |TAMS 0x00000000a1400000, 0x00000000a1300000| Untracked 
|  20|0x00000000a1400000, 0x00000000a1500000, 0x00000000a1500000|100%| O|  |TAMS 0x00000000a1500000, 0x00000000a1400000| Untracked 
|  21|0x00000000a1500000, 0x00000000a1600000, 0x00000000a1600000|100%| O|  |TAMS 0x00000000a1600000, 0x00000000a1500000| Untracked 
|  22|0x00000000a1600000, 0x00000000a16d5600, 0x00000000a1700000| 83%| O|  |TAMS 0x00000000a16d5600, 0x00000000a1600000| Untracked 
|  23|0x00000000a1700000, 0x00000000a1800000, 0x00000000a1800000|100%| O|  |TAMS 0x00000000a1800000, 0x00000000a1700000| Untracked 
|  24|0x00000000a1800000, 0x00000000a1900000, 0x00000000a1900000|100%| O|  |TAMS 0x00000000a1900000, 0x00000000a1800000| Untracked 
|  25|0x00000000a1900000, 0x00000000a1a00000, 0x00000000a1a00000|100%| O|  |TAMS 0x00000000a1a00000, 0x00000000a1900000| Untracked 
|  26|0x00000000a1a00000, 0x00000000a1b00000, 0x00000000a1b00000|100%| O|  |TAMS 0x00000000a1b00000, 0x00000000a1a00000| Untracked 
|  27|0x00000000a1b00000, 0x00000000a1c00000, 0x00000000a1c00000|100%| O|  |TAMS 0x00000000a1c00000, 0x00000000a1b00000| Untracked 
|  28|0x00000000a1c00000, 0x00000000a1d00000, 0x00000000a1d00000|100%| O|  |TAMS 0x00000000a1d00000, 0x00000000a1c00000| Untracked 
|  29|0x00000000a1d00000, 0x00000000a1e00000, 0x00000000a1e00000|100%| O|  |TAMS 0x00000000a1e00000, 0x00000000a1d00000| Untracked 
|  30|0x00000000a1e00000, 0x00000000a1f00000, 0x00000000a1f00000|100%| O|  |TAMS 0x00000000a1f00000, 0x00000000a1e00000| Untracked 
|  31|0x00000000a1f00000, 0x00000000a2000000, 0x00000000a2000000|100%| O|  |TAMS 0x00000000a2000000, 0x00000000a1f00000| Untracked 
|  32|0x00000000a2000000, 0x00000000a2100000, 0x00000000a2100000|100%| O|  |TAMS 0x00000000a2100000, 0x00000000a2000000| Untracked 
|  33|0x00000000a2100000, 0x00000000a2200000, 0x00000000a2200000|100%| O|  |TAMS 0x00000000a2200000, 0x00000000a2100000| Untracked 
|  34|0x00000000a2200000, 0x00000000a2300000, 0x00000000a2300000|100%| O|  |TAMS 0x00000000a2300000, 0x00000000a2200000| Untracked 
|  35|0x00000000a2300000, 0x00000000a2400000, 0x00000000a2400000|100%| O|  |TAMS 0x00000000a2400000, 0x00000000a2300000| Untracked 
|  36|0x00000000a2400000, 0x00000000a2500000, 0x00000000a2500000|100%| O|  |TAMS 0x00000000a2500000, 0x00000000a2400000| Untracked 
|  37|0x00000000a2500000, 0x00000000a2600000, 0x00000000a2600000|100%| O|  |TAMS 0x00000000a2600000, 0x00000000a2500000| Untracked 
|  38|0x00000000a2600000, 0x00000000a2700000, 0x00000000a2700000|100%| O|  |TAMS 0x00000000a2700000, 0x00000000a2600000| Untracked 
|  39|0x00000000a2700000, 0x00000000a2800000, 0x00000000a2800000|100%| O|  |TAMS 0x00000000a2800000, 0x00000000a2700000| Untracked 
|  40|0x00000000a2800000, 0x00000000a2900000, 0x00000000a2900000|100%| O|  |TAMS 0x00000000a2900000, 0x00000000a2800000| Untracked 
|  41|0x00000000a2900000, 0x00000000a2a00000, 0x00000000a2a00000|100%| O|  |TAMS 0x00000000a2a00000, 0x00000000a2900000| Untracked 
|  42|0x00000000a2a00000, 0x00000000a2b00000, 0x00000000a2b00000|100%|HS|  |TAMS 0x00000000a2a00000, 0x00000000a2a00000| Complete 
|  43|0x00000000a2b00000, 0x00000000a2c00000, 0x00000000a2c00000|100%|HS|  |TAMS 0x00000000a2b00000, 0x00000000a2b00000| Complete 
|  44|0x00000000a2c00000, 0x00000000a2d00000, 0x00000000a2d00000|100%| O|  |TAMS 0x00000000a2d00000, 0x00000000a2c00000| Untracked 
|  45|0x00000000a2d00000, 0x00000000a2e00000, 0x00000000a2e00000|100%|HS|  |TAMS 0x00000000a2e00000, 0x00000000a2d00000| Complete 
|  46|0x00000000a2e00000, 0x00000000a2f00000, 0x00000000a2f00000|100%|HC|  |TAMS 0x00000000a2f00000, 0x00000000a2e00000| Complete 
|  47|0x00000000a2f00000, 0x00000000a3000000, 0x00000000a3000000|100%|HC|  |TAMS 0x00000000a3000000, 0x00000000a2f00000| Complete 
|  48|0x00000000a3000000, 0x00000000a3100000, 0x00000000a3100000|100%|HS|  |TAMS 0x00000000a3100000, 0x00000000a3000000| Complete 
|  49|0x00000000a3100000, 0x00000000a3200000, 0x00000000a3200000|100%|HC|  |TAMS 0x00000000a3200000, 0x00000000a3100000| Complete 
|  50|0x00000000a3200000, 0x00000000a3300000, 0x00000000a3300000|100%|HC|  |TAMS 0x00000000a3300000, 0x00000000a3200000| Complete 
|  51|0x00000000a3300000, 0x00000000a3400000, 0x00000000a3400000|100%| O|  |TAMS 0x00000000a3400000, 0x00000000a3300000| Untracked 
|  52|0x00000000a3400000, 0x00000000a3500000, 0x00000000a3500000|100%| O|  |TAMS 0x00000000a3500000, 0x00000000a3400000| Untracked 
|  53|0x00000000a3500000, 0x00000000a3600000, 0x00000000a3600000|100%| O|  |TAMS 0x00000000a3600000, 0x00000000a3500000| Untracked 
|  54|0x00000000a3600000, 0x00000000a3700000, 0x00000000a3700000|100%| O|  |TAMS 0x00000000a3700000, 0x00000000a3600000| Untracked 
|  55|0x00000000a3700000, 0x00000000a3800000, 0x00000000a3800000|100%| O|  |TAMS 0x00000000a3800000, 0x00000000a3700000| Untracked 
|  56|0x00000000a3800000, 0x00000000a3900000, 0x00000000a3900000|100%| O|  |TAMS 0x00000000a3900000, 0x00000000a3800000| Untracked 
|  57|0x00000000a3900000, 0x00000000a3a00000, 0x00000000a3a00000|100%| O|  |TAMS 0x00000000a3a00000, 0x00000000a3900000| Untracked 
|  58|0x00000000a3a00000, 0x00000000a3b00000, 0x00000000a3b00000|100%| O|  |TAMS 0x00000000a3b00000, 0x00000000a3a00000| Untracked 
|  59|0x00000000a3b00000, 0x00000000a3c00000, 0x00000000a3c00000|100%| O|  |TAMS 0x00000000a3c00000, 0x00000000a3b00000| Untracked 
|  60|0x00000000a3c00000, 0x00000000a3d00000, 0x00000000a3d00000|100%| O|  |TAMS 0x00000000a3d00000, 0x00000000a3c00000| Untracked 
|  61|0x00000000a3d00000, 0x00000000a3e00000, 0x00000000a3e00000|100%| O|  |TAMS 0x00000000a3e00000, 0x00000000a3d00000| Untracked 
|  62|0x00000000a3e00000, 0x00000000a3f00000, 0x00000000a3f00000|100%| O|  |TAMS 0x00000000a3f00000, 0x00000000a3e00000| Untracked 
|  63|0x00000000a3f00000, 0x00000000a4000000, 0x00000000a4000000|100%| O|  |TAMS 0x00000000a4000000, 0x00000000a3f00000| Untracked 
|  64|0x00000000a4000000, 0x00000000a4100000, 0x00000000a4100000|100%| O|  |TAMS 0x00000000a4100000, 0x00000000a4000000| Untracked 
|  65|0x00000000a4100000, 0x00000000a4200000, 0x00000000a4200000|100%| O|  |TAMS 0x00000000a4200000, 0x00000000a4100000| Untracked 
|  66|0x00000000a4200000, 0x00000000a4300000, 0x00000000a4300000|100%| O|  |TAMS 0x00000000a4300000, 0x00000000a4200000| Untracked 
|  67|0x00000000a4300000, 0x00000000a4400000, 0x00000000a4400000|100%| O|  |TAMS 0x00000000a4400000, 0x00000000a4300000| Untracked 
|  68|0x00000000a4400000, 0x00000000a4500000, 0x00000000a4500000|100%| O|  |TAMS 0x00000000a4500000, 0x00000000a4400000| Untracked 
|  69|0x00000000a4500000, 0x00000000a4600000, 0x00000000a4600000|100%| O|  |TAMS 0x00000000a4600000, 0x00000000a4500000| Untracked 
|  70|0x00000000a4600000, 0x00000000a4700000, 0x00000000a4700000|100%| O|  |TAMS 0x00000000a4700000, 0x00000000a4600000| Untracked 
|  71|0x00000000a4700000, 0x00000000a4800000, 0x00000000a4800000|100%| O|  |TAMS 0x00000000a4800000, 0x00000000a4700000| Untracked 
|  72|0x00000000a4800000, 0x00000000a4900000, 0x00000000a4900000|100%| O|  |TAMS 0x00000000a4900000, 0x00000000a4800000| Untracked 
|  73|0x00000000a4900000, 0x00000000a4a00000, 0x00000000a4a00000|100%| O|  |TAMS 0x00000000a4a00000, 0x00000000a4900000| Untracked 
|  74|0x00000000a4a00000, 0x00000000a4b00000, 0x00000000a4b00000|100%| O|  |TAMS 0x00000000a4b00000, 0x00000000a4a00000| Untracked 
|  75|0x00000000a4b00000, 0x00000000a4c00000, 0x00000000a4c00000|100%| O|  |TAMS 0x00000000a4c00000, 0x00000000a4b00000| Untracked 
|  76|0x00000000a4c00000, 0x00000000a4d00000, 0x00000000a4d00000|100%|HS|  |TAMS 0x00000000a4d00000, 0x00000000a4c00000| Complete 
|  77|0x00000000a4d00000, 0x00000000a4e00000, 0x00000000a4e00000|100%|HS|  |TAMS 0x00000000a4e00000, 0x00000000a4d00000| Complete 
|  78|0x00000000a4e00000, 0x00000000a4f00000, 0x00000000a4f00000|100%|HS|  |TAMS 0x00000000a4f00000, 0x00000000a4e00000| Complete 
|  79|0x00000000a4f00000, 0x00000000a5000000, 0x00000000a5000000|100%|HS|  |TAMS 0x00000000a5000000, 0x00000000a4f00000| Complete 
|  80|0x00000000a5000000, 0x00000000a5100000, 0x00000000a5100000|100%|HS|  |TAMS 0x00000000a5100000, 0x00000000a5000000| Complete 
|  81|0x00000000a5100000, 0x00000000a5200000, 0x00000000a5200000|100%|HS|  |TAMS 0x00000000a5200000, 0x00000000a5100000| Complete 
|  82|0x00000000a5200000, 0x00000000a5300000, 0x00000000a5300000|100%| O|  |TAMS 0x00000000a5300000, 0x00000000a5200000| Untracked 
|  83|0x00000000a5300000, 0x00000000a5400000, 0x00000000a5400000|100%| O|  |TAMS 0x00000000a5400000, 0x00000000a5300000| Untracked 
|  84|0x00000000a5400000, 0x00000000a5500000, 0x00000000a5500000|100%| O|  |TAMS 0x00000000a5500000, 0x00000000a5400000| Untracked 
|  85|0x00000000a5500000, 0x00000000a5600000, 0x00000000a5600000|100%| O|  |TAMS 0x00000000a5600000, 0x00000000a5500000| Untracked 
|  86|0x00000000a5600000, 0x00000000a5700000, 0x00000000a5700000|100%| O|  |TAMS 0x00000000a5700000, 0x00000000a5600000| Untracked 
|  87|0x00000000a5700000, 0x00000000a5800000, 0x00000000a5800000|100%| O|  |TAMS 0x00000000a5800000, 0x00000000a5700000| Untracked 
|  88|0x00000000a5800000, 0x00000000a5900000, 0x00000000a5900000|100%| O|  |TAMS 0x00000000a5900000, 0x00000000a5800000| Untracked 
|  89|0x00000000a5900000, 0x00000000a5a00000, 0x00000000a5a00000|100%| O|  |TAMS 0x00000000a5a00000, 0x00000000a5900000| Untracked 
|  90|0x00000000a5a00000, 0x00000000a5b00000, 0x00000000a5b00000|100%| O|  |TAMS 0x00000000a5b00000, 0x00000000a5a00000| Untracked 
|  91|0x00000000a5b00000, 0x00000000a5c00000, 0x00000000a5c00000|100%| O|  |TAMS 0x00000000a5c00000, 0x00000000a5b00000| Untracked 
|  92|0x00000000a5c00000, 0x00000000a5d00000, 0x00000000a5d00000|100%| O|  |TAMS 0x00000000a5d00000, 0x00000000a5c00000| Untracked 
|  93|0x00000000a5d00000, 0x00000000a5e00000, 0x00000000a5e00000|100%| O|  |TAMS 0x00000000a5e00000, 0x00000000a5d00000| Untracked 
|  94|0x00000000a5e00000, 0x00000000a5f00000, 0x00000000a5f00000|100%| O|  |TAMS 0x00000000a5f00000, 0x00000000a5e00000| Untracked 
|  95|0x00000000a5f00000, 0x00000000a6000000, 0x00000000a6000000|100%| O|  |TAMS 0x00000000a6000000, 0x00000000a5f00000| Untracked 
|  96|0x00000000a6000000, 0x00000000a6100000, 0x00000000a6100000|100%| O|  |TAMS 0x00000000a6100000, 0x00000000a6000000| Untracked 
|  97|0x00000000a6100000, 0x00000000a6200000, 0x00000000a6200000|100%| O|  |TAMS 0x00000000a6200000, 0x00000000a6100000| Untracked 
|  98|0x00000000a6200000, 0x00000000a6300000, 0x00000000a6300000|100%| O|  |TAMS 0x00000000a6300000, 0x00000000a6200000| Untracked 
|  99|0x00000000a6300000, 0x00000000a6400000, 0x00000000a6400000|100%| O|  |TAMS 0x00000000a6400000, 0x00000000a6300000| Untracked 
| 100|0x00000000a6400000, 0x00000000a6500000, 0x00000000a6500000|100%|HS|  |TAMS 0x00000000a6500000, 0x00000000a6400000| Complete 
| 101|0x00000000a6500000, 0x00000000a6600000, 0x00000000a6600000|100%| O|  |TAMS 0x00000000a6600000, 0x00000000a6500000| Untracked 
| 102|0x00000000a6600000, 0x00000000a6700000, 0x00000000a6700000|100%| O|  |TAMS 0x00000000a6700000, 0x00000000a6600000| Untracked 
| 103|0x00000000a6700000, 0x00000000a6800000, 0x00000000a6800000|100%|HS|  |TAMS 0x00000000a6800000, 0x00000000a6700000| Complete 
| 104|0x00000000a6800000, 0x00000000a6900000, 0x00000000a6900000|100%|HC|  |TAMS 0x00000000a6900000, 0x00000000a6800000| Complete 
| 105|0x00000000a6900000, 0x00000000a6a00000, 0x00000000a6a00000|100%|HC|  |TAMS 0x00000000a6a00000, 0x00000000a6900000| Complete 
| 106|0x00000000a6a00000, 0x00000000a6b00000, 0x00000000a6b00000|100%| O|  |TAMS 0x00000000a6b00000, 0x00000000a6a00000| Untracked 
| 107|0x00000000a6b00000, 0x00000000a6c00000, 0x00000000a6c00000|100%| O|  |TAMS 0x00000000a6c00000, 0x00000000a6b00000| Untracked 
| 108|0x00000000a6c00000, 0x00000000a6d00000, 0x00000000a6d00000|100%| O|  |TAMS 0x00000000a6d00000, 0x00000000a6c00000| Untracked 
| 109|0x00000000a6d00000, 0x00000000a6e00000, 0x00000000a6e00000|100%| O|  |TAMS 0x00000000a6e00000, 0x00000000a6d00000| Untracked 
| 110|0x00000000a6e00000, 0x00000000a6f00000, 0x00000000a6f00000|100%| O|  |TAMS 0x00000000a6f00000, 0x00000000a6e00000| Untracked 
| 111|0x00000000a6f00000, 0x00000000a7000000, 0x00000000a7000000|100%| O|  |TAMS 0x00000000a7000000, 0x00000000a6f00000| Untracked 
| 112|0x00000000a7000000, 0x00000000a7100000, 0x00000000a7100000|100%| O|  |TAMS 0x00000000a7100000, 0x00000000a7000000| Untracked 
| 113|0x00000000a7100000, 0x00000000a7200000, 0x00000000a7200000|100%| O|  |TAMS 0x00000000a7200000, 0x00000000a7100000| Untracked 
| 114|0x00000000a7200000, 0x00000000a7300000, 0x00000000a7300000|100%| O|  |TAMS 0x00000000a7300000, 0x00000000a7200000| Untracked 
| 115|0x00000000a7300000, 0x00000000a7400000, 0x00000000a7400000|100%| O|  |TAMS 0x00000000a7400000, 0x00000000a7300000| Untracked 
| 116|0x00000000a7400000, 0x00000000a7500000, 0x00000000a7500000|100%| O|  |TAMS 0x00000000a7500000, 0x00000000a7400000| Untracked 
| 117|0x00000000a7500000, 0x00000000a7600000, 0x00000000a7600000|100%| O|  |TAMS 0x00000000a7600000, 0x00000000a7500000| Untracked 
| 118|0x00000000a7600000, 0x00000000a7700000, 0x00000000a7700000|100%| O|  |TAMS 0x00000000a7700000, 0x00000000a7600000| Untracked 
| 119|0x00000000a7700000, 0x00000000a7800000, 0x00000000a7800000|100%| O|  |TAMS 0x00000000a7800000, 0x00000000a7700000| Untracked 
| 120|0x00000000a7800000, 0x00000000a7900000, 0x00000000a7900000|100%| O|  |TAMS 0x00000000a7900000, 0x00000000a7800000| Untracked 
| 121|0x00000000a7900000, 0x00000000a7a00000, 0x00000000a7a00000|100%| O|  |TAMS 0x00000000a7a00000, 0x00000000a7900000| Untracked 
| 122|0x00000000a7a00000, 0x00000000a7b00000, 0x00000000a7b00000|100%| O|  |TAMS 0x00000000a7b00000, 0x00000000a7a00000| Untracked 
| 123|0x00000000a7b00000, 0x00000000a7c00000, 0x00000000a7c00000|100%| O|  |TAMS 0x00000000a7c00000, 0x00000000a7b00000| Untracked 
| 124|0x00000000a7c00000, 0x00000000a7d00000, 0x00000000a7d00000|100%| O|  |TAMS 0x00000000a7d00000, 0x00000000a7c00000| Untracked 
| 125|0x00000000a7d00000, 0x00000000a7e00000, 0x00000000a7e00000|100%| O|  |TAMS 0x00000000a7e00000, 0x00000000a7d00000| Untracked 
| 126|0x00000000a7e00000, 0x00000000a7f00000, 0x00000000a7f00000|100%| O|  |TAMS 0x00000000a7f00000, 0x00000000a7e00000| Untracked 
| 127|0x00000000a7f00000, 0x00000000a8000000, 0x00000000a8000000|100%| O|  |TAMS 0x00000000a8000000, 0x00000000a7f00000| Untracked 
| 128|0x00000000a8000000, 0x00000000a8100000, 0x00000000a8100000|100%| O|  |TAMS 0x00000000a8100000, 0x00000000a8000000| Untracked 
| 129|0x00000000a8100000, 0x00000000a8100000, 0x00000000a8200000|  0%| F|  |TAMS 0x00000000a8100000, 0x00000000a8100000| Untracked 
| 130|0x00000000a8200000, 0x00000000a8300000, 0x00000000a8300000|100%| O|  |TAMS 0x00000000a8300000, 0x00000000a8200000| Untracked 
| 131|0x00000000a8300000, 0x00000000a8400000, 0x00000000a8400000|100%| O|  |TAMS 0x00000000a8400000, 0x00000000a8300000| Untracked 
| 132|0x00000000a8400000, 0x00000000a8400000, 0x00000000a8500000|  0%| F|  |TAMS 0x00000000a8400000, 0x00000000a8400000| Untracked 
| 133|0x00000000a8500000, 0x00000000a8600000, 0x00000000a8600000|100%| O|  |TAMS 0x00000000a8600000, 0x00000000a8500000| Untracked 
| 134|0x00000000a8600000, 0x00000000a8600000, 0x00000000a8700000|  0%| F|  |TAMS 0x00000000a8600000, 0x00000000a8600000| Untracked 
| 135|0x00000000a8700000, 0x00000000a8800000, 0x00000000a8800000|100%| O|  |TAMS 0x00000000a8800000, 0x00000000a8700000| Untracked 
| 136|0x00000000a8800000, 0x00000000a8800000, 0x00000000a8900000|  0%| F|  |TAMS 0x00000000a8800000, 0x00000000a8800000| Untracked 
| 137|0x00000000a8900000, 0x00000000a8a00000, 0x00000000a8a00000|100%| O|  |TAMS 0x00000000a8a00000, 0x00000000a8900000| Untracked 
| 138|0x00000000a8a00000, 0x00000000a8b00000, 0x00000000a8b00000|100%|HS|  |TAMS 0x00000000a8b00000, 0x00000000a8a00000| Complete 
| 139|0x00000000a8b00000, 0x00000000a8c00000, 0x00000000a8c00000|100%|HS|  |TAMS 0x00000000a8c00000, 0x00000000a8b00000| Complete 
| 140|0x00000000a8c00000, 0x00000000a8d00000, 0x00000000a8d00000|100%|HC|  |TAMS 0x00000000a8d00000, 0x00000000a8c00000| Complete 
| 141|0x00000000a8d00000, 0x00000000a8e00000, 0x00000000a8e00000|100%|HS|  |TAMS 0x00000000a8e00000, 0x00000000a8d00000| Complete 
| 142|0x00000000a8e00000, 0x00000000a8f00000, 0x00000000a8f00000|100%|HS|  |TAMS 0x00000000a8f00000, 0x00000000a8e00000| Complete 
| 143|0x00000000a8f00000, 0x00000000a9000000, 0x00000000a9000000|100%|HS|  |TAMS 0x00000000a9000000, 0x00000000a8f00000| Complete 
| 144|0x00000000a9000000, 0x00000000a9100000, 0x00000000a9100000|100%|HC|  |TAMS 0x00000000a9100000, 0x00000000a9000000| Complete 
| 145|0x00000000a9100000, 0x00000000a9200000, 0x00000000a9200000|100%|HC|  |TAMS 0x00000000a9200000, 0x00000000a9100000| Complete 
| 146|0x00000000a9200000, 0x00000000a9300000, 0x00000000a9300000|100%|HC|  |TAMS 0x00000000a9300000, 0x00000000a9200000| Complete 
| 147|0x00000000a9300000, 0x00000000a9400000, 0x00000000a9400000|100%|HS|  |TAMS 0x00000000a9400000, 0x00000000a9300000| Complete 
| 148|0x00000000a9400000, 0x00000000a9500000, 0x00000000a9500000|100%| O|  |TAMS 0x00000000a9500000, 0x00000000a9400000| Untracked 
| 149|0x00000000a9500000, 0x00000000a9600000, 0x00000000a9600000|100%| O|  |TAMS 0x00000000a9600000, 0x00000000a9500000| Untracked 
| 150|0x00000000a9600000, 0x00000000a9700000, 0x00000000a9700000|100%| O|  |TAMS 0x00000000a9700000, 0x00000000a9600000| Untracked 
| 151|0x00000000a9700000, 0x00000000a9800000, 0x00000000a9800000|100%| O|  |TAMS 0x00000000a9800000, 0x00000000a9700000| Untracked 
| 152|0x00000000a9800000, 0x00000000a9900000, 0x00000000a9900000|100%| O|  |TAMS 0x00000000a9900000, 0x00000000a9800000| Untracked 
| 153|0x00000000a9900000, 0x00000000a9a00000, 0x00000000a9a00000|100%| O|  |TAMS 0x00000000a9a00000, 0x00000000a9900000| Untracked 
| 154|0x00000000a9a00000, 0x00000000a9b00000, 0x00000000a9b00000|100%| O|  |TAMS 0x00000000a9b00000, 0x00000000a9a00000| Untracked 
| 155|0x00000000a9b00000, 0x00000000a9c00000, 0x00000000a9c00000|100%| O|  |TAMS 0x00000000a9c00000, 0x00000000a9b00000| Untracked 
| 156|0x00000000a9c00000, 0x00000000a9d00000, 0x00000000a9d00000|100%| O|  |TAMS 0x00000000a9d00000, 0x00000000a9c00000| Untracked 
| 157|0x00000000a9d00000, 0x00000000a9e00000, 0x00000000a9e00000|100%| O|  |TAMS 0x00000000a9e00000, 0x00000000a9d00000| Untracked 
| 158|0x00000000a9e00000, 0x00000000a9f00000, 0x00000000a9f00000|100%| O|  |TAMS 0x00000000a9f00000, 0x00000000a9e00000| Untracked 
| 159|0x00000000a9f00000, 0x00000000aa000000, 0x00000000aa000000|100%| O|  |TAMS 0x00000000aa000000, 0x00000000a9f00000| Untracked 
| 160|0x00000000aa000000, 0x00000000aa100000, 0x00000000aa100000|100%| O|  |TAMS 0x00000000aa100000, 0x00000000aa000000| Untracked 
| 161|0x00000000aa100000, 0x00000000aa200000, 0x00000000aa200000|100%|HS|  |TAMS 0x00000000aa200000, 0x00000000aa100000| Complete 
| 162|0x00000000aa200000, 0x00000000aa300000, 0x00000000aa300000|100%|HS|  |TAMS 0x00000000aa300000, 0x00000000aa200000| Complete 
| 163|0x00000000aa300000, 0x00000000aa400000, 0x00000000aa400000|100%| O|  |TAMS 0x00000000aa400000, 0x00000000aa300000| Untracked 
| 164|0x00000000aa400000, 0x00000000aa500000, 0x00000000aa500000|100%|HS|  |TAMS 0x00000000aa500000, 0x00000000aa400000| Complete 
| 165|0x00000000aa500000, 0x00000000aa600000, 0x00000000aa600000|100%|HC|  |TAMS 0x00000000aa600000, 0x00000000aa500000| Complete 
| 166|0x00000000aa600000, 0x00000000aa700000, 0x00000000aa700000|100%| O|  |TAMS 0x00000000aa700000, 0x00000000aa600000| Untracked 
| 167|0x00000000aa700000, 0x00000000aa800000, 0x00000000aa800000|100%| O|  |TAMS 0x00000000aa800000, 0x00000000aa700000| Untracked 
| 168|0x00000000aa800000, 0x00000000aa900000, 0x00000000aa900000|100%| O|  |TAMS 0x00000000aa900000, 0x00000000aa800000| Untracked 
| 169|0x00000000aa900000, 0x00000000aaa00000, 0x00000000aaa00000|100%| O|  |TAMS 0x00000000aaa00000, 0x00000000aa900000| Untracked 
| 170|0x00000000aaa00000, 0x00000000aab00000, 0x00000000aab00000|100%| O|  |TAMS 0x00000000aab00000, 0x00000000aaa00000| Untracked 
| 171|0x00000000aab00000, 0x00000000aac00000, 0x00000000aac00000|100%| O|  |TAMS 0x00000000aac00000, 0x00000000aab00000| Untracked 
| 172|0x00000000aac00000, 0x00000000aad00000, 0x00000000aad00000|100%| O|  |TAMS 0x00000000aad00000, 0x00000000aac00000| Untracked 
| 173|0x00000000aad00000, 0x00000000aae00000, 0x00000000aae00000|100%| O|  |TAMS 0x00000000aae00000, 0x00000000aad00000| Untracked 
| 174|0x00000000aae00000, 0x00000000aaf00000, 0x00000000aaf00000|100%| O|  |TAMS 0x00000000aaf00000, 0x00000000aae00000| Untracked 
| 175|0x00000000aaf00000, 0x00000000ab000000, 0x00000000ab000000|100%| O|  |TAMS 0x00000000ab000000, 0x00000000aaf00000| Untracked 
| 176|0x00000000ab000000, 0x00000000ab100000, 0x00000000ab100000|100%| O|  |TAMS 0x00000000ab100000, 0x00000000ab000000| Untracked 
| 177|0x00000000ab100000, 0x00000000ab200000, 0x00000000ab200000|100%| O|  |TAMS 0x00000000ab200000, 0x00000000ab100000| Untracked 
| 178|0x00000000ab200000, 0x00000000ab300000, 0x00000000ab300000|100%| O|  |TAMS 0x00000000ab300000, 0x00000000ab200000| Untracked 
| 179|0x00000000ab300000, 0x00000000ab400000, 0x00000000ab400000|100%| O|  |TAMS 0x00000000ab400000, 0x00000000ab300000| Untracked 
| 180|0x00000000ab400000, 0x00000000ab400000, 0x00000000ab500000|  0%| F|  |TAMS 0x00000000ab400000, 0x00000000ab400000| Untracked 
| 181|0x00000000ab500000, 0x00000000ab500000, 0x00000000ab600000|  0%| F|  |TAMS 0x00000000ab500000, 0x00000000ab500000| Untracked 
| 182|0x00000000ab600000, 0x00000000ab700000, 0x00000000ab700000|100%| O|  |TAMS 0x00000000ab700000, 0x00000000ab600000| Untracked 
| 183|0x00000000ab700000, 0x00000000ab800000, 0x00000000ab800000|100%| O|  |TAMS 0x00000000ab800000, 0x00000000ab700000| Untracked 
| 184|0x00000000ab800000, 0x00000000ab900000, 0x00000000ab900000|100%| O|  |TAMS 0x00000000ab900000, 0x00000000ab800000| Untracked 
| 185|0x00000000ab900000, 0x00000000aba00000, 0x00000000aba00000|100%| O|  |TAMS 0x00000000aba00000, 0x00000000ab900000| Untracked 
| 186|0x00000000aba00000, 0x00000000aba00000, 0x00000000abb00000|  0%| F|  |TAMS 0x00000000aba00000, 0x00000000aba00000| Untracked 
| 187|0x00000000abb00000, 0x00000000abc00000, 0x00000000abc00000|100%| O|  |TAMS 0x00000000abc00000, 0x00000000abb00000| Untracked 
| 188|0x00000000abc00000, 0x00000000abd00000, 0x00000000abd00000|100%| O|  |TAMS 0x00000000abd00000, 0x00000000abc00000| Untracked 
| 189|0x00000000abd00000, 0x00000000abe00000, 0x00000000abe00000|100%| O|  |TAMS 0x00000000abe00000, 0x00000000abd00000| Untracked 
| 190|0x00000000abe00000, 0x00000000abf00000, 0x00000000abf00000|100%| O|  |TAMS 0x00000000abf00000, 0x00000000abe00000| Untracked 
| 191|0x00000000abf00000, 0x00000000ac000000, 0x00000000ac000000|100%| O|  |TAMS 0x00000000ac000000, 0x00000000abf00000| Untracked 
| 192|0x00000000ac000000, 0x00000000ac100000, 0x00000000ac100000|100%| O|  |TAMS 0x00000000ac100000, 0x00000000ac000000| Untracked 
| 193|0x00000000ac100000, 0x00000000ac200000, 0x00000000ac200000|100%| O|  |TAMS 0x00000000ac200000, 0x00000000ac100000| Untracked 
| 194|0x00000000ac200000, 0x00000000ac300000, 0x00000000ac300000|100%| O|  |TAMS 0x00000000ac300000, 0x00000000ac200000| Untracked 
| 195|0x00000000ac300000, 0x00000000ac400000, 0x00000000ac400000|100%| O|  |TAMS 0x00000000ac400000, 0x00000000ac300000| Untracked 
| 196|0x00000000ac400000, 0x00000000ac500000, 0x00000000ac500000|100%| O|  |TAMS 0x00000000ac500000, 0x00000000ac400000| Untracked 
| 197|0x00000000ac500000, 0x00000000ac600000, 0x00000000ac600000|100%| O|  |TAMS 0x00000000ac600000, 0x00000000ac500000| Untracked 
| 198|0x00000000ac600000, 0x00000000ac600000, 0x00000000ac700000|  0%| F|  |TAMS 0x00000000ac600000, 0x00000000ac600000| Untracked 
| 199|0x00000000ac700000, 0x00000000ac800000, 0x00000000ac800000|100%| O|  |TAMS 0x00000000ac800000, 0x00000000ac700000| Untracked 
| 200|0x00000000ac800000, 0x00000000ac900000, 0x00000000ac900000|100%| O|  |TAMS 0x00000000ac900000, 0x00000000ac800000| Untracked 
| 201|0x00000000ac900000, 0x00000000aca00000, 0x00000000aca00000|100%| O|  |TAMS 0x00000000aca00000, 0x00000000ac900000| Untracked 
| 202|0x00000000aca00000, 0x00000000acb00000, 0x00000000acb00000|100%| O|  |TAMS 0x00000000acb00000, 0x00000000aca00000| Untracked 
| 203|0x00000000acb00000, 0x00000000acc00000, 0x00000000acc00000|100%| O|  |TAMS 0x00000000acc00000, 0x00000000acb00000| Untracked 
| 204|0x00000000acc00000, 0x00000000acd00000, 0x00000000acd00000|100%| O|  |TAMS 0x00000000acd00000, 0x00000000acc00000| Untracked 
| 205|0x00000000acd00000, 0x00000000ace00000, 0x00000000ace00000|100%| O|  |TAMS 0x00000000ace00000, 0x00000000acd00000| Untracked 
| 206|0x00000000ace00000, 0x00000000acf00000, 0x00000000acf00000|100%| O|  |TAMS 0x00000000acf00000, 0x00000000ace00000| Untracked 
| 207|0x00000000acf00000, 0x00000000ad000000, 0x00000000ad000000|100%| O|  |TAMS 0x00000000ad000000, 0x00000000acf00000| Untracked 
| 208|0x00000000ad000000, 0x00000000ad100000, 0x00000000ad100000|100%| O|  |TAMS 0x00000000ad100000, 0x00000000ad000000| Untracked 
| 209|0x00000000ad100000, 0x00000000ad200000, 0x00000000ad200000|100%| O|  |TAMS 0x00000000ad200000, 0x00000000ad100000| Untracked 
| 210|0x00000000ad200000, 0x00000000ad200000, 0x00000000ad300000|  0%| F|  |TAMS 0x00000000ad200000, 0x00000000ad200000| Untracked 
| 211|0x00000000ad300000, 0x00000000ad300000, 0x00000000ad400000|  0%| F|  |TAMS 0x00000000ad300000, 0x00000000ad300000| Untracked 
| 212|0x00000000ad400000, 0x00000000ad400000, 0x00000000ad500000|  0%| F|  |TAMS 0x00000000ad400000, 0x00000000ad400000| Untracked 
| 213|0x00000000ad500000, 0x00000000ad500000, 0x00000000ad600000|  0%| F|  |TAMS 0x00000000ad500000, 0x00000000ad500000| Untracked 
| 214|0x00000000ad600000, 0x00000000ad700000, 0x00000000ad700000|100%| O|  |TAMS 0x00000000ad700000, 0x00000000ad600000| Untracked 
| 215|0x00000000ad700000, 0x00000000ad800000, 0x00000000ad800000|100%| O|  |TAMS 0x00000000ad800000, 0x00000000ad700000| Untracked 
| 216|0x00000000ad800000, 0x00000000ad800000, 0x00000000ad900000|  0%| F|  |TAMS 0x00000000ad800000, 0x00000000ad800000| Untracked 
| 217|0x00000000ad900000, 0x00000000ad900000, 0x00000000ada00000|  0%| F|  |TAMS 0x00000000ad900000, 0x00000000ad900000| Untracked 
| 218|0x00000000ada00000, 0x00000000adb00000, 0x00000000adb00000|100%| O|  |TAMS 0x00000000adb00000, 0x00000000ada00000| Untracked 
| 219|0x00000000adb00000, 0x00000000adb00000, 0x00000000adc00000|  0%| F|  |TAMS 0x00000000adb00000, 0x00000000adb00000| Untracked 
| 220|0x00000000adc00000, 0x00000000adc00000, 0x00000000add00000|  0%| F|  |TAMS 0x00000000adc00000, 0x00000000adc00000| Untracked 
| 221|0x00000000add00000, 0x00000000add00000, 0x00000000ade00000|  0%| F|  |TAMS 0x00000000add00000, 0x00000000add00000| Untracked 
| 222|0x00000000ade00000, 0x00000000ade00000, 0x00000000adf00000|  0%| F|  |TAMS 0x00000000ade00000, 0x00000000ade00000| Untracked 
| 223|0x00000000adf00000, 0x00000000ae000000, 0x00000000ae000000|100%| O|  |TAMS 0x00000000adf2b400, 0x00000000adf00000| Untracked 
| 224|0x00000000ae000000, 0x00000000ae100000, 0x00000000ae100000|100%| O|  |TAMS 0x00000000ae000000, 0x00000000ae000000| Untracked 
| 225|0x00000000ae100000, 0x00000000ae200000, 0x00000000ae200000|100%| O|  |TAMS 0x00000000ae100000, 0x00000000ae100000| Untracked 
| 226|0x00000000ae200000, 0x00000000ae300000, 0x00000000ae300000|100%| O|  |TAMS 0x00000000ae200000, 0x00000000ae200000| Untracked 
| 227|0x00000000ae300000, 0x00000000ae400000, 0x00000000ae400000|100%| O|  |TAMS 0x00000000ae300000, 0x00000000ae300000| Untracked 
| 228|0x00000000ae400000, 0x00000000ae500000, 0x00000000ae500000|100%| O|  |TAMS 0x00000000ae400000, 0x00000000ae400000| Untracked 
| 229|0x00000000ae500000, 0x00000000ae600000, 0x00000000ae600000|100%| O|  |TAMS 0x00000000ae500000, 0x00000000ae500000| Untracked 
| 230|0x00000000ae600000, 0x00000000ae700000, 0x00000000ae700000|100%| O|  |TAMS 0x00000000ae600000, 0x00000000ae600000| Untracked 
| 231|0x00000000ae700000, 0x00000000ae800000, 0x00000000ae800000|100%| O|  |TAMS 0x00000000ae700000, 0x00000000ae700000| Untracked 
| 232|0x00000000ae800000, 0x00000000ae900000, 0x00000000ae900000|100%| O|  |TAMS 0x00000000ae800000, 0x00000000ae800000| Untracked 
| 233|0x00000000ae900000, 0x00000000ae9b7c00, 0x00000000aea00000| 71%| O|  |TAMS 0x00000000ae900000, 0x00000000ae900000| Untracked 
| 234|0x00000000aea00000, 0x00000000aea00000, 0x00000000aeb00000|  0%| F|  |TAMS 0x00000000aea00000, 0x00000000aea00000| Untracked 
| 235|0x00000000aeb00000, 0x00000000aeb00000, 0x00000000aec00000|  0%| F|  |TAMS 0x00000000aeb00000, 0x00000000aeb00000| Untracked 
| 236|0x00000000aec00000, 0x00000000aec00000, 0x00000000aed00000|  0%| F|  |TAMS 0x00000000aec00000, 0x00000000aec00000| Untracked 
| 237|0x00000000aed00000, 0x00000000aed00000, 0x00000000aee00000|  0%| F|  |TAMS 0x00000000aed00000, 0x00000000aed00000| Untracked 
| 238|0x00000000aee00000, 0x00000000aee00000, 0x00000000aef00000|  0%| F|  |TAMS 0x00000000aee00000, 0x00000000aee00000| Untracked 
| 239|0x00000000aef00000, 0x00000000aef00000, 0x00000000af000000|  0%| F|  |TAMS 0x00000000aef00000, 0x00000000aef00000| Untracked 
| 240|0x00000000af000000, 0x00000000af000000, 0x00000000af100000|  0%| F|  |TAMS 0x00000000af000000, 0x00000000af000000| Untracked 
| 241|0x00000000af100000, 0x00000000af100000, 0x00000000af200000|  0%| F|  |TAMS 0x00000000af100000, 0x00000000af100000| Untracked 
| 242|0x00000000af200000, 0x00000000af200000, 0x00000000af300000|  0%| F|  |TAMS 0x00000000af200000, 0x00000000af200000| Untracked 
| 243|0x00000000af300000, 0x00000000af300000, 0x00000000af400000|  0%| F|  |TAMS 0x00000000af300000, 0x00000000af300000| Untracked 
| 244|0x00000000af400000, 0x00000000af400000, 0x00000000af500000|  0%| F|  |TAMS 0x00000000af400000, 0x00000000af400000| Untracked 
| 245|0x00000000af500000, 0x00000000af500000, 0x00000000af600000|  0%| F|  |TAMS 0x00000000af500000, 0x00000000af500000| Untracked 
| 246|0x00000000af600000, 0x00000000af600000, 0x00000000af700000|  0%| F|  |TAMS 0x00000000af600000, 0x00000000af600000| Untracked 
| 247|0x00000000af700000, 0x00000000af700000, 0x00000000af800000|  0%| F|  |TAMS 0x00000000af700000, 0x00000000af700000| Untracked 
| 248|0x00000000af800000, 0x00000000af800000, 0x00000000af900000|  0%| F|  |TAMS 0x00000000af800000, 0x00000000af800000| Untracked 
| 249|0x00000000af900000, 0x00000000af900000, 0x00000000afa00000|  0%| F|  |TAMS 0x00000000af900000, 0x00000000af900000| Untracked 
| 250|0x00000000afa00000, 0x00000000afa00000, 0x00000000afb00000|  0%| F|  |TAMS 0x00000000afa00000, 0x00000000afa00000| Untracked 
| 251|0x00000000afb00000, 0x00000000afb00000, 0x00000000afc00000|  0%| F|  |TAMS 0x00000000afb00000, 0x00000000afb00000| Untracked 
| 252|0x00000000afc00000, 0x00000000afc00000, 0x00000000afd00000|  0%| F|  |TAMS 0x00000000afc00000, 0x00000000afc00000| Untracked 
| 253|0x00000000afd00000, 0x00000000afd00000, 0x00000000afe00000|  0%| F|  |TAMS 0x00000000afd00000, 0x00000000afd00000| Untracked 
| 254|0x00000000afe00000, 0x00000000afe00000, 0x00000000aff00000|  0%| F|  |TAMS 0x00000000afe00000, 0x00000000afe00000| Untracked 
| 255|0x00000000aff00000, 0x00000000aff00000, 0x00000000b0000000|  0%| F|  |TAMS 0x00000000aff00000, 0x00000000aff00000| Untracked 
| 256|0x00000000b0000000, 0x00000000b0000000, 0x00000000b0100000|  0%| F|  |TAMS 0x00000000b0000000, 0x00000000b0000000| Untracked 
| 257|0x00000000b0100000, 0x00000000b0100000, 0x00000000b0200000|  0%| F|  |TAMS 0x00000000b0100000, 0x00000000b0100000| Untracked 
| 258|0x00000000b0200000, 0x00000000b0200000, 0x00000000b0300000|  0%| F|  |TAMS 0x00000000b0200000, 0x00000000b0200000| Untracked 
| 259|0x00000000b0300000, 0x00000000b0300000, 0x00000000b0400000|  0%| F|  |TAMS 0x00000000b0300000, 0x00000000b0300000| Untracked 
| 260|0x00000000b0400000, 0x00000000b0400000, 0x00000000b0500000|  0%| F|  |TAMS 0x00000000b0400000, 0x00000000b0400000| Untracked 
| 261|0x00000000b0500000, 0x00000000b0500000, 0x00000000b0600000|  0%| F|  |TAMS 0x00000000b0500000, 0x00000000b0500000| Untracked 
| 262|0x00000000b0600000, 0x00000000b0600000, 0x00000000b0700000|  0%| F|  |TAMS 0x00000000b0600000, 0x00000000b0600000| Untracked 
| 263|0x00000000b0700000, 0x00000000b0700000, 0x00000000b0800000|  0%| F|  |TAMS 0x00000000b0700000, 0x00000000b0700000| Untracked 
| 264|0x00000000b0800000, 0x00000000b0800000, 0x00000000b0900000|  0%| F|  |TAMS 0x00000000b0800000, 0x00000000b0800000| Untracked 
| 265|0x00000000b0900000, 0x00000000b0900000, 0x00000000b0a00000|  0%| F|  |TAMS 0x00000000b0900000, 0x00000000b0900000| Untracked 
| 266|0x00000000b0a00000, 0x00000000b0a00000, 0x00000000b0b00000|  0%| F|  |TAMS 0x00000000b0a00000, 0x00000000b0a00000| Untracked 
| 267|0x00000000b0b00000, 0x00000000b0b00000, 0x00000000b0c00000|  0%| F|  |TAMS 0x00000000b0b00000, 0x00000000b0b00000| Untracked 
| 268|0x00000000b0c00000, 0x00000000b0c00000, 0x00000000b0d00000|  0%| F|  |TAMS 0x00000000b0c00000, 0x00000000b0c00000| Untracked 
| 269|0x00000000b0d00000, 0x00000000b0d00000, 0x00000000b0e00000|  0%| F|  |TAMS 0x00000000b0d00000, 0x00000000b0d00000| Untracked 
| 270|0x00000000b0e00000, 0x00000000b0e00000, 0x00000000b0f00000|  0%| F|  |TAMS 0x00000000b0e00000, 0x00000000b0e00000| Untracked 
| 271|0x00000000b0f00000, 0x00000000b0f00000, 0x00000000b1000000|  0%| F|  |TAMS 0x00000000b0f00000, 0x00000000b0f00000| Untracked 
| 272|0x00000000b1000000, 0x00000000b1000000, 0x00000000b1100000|  0%| F|  |TAMS 0x00000000b1000000, 0x00000000b1000000| Untracked 
| 273|0x00000000b1100000, 0x00000000b1100000, 0x00000000b1200000|  0%| F|  |TAMS 0x00000000b1100000, 0x00000000b1100000| Untracked 
| 274|0x00000000b1200000, 0x00000000b1200000, 0x00000000b1300000|  0%| F|  |TAMS 0x00000000b1200000, 0x00000000b1200000| Untracked 
| 275|0x00000000b1300000, 0x00000000b1300000, 0x00000000b1400000|  0%| F|  |TAMS 0x00000000b1300000, 0x00000000b1300000| Untracked 
| 276|0x00000000b1400000, 0x00000000b1400000, 0x00000000b1500000|  0%| F|  |TAMS 0x00000000b1400000, 0x00000000b1400000| Untracked 
| 277|0x00000000b1500000, 0x00000000b1500000, 0x00000000b1600000|  0%| F|  |TAMS 0x00000000b1500000, 0x00000000b1500000| Untracked 
| 278|0x00000000b1600000, 0x00000000b1600000, 0x00000000b1700000|  0%| F|  |TAMS 0x00000000b1600000, 0x00000000b1600000| Untracked 
| 279|0x00000000b1700000, 0x00000000b1700000, 0x00000000b1800000|  0%| F|  |TAMS 0x00000000b1700000, 0x00000000b1700000| Untracked 
| 280|0x00000000b1800000, 0x00000000b1800000, 0x00000000b1900000|  0%| F|  |TAMS 0x00000000b1800000, 0x00000000b1800000| Untracked 
| 281|0x00000000b1900000, 0x00000000b1900000, 0x00000000b1a00000|  0%| F|  |TAMS 0x00000000b1900000, 0x00000000b1900000| Untracked 
| 282|0x00000000b1a00000, 0x00000000b1a00000, 0x00000000b1b00000|  0%| F|  |TAMS 0x00000000b1a00000, 0x00000000b1a00000| Untracked 
| 283|0x00000000b1b00000, 0x00000000b1b00000, 0x00000000b1c00000|  0%| F|  |TAMS 0x00000000b1b00000, 0x00000000b1b00000| Untracked 
| 284|0x00000000b1c00000, 0x00000000b1c00000, 0x00000000b1d00000|  0%| F|  |TAMS 0x00000000b1c00000, 0x00000000b1c00000| Untracked 
| 285|0x00000000b1d00000, 0x00000000b1d00000, 0x00000000b1e00000|  0%| F|  |TAMS 0x00000000b1d00000, 0x00000000b1d00000| Untracked 
| 286|0x00000000b1e00000, 0x00000000b1e00000, 0x00000000b1f00000|  0%| F|  |TAMS 0x00000000b1e00000, 0x00000000b1e00000| Untracked 
| 287|0x00000000b1f00000, 0x00000000b1f00000, 0x00000000b2000000|  0%| F|  |TAMS 0x00000000b1f00000, 0x00000000b1f00000| Untracked 
| 288|0x00000000b2000000, 0x00000000b2000000, 0x00000000b2100000|  0%| F|  |TAMS 0x00000000b2000000, 0x00000000b2000000| Untracked 
| 289|0x00000000b2100000, 0x00000000b2100000, 0x00000000b2200000|  0%| F|  |TAMS 0x00000000b2100000, 0x00000000b2100000| Untracked 
| 290|0x00000000b2200000, 0x00000000b2200000, 0x00000000b2300000|  0%| F|  |TAMS 0x00000000b2200000, 0x00000000b2200000| Untracked 
| 291|0x00000000b2300000, 0x00000000b2300000, 0x00000000b2400000|  0%| F|  |TAMS 0x00000000b2300000, 0x00000000b2300000| Untracked 
| 292|0x00000000b2400000, 0x00000000b2400000, 0x00000000b2500000|  0%| F|  |TAMS 0x00000000b2400000, 0x00000000b2400000| Untracked 
| 293|0x00000000b2500000, 0x00000000b2500000, 0x00000000b2600000|  0%| F|  |TAMS 0x00000000b2500000, 0x00000000b2500000| Untracked 
| 294|0x00000000b2600000, 0x00000000b2600000, 0x00000000b2700000|  0%| F|  |TAMS 0x00000000b2600000, 0x00000000b2600000| Untracked 
| 295|0x00000000b2700000, 0x00000000b2700000, 0x00000000b2800000|  0%| F|  |TAMS 0x00000000b2700000, 0x00000000b2700000| Untracked 
| 296|0x00000000b2800000, 0x00000000b2800000, 0x00000000b2900000|  0%| F|  |TAMS 0x00000000b2800000, 0x00000000b2800000| Untracked 
| 297|0x00000000b2900000, 0x00000000b2900000, 0x00000000b2a00000|  0%| F|  |TAMS 0x00000000b2900000, 0x00000000b2900000| Untracked 
| 298|0x00000000b2a00000, 0x00000000b2a00000, 0x00000000b2b00000|  0%| F|  |TAMS 0x00000000b2a00000, 0x00000000b2a00000| Untracked 
| 299|0x00000000b2b00000, 0x00000000b2b00000, 0x00000000b2c00000|  0%| F|  |TAMS 0x00000000b2b00000, 0x00000000b2b00000| Untracked 
| 300|0x00000000b2c00000, 0x00000000b2c00000, 0x00000000b2d00000|  0%| F|  |TAMS 0x00000000b2c00000, 0x00000000b2c00000| Untracked 
| 301|0x00000000b2d00000, 0x00000000b2d00000, 0x00000000b2e00000|  0%| F|  |TAMS 0x00000000b2d00000, 0x00000000b2d00000| Untracked 
| 302|0x00000000b2e00000, 0x00000000b2e00000, 0x00000000b2f00000|  0%| F|  |TAMS 0x00000000b2e00000, 0x00000000b2e00000| Untracked 
| 303|0x00000000b2f00000, 0x00000000b2f00000, 0x00000000b3000000|  0%| F|  |TAMS 0x00000000b2f00000, 0x00000000b2f00000| Untracked 
| 304|0x00000000b3000000, 0x00000000b3000000, 0x00000000b3100000|  0%| F|  |TAMS 0x00000000b3000000, 0x00000000b3000000| Untracked 
| 305|0x00000000b3100000, 0x00000000b3100000, 0x00000000b3200000|  0%| F|  |TAMS 0x00000000b3100000, 0x00000000b3100000| Untracked 
| 306|0x00000000b3200000, 0x00000000b3200000, 0x00000000b3300000|  0%| F|  |TAMS 0x00000000b3200000, 0x00000000b3200000| Untracked 
| 307|0x00000000b3300000, 0x00000000b3300000, 0x00000000b3400000|  0%| F|  |TAMS 0x00000000b3300000, 0x00000000b3300000| Untracked 
| 308|0x00000000b3400000, 0x00000000b3400000, 0x00000000b3500000|  0%| F|  |TAMS 0x00000000b3400000, 0x00000000b3400000| Untracked 
| 309|0x00000000b3500000, 0x00000000b3500000, 0x00000000b3600000|  0%| F|  |TAMS 0x00000000b3500000, 0x00000000b3500000| Untracked 
| 310|0x00000000b3600000, 0x00000000b3600000, 0x00000000b3700000|  0%| F|  |TAMS 0x00000000b3600000, 0x00000000b3600000| Untracked 
| 311|0x00000000b3700000, 0x00000000b3700000, 0x00000000b3800000|  0%| F|  |TAMS 0x00000000b3700000, 0x00000000b3700000| Untracked 
| 312|0x00000000b3800000, 0x00000000b3800000, 0x00000000b3900000|  0%| F|  |TAMS 0x00000000b3800000, 0x00000000b3800000| Untracked 
| 313|0x00000000b3900000, 0x00000000b3900000, 0x00000000b3a00000|  0%| F|  |TAMS 0x00000000b3900000, 0x00000000b3900000| Untracked 
| 314|0x00000000b3a00000, 0x00000000b3a00000, 0x00000000b3b00000|  0%| F|  |TAMS 0x00000000b3a00000, 0x00000000b3a00000| Untracked 
| 315|0x00000000b3b00000, 0x00000000b3b00000, 0x00000000b3c00000|  0%| F|  |TAMS 0x00000000b3b00000, 0x00000000b3b00000| Untracked 
| 316|0x00000000b3c00000, 0x00000000b3c00000, 0x00000000b3d00000|  0%| F|  |TAMS 0x00000000b3c00000, 0x00000000b3c00000| Untracked 
| 317|0x00000000b3d00000, 0x00000000b3d00000, 0x00000000b3e00000|  0%| F|  |TAMS 0x00000000b3d00000, 0x00000000b3d00000| Untracked 
| 318|0x00000000b3e00000, 0x00000000b3e00000, 0x00000000b3f00000|  0%| F|  |TAMS 0x00000000b3e00000, 0x00000000b3e00000| Untracked 
| 319|0x00000000b3f00000, 0x00000000b3f00000, 0x00000000b4000000|  0%| F|  |TAMS 0x00000000b3f00000, 0x00000000b3f00000| Untracked 
| 320|0x00000000b4000000, 0x00000000b4000000, 0x00000000b4100000|  0%| F|  |TAMS 0x00000000b4000000, 0x00000000b4000000| Untracked 
| 321|0x00000000b4100000, 0x00000000b4100000, 0x00000000b4200000|  0%| F|  |TAMS 0x00000000b4100000, 0x00000000b4100000| Untracked 
| 322|0x00000000b4200000, 0x00000000b4200000, 0x00000000b4300000|  0%| F|  |TAMS 0x00000000b4200000, 0x00000000b4200000| Untracked 
| 323|0x00000000b4300000, 0x00000000b4300000, 0x00000000b4400000|  0%| F|  |TAMS 0x00000000b4300000, 0x00000000b4300000| Untracked 
| 324|0x00000000b4400000, 0x00000000b4400000, 0x00000000b4500000|  0%| F|  |TAMS 0x00000000b4400000, 0x00000000b4400000| Untracked 
| 325|0x00000000b4500000, 0x00000000b4500000, 0x00000000b4600000|  0%| F|  |TAMS 0x00000000b4500000, 0x00000000b4500000| Untracked 
| 326|0x00000000b4600000, 0x00000000b4600000, 0x00000000b4700000|  0%| F|  |TAMS 0x00000000b4600000, 0x00000000b4600000| Untracked 
| 327|0x00000000b4700000, 0x00000000b4700000, 0x00000000b4800000|  0%| F|  |TAMS 0x00000000b4700000, 0x00000000b4700000| Untracked 
| 328|0x00000000b4800000, 0x00000000b4800000, 0x00000000b4900000|  0%| F|  |TAMS 0x00000000b4800000, 0x00000000b4800000| Untracked 
| 329|0x00000000b4900000, 0x00000000b4900000, 0x00000000b4a00000|  0%| F|  |TAMS 0x00000000b4900000, 0x00000000b4900000| Untracked 
| 330|0x00000000b4a00000, 0x00000000b4a00000, 0x00000000b4b00000|  0%| F|  |TAMS 0x00000000b4a00000, 0x00000000b4a00000| Untracked 
| 331|0x00000000b4b00000, 0x00000000b4b00000, 0x00000000b4c00000|  0%| F|  |TAMS 0x00000000b4b00000, 0x00000000b4b00000| Untracked 
| 332|0x00000000b4c00000, 0x00000000b4c00000, 0x00000000b4d00000|  0%| F|  |TAMS 0x00000000b4c00000, 0x00000000b4c00000| Untracked 
| 333|0x00000000b4d00000, 0x00000000b4d00000, 0x00000000b4e00000|  0%| F|  |TAMS 0x00000000b4d00000, 0x00000000b4d00000| Untracked 
| 334|0x00000000b4e00000, 0x00000000b4e00000, 0x00000000b4f00000|  0%| F|  |TAMS 0x00000000b4e00000, 0x00000000b4e00000| Untracked 
| 335|0x00000000b4f00000, 0x00000000b4f00000, 0x00000000b5000000|  0%| F|  |TAMS 0x00000000b4f00000, 0x00000000b4f00000| Untracked 
| 336|0x00000000b5000000, 0x00000000b5080a38, 0x00000000b5100000| 50%| E|  |TAMS 0x00000000b5000000, 0x00000000b5000000| Complete 
| 337|0x00000000b5100000, 0x00000000b5200000, 0x00000000b5200000|100%| E|CS|TAMS 0x00000000b5100000, 0x00000000b5100000| Complete 
| 338|0x00000000b5200000, 0x00000000b5300000, 0x00000000b5300000|100%| E|CS|TAMS 0x00000000b5200000, 0x00000000b5200000| Complete 
| 339|0x00000000b5300000, 0x00000000b5400000, 0x00000000b5400000|100%| E|CS|TAMS 0x00000000b5300000, 0x00000000b5300000| Complete 
| 340|0x00000000b5400000, 0x00000000b5500000, 0x00000000b5500000|100%| E|CS|TAMS 0x00000000b5400000, 0x00000000b5400000| Complete 
| 341|0x00000000b5500000, 0x00000000b5600000, 0x00000000b5600000|100%| E|CS|TAMS 0x00000000b5500000, 0x00000000b5500000| Complete 
| 342|0x00000000b5600000, 0x00000000b5700000, 0x00000000b5700000|100%| E|CS|TAMS 0x00000000b5600000, 0x00000000b5600000| Complete 
| 343|0x00000000b5700000, 0x00000000b5800000, 0x00000000b5800000|100%| E|CS|TAMS 0x00000000b5700000, 0x00000000b5700000| Complete 
| 344|0x00000000b5800000, 0x00000000b5900000, 0x00000000b5900000|100%| E|CS|TAMS 0x00000000b5800000, 0x00000000b5800000| Complete 
| 345|0x00000000b5900000, 0x00000000b5a00000, 0x00000000b5a00000|100%| E|CS|TAMS 0x00000000b5900000, 0x00000000b5900000| Complete 
| 346|0x00000000b5a00000, 0x00000000b5b00000, 0x00000000b5b00000|100%| E|CS|TAMS 0x00000000b5a00000, 0x00000000b5a00000| Complete 
| 347|0x00000000b5b00000, 0x00000000b5c00000, 0x00000000b5c00000|100%| E|CS|TAMS 0x00000000b5b00000, 0x00000000b5b00000| Complete 
| 348|0x00000000b5c00000, 0x00000000b5d00000, 0x00000000b5d00000|100%| E|CS|TAMS 0x00000000b5c00000, 0x00000000b5c00000| Complete 
| 349|0x00000000b5d00000, 0x00000000b5e00000, 0x00000000b5e00000|100%| E|CS|TAMS 0x00000000b5d00000, 0x00000000b5d00000| Complete 
| 350|0x00000000b5e00000, 0x00000000b5f00000, 0x00000000b5f00000|100%| E|CS|TAMS 0x00000000b5e00000, 0x00000000b5e00000| Complete 
| 351|0x00000000b5f00000, 0x00000000b6000000, 0x00000000b6000000|100%| E|CS|TAMS 0x00000000b5f00000, 0x00000000b5f00000| Complete 
| 352|0x00000000b6000000, 0x00000000b6100000, 0x00000000b6100000|100%| E|CS|TAMS 0x00000000b6000000, 0x00000000b6000000| Complete 
| 353|0x00000000b6100000, 0x00000000b6200000, 0x00000000b6200000|100%| E|CS|TAMS 0x00000000b6100000, 0x00000000b6100000| Complete 
| 354|0x00000000b6200000, 0x00000000b6300000, 0x00000000b6300000|100%| E|CS|TAMS 0x00000000b6200000, 0x00000000b6200000| Complete 
| 355|0x00000000b6300000, 0x00000000b6400000, 0x00000000b6400000|100%| E|CS|TAMS 0x00000000b6300000, 0x00000000b6300000| Complete 
| 356|0x00000000b6400000, 0x00000000b6500000, 0x00000000b6500000|100%| E|CS|TAMS 0x00000000b6400000, 0x00000000b6400000| Complete 
| 357|0x00000000b6500000, 0x00000000b6600000, 0x00000000b6600000|100%| E|CS|TAMS 0x00000000b6500000, 0x00000000b6500000| Complete 
| 358|0x00000000b6600000, 0x00000000b6700000, 0x00000000b6700000|100%| E|CS|TAMS 0x00000000b6600000, 0x00000000b6600000| Complete 
| 359|0x00000000b6700000, 0x00000000b6800000, 0x00000000b6800000|100%| E|CS|TAMS 0x00000000b6700000, 0x00000000b6700000| Complete 
| 360|0x00000000b6800000, 0x00000000b6900000, 0x00000000b6900000|100%| E|CS|TAMS 0x00000000b6800000, 0x00000000b6800000| Complete 
| 361|0x00000000b6900000, 0x00000000b6a00000, 0x00000000b6a00000|100%| E|CS|TAMS 0x00000000b6900000, 0x00000000b6900000| Complete 
| 362|0x00000000b6a00000, 0x00000000b6b00000, 0x00000000b6b00000|100%| E|CS|TAMS 0x00000000b6a00000, 0x00000000b6a00000| Complete 
| 363|0x00000000b6b00000, 0x00000000b6b83540, 0x00000000b6c00000| 51%| S|CS|TAMS 0x00000000b6b00000, 0x00000000b6b00000| Complete 
| 364|0x00000000b6c00000, 0x00000000b6d00000, 0x00000000b6d00000|100%| S|CS|TAMS 0x00000000b6c00000, 0x00000000b6c00000| Complete 
| 365|0x00000000b6d00000, 0x00000000b6e00000, 0x00000000b6e00000|100%| S|CS|TAMS 0x00000000b6d00000, 0x00000000b6d00000| Complete 
| 366|0x00000000b6e00000, 0x00000000b6f00000, 0x00000000b6f00000|100%| E|CS|TAMS 0x00000000b6e00000, 0x00000000b6e00000| Complete 
| 367|0x00000000b6f00000, 0x00000000b7000000, 0x00000000b7000000|100%| E|CS|TAMS 0x00000000b6f00000, 0x00000000b6f00000| Complete 
| 368|0x00000000b7000000, 0x00000000b7100000, 0x00000000b7100000|100%| E|CS|TAMS 0x00000000b7000000, 0x00000000b7000000| Complete 
| 369|0x00000000b7100000, 0x00000000b7200000, 0x00000000b7200000|100%| E|CS|TAMS 0x00000000b7100000, 0x00000000b7100000| Complete 
| 370|0x00000000b7200000, 0x00000000b7300000, 0x00000000b7300000|100%| E|CS|TAMS 0x00000000b7200000, 0x00000000b7200000| Complete 
| 371|0x00000000b7300000, 0x00000000b7400000, 0x00000000b7400000|100%| E|CS|TAMS 0x00000000b7300000, 0x00000000b7300000| Complete 
| 372|0x00000000b7400000, 0x00000000b7500000, 0x00000000b7500000|100%| E|CS|TAMS 0x00000000b7400000, 0x00000000b7400000| Complete 
| 373|0x00000000b7500000, 0x00000000b7600000, 0x00000000b7600000|100%| E|CS|TAMS 0x00000000b7500000, 0x00000000b7500000| Complete 
| 374|0x00000000b7600000, 0x00000000b7700000, 0x00000000b7700000|100%| E|CS|TAMS 0x00000000b7600000, 0x00000000b7600000| Complete 
| 375|0x00000000b7700000, 0x00000000b7800000, 0x00000000b7800000|100%| E|CS|TAMS 0x00000000b7700000, 0x00000000b7700000| Complete 
| 376|0x00000000b7800000, 0x00000000b7900000, 0x00000000b7900000|100%| E|CS|TAMS 0x00000000b7800000, 0x00000000b7800000| Complete 
| 377|0x00000000b7900000, 0x00000000b7a00000, 0x00000000b7a00000|100%| E|CS|TAMS 0x00000000b7900000, 0x00000000b7900000| Complete 
| 378|0x00000000b7a00000, 0x00000000b7b00000, 0x00000000b7b00000|100%| E|CS|TAMS 0x00000000b7a00000, 0x00000000b7a00000| Complete 
| 379|0x00000000b7b00000, 0x00000000b7c00000, 0x00000000b7c00000|100%| E|CS|TAMS 0x00000000b7b00000, 0x00000000b7b00000| Complete 
| 380|0x00000000b7c00000, 0x00000000b7d00000, 0x00000000b7d00000|100%| E|CS|TAMS 0x00000000b7c00000, 0x00000000b7c00000| Complete 
| 381|0x00000000b7d00000, 0x00000000b7e00000, 0x00000000b7e00000|100%| E|CS|TAMS 0x00000000b7d00000, 0x00000000b7d00000| Complete 
| 382|0x00000000b7e00000, 0x00000000b7f00000, 0x00000000b7f00000|100%| E|CS|TAMS 0x00000000b7e00000, 0x00000000b7e00000| Complete 
| 383|0x00000000b7f00000, 0x00000000b8000000, 0x00000000b8000000|100%| E|CS|TAMS 0x00000000b7f00000, 0x00000000b7f00000| Complete 
| 384|0x00000000b8000000, 0x00000000b8100000, 0x00000000b8100000|100%| E|CS|TAMS 0x00000000b8000000, 0x00000000b8000000| Complete 

Card table byte_map: [0x000001dba4c40000,0x000001dba4f40000] _byte_map_base: 0x000001dba4740000

Marking Bits (Prev, Next): (CMBitMap*) 0x000001db8d9c71a0, (CMBitMap*) 0x000001db8d9c71e0
 Prev Bits: [0x000001dba5240000, 0x000001dba6a40000)
 Next Bits: [0x000001dba6a40000, 0x000001dba8240000)

Polling page: 0x000001db8b700000

Metaspace:

Usage:
  Non-class:     99.93 MB used.
      Class:     15.89 MB used.
       Both:    115.83 MB used.

Virtual space:
  Non-class space:      128.00 MB reserved,     100.75 MB ( 79%) committed,  2 nodes.
      Class space:      416.00 MB reserved,      16.62 MB (  4%) committed,  1 nodes.
             Both:      544.00 MB reserved,     117.38 MB ( 22%) committed. 

Chunk freelists:
   Non-Class:  11.22 MB
       Class:  15.41 MB
        Both:  26.63 MB

MaxMetaspaceSize: 512.00 MB
CompressedClassSpaceSize: 416.00 MB
Initial GC threshold: 21.00 MB
Current GC threshold: 195.44 MB
CDS: on
MetaspaceReclaimPolicy: balanced
 - commit_granule_bytes: 65536.
 - commit_granule_words: 8192.
 - virtual_space_node_default_size: 8388608.
 - enlarge_chunks_in_place: 1.
 - new_chunks_are_fully_committed: 0.
 - uncommit_free_chunks: 1.
 - use_allocation_guard: 0.
 - handle_deallocations: 1.


Internal statistics:

num_allocs_failed_limit: 9.
num_arena_births: 2294.
num_arena_deaths: 0.
num_vsnodes_births: 3.
num_vsnodes_deaths: 0.
num_space_committed: 1877.
num_space_uncommitted: 0.
num_chunks_returned_to_freelist: 9.
num_chunks_taken_from_freelist: 7917.
num_chunk_merges: 9.
num_chunk_splits: 4999.
num_chunks_enlarged: 3047.
num_inconsistent_stats: 0.

CodeHeap 'non-profiled nmethods': size=120000Kb used=10449Kb max_used=10449Kb free=109550Kb
 bounds [0x000001db9cfd0000, 0x000001db9da10000, 0x000001dba4500000]
CodeHeap 'profiled nmethods': size=120000Kb used=29025Kb max_used=29025Kb free=90974Kb
 bounds [0x000001db95500000, 0x000001db97160000, 0x000001db9ca30000]
CodeHeap 'non-nmethods': size=5760Kb used=1780Kb max_used=1834Kb free=3979Kb
 bounds [0x000001db9ca30000, 0x000001db9cca0000, 0x000001db9cfd0000]
 total_blobs=16170 nmethods=15284 adapters=797
 compilation: enabled
              stopped_count=0, restarted_count=0
 full_count=0

Compilation events (20 events):
Event: 195.353 Thread 0x000001dbcd44d2a0 18399       4       com.google.common.collect.ImmutableMap::entrySet (23 bytes)
Event: 195.353 Thread 0x000001dbaaea7bc0 18412       3       org.gradle.api.internal.file.collections.DefaultConfigurableFileCollection$2::visitCollection (50 bytes)
Event: 195.355 Thread 0x000001dbaaea7bc0 nmethod 18412 0x000001db9713d190 code [0x000001db9713d3e0, 0x000001db9713dee8]
Event: 195.355 Thread 0x000001dbaaea7bc0 18413       3       com.google.common.collect.ImmutableSet::copyOf (27 bytes)
Event: 195.355 Thread 0x000001dbaaea7bc0 nmethod 18413 0x000001db9713e290 code [0x000001db9713e480, 0x000001db9713e928]
Event: 195.355 Thread 0x000001dbaaea7bc0 18416       1       org.gradle.execution.plan.ValuedVfsHierarchy::getChildren (5 bytes)
Event: 195.356 Thread 0x000001dbaaea7bc0 nmethod 18416 0x000001db9d9f7d90 code [0x000001db9d9f7f20, 0x000001db9d9f7ff8]
Event: 195.356 Thread 0x000001dbaaea7bc0 18418       1       org.gradle.internal.properties.bean.DefaultPropertyWalker$ImplementationPropertyValue::call (5 bytes)
Event: 195.356 Thread 0x000001dbaaea7bc0 nmethod 18418 0x000001db9d9f8090 code [0x000001db9d9f8220, 0x000001db9d9f82f8]
Event: 195.356 Thread 0x000001dbaaea7bc0 18420       1       org.gradle.tooling.events.internal.DefaultOperationDescriptor::getName (5 bytes)
Event: 195.356 Thread 0x000001dbaaea7bc0 nmethod 18420 0x000001db9d9f8390 code [0x000001db9d9f8520, 0x000001db9d9f85f8]
Event: 195.356 Thread 0x000001dbcd44d2a0 nmethod 18399 0x000001db9d9f8690 code [0x000001db9d9f8820, 0x000001db9d9f8978]
Event: 195.356 Thread 0x000001dbcd44d2a0 18406       4       org.gradle.internal.fingerprint.impl.DefaultFileSystemLocationFingerprint::hashForType (73 bytes)
Event: 195.358 Thread 0x000001dbcd44d2a0 nmethod 18406 0x000001db9d9f8a10 code [0x000001db9d9f8ba0, 0x000001db9d9f8c58]
Event: 195.358 Thread 0x000001dbcd44d2a0 18410       4       org.gradle.internal.Describables::of (11 bytes)
Event: 195.359 Thread 0x000001dbcd44d2a0 nmethod 18410 0x000001db9d9f8d90 code [0x000001db9d9f8f20, 0x000001db9d9f8ff8]
Event: 195.359 Thread 0x000001dbcd44d2a0 18414       4       org.gradle.internal.collect.PersistentList$1::forEach (1 bytes)
Event: 195.360 Thread 0x000001dbcd44d2a0 nmethod 18414 0x000001db9d9f9090 code [0x000001db9d9f9200, 0x000001db9d9f9278]
Event: 195.360 Thread 0x000001dbcd44d2a0 18395       4       org.gradle.internal.properties.PropertyVisitor::visitInputFileProperty (1 bytes)
Event: 195.360 Thread 0x000001dbcd44d2a0 nmethod 18395 0x000001db9d9f9390 code [0x000001db9d9f9500, 0x000001db9d9f9578]

GC Heap History (20 events):
Event: 176.586 GC heap before
{Heap before GC invocations=82 (full 0):
 garbage-first heap   total 258048K, used 233116K [0x00000000a0000000, 0x0000000100000000)
  region size 1024K, 12 young (12288K), 2 survivors (2048K)
 Metaspace       used 118509K, committed 120064K, reserved 557056K
  class space    used 16269K, committed 17024K, reserved 425984K
}
Event: 176.591 GC heap after
{Heap after GC invocations=83 (full 0):
 garbage-first heap   total 258048K, used 223945K [0x00000000a0000000, 0x0000000100000000)
  region size 1024K, 2 young (2048K), 2 survivors (2048K)
 Metaspace       used 118509K, committed 120064K, reserved 557056K
  class space    used 16269K, committed 17024K, reserved 425984K
}
Event: 176.825 GC heap before
{Heap before GC invocations=83 (full 0):
 garbage-first heap   total 258048K, used 234185K [0x00000000a0000000, 0x0000000100000000)
  region size 1024K, 12 young (12288K), 2 survivors (2048K)
 Metaspace       used 118509K, committed 120064K, reserved 557056K
  class space    used 16269K, committed 17024K, reserved 425984K
}
Event: 176.832 GC heap after
{Heap after GC invocations=84 (full 0):
 garbage-first heap   total 258048K, used 225434K [0x00000000a0000000, 0x0000000100000000)
  region size 1024K, 2 young (2048K), 2 survivors (2048K)
 Metaspace       used 118509K, committed 120064K, reserved 557056K
  class space    used 16269K, committed 17024K, reserved 425984K
}
Event: 177.280 GC heap before
{Heap before GC invocations=84 (full 0):
 garbage-first heap   total 258048K, used 235674K [0x00000000a0000000, 0x0000000100000000)
  region size 1024K, 12 young (12288K), 2 survivors (2048K)
 Metaspace       used 118509K, committed 120064K, reserved 557056K
  class space    used 16269K, committed 17024K, reserved 425984K
}
Event: 177.284 GC heap after
{Heap after GC invocations=85 (full 0):
 garbage-first heap   total 258048K, used 226523K [0x00000000a0000000, 0x0000000100000000)
  region size 1024K, 2 young (2048K), 2 survivors (2048K)
 Metaspace       used 118509K, committed 120064K, reserved 557056K
  class space    used 16269K, committed 17024K, reserved 425984K
}
Event: 177.777 GC heap before
{Heap before GC invocations=85 (full 0):
 garbage-first heap   total 258048K, used 236763K [0x00000000a0000000, 0x0000000100000000)
  region size 1024K, 12 young (12288K), 2 survivors (2048K)
 Metaspace       used 118512K, committed 120064K, reserved 557056K
  class space    used 16269K, committed 17024K, reserved 425984K
}
Event: 177.782 GC heap after
{Heap after GC invocations=86 (full 0):
 garbage-first heap   total 258048K, used 227715K [0x00000000a0000000, 0x0000000100000000)
  region size 1024K, 2 young (2048K), 2 survivors (2048K)
 Metaspace       used 118512K, committed 120064K, reserved 557056K
  class space    used 16269K, committed 17024K, reserved 425984K
}
Event: 178.434 GC heap before
{Heap before GC invocations=86 (full 0):
 garbage-first heap   total 258048K, used 237955K [0x00000000a0000000, 0x0000000100000000)
  region size 1024K, 12 young (12288K), 2 survivors (2048K)
 Metaspace       used 118512K, committed 120064K, reserved 557056K
  class space    used 16269K, committed 17024K, reserved 425984K
}
Event: 178.439 GC heap after
{Heap after GC invocations=87 (full 0):
 garbage-first heap   total 258048K, used 229145K [0x00000000a0000000, 0x0000000100000000)
  region size 1024K, 2 young (2048K), 2 survivors (2048K)
 Metaspace       used 118512K, committed 120064K, reserved 557056K
  class space    used 16269K, committed 17024K, reserved 425984K
}
Event: 179.187 GC heap before
{Heap before GC invocations=87 (full 0):
 garbage-first heap   total 258048K, used 239385K [0x00000000a0000000, 0x0000000100000000)
  region size 1024K, 12 young (12288K), 2 survivors (2048K)
 Metaspace       used 118512K, committed 120064K, reserved 557056K
  class space    used 16269K, committed 17024K, reserved 425984K
}
Event: 179.192 GC heap after
{Heap after GC invocations=88 (full 0):
 garbage-first heap   total 258048K, used 230402K [0x00000000a0000000, 0x0000000100000000)
  region size 1024K, 2 young (2048K), 2 survivors (2048K)
 Metaspace       used 118512K, committed 120064K, reserved 557056K
  class space    used 16269K, committed 17024K, reserved 425984K
}
Event: 181.496 GC heap before
{Heap before GC invocations=88 (full 0):
 garbage-first heap   total 258048K, used 240642K [0x00000000a0000000, 0x0000000100000000)
  region size 1024K, 12 young (12288K), 2 survivors (2048K)
 Metaspace       used 118519K, committed 120064K, reserved 557056K
  class space    used 16269K, committed 17024K, reserved 425984K
}
Event: 181.520 GC heap after
{Heap after GC invocations=89 (full 0):
 garbage-first heap   total 258048K, used 230476K [0x00000000a0000000, 0x0000000100000000)
  region size 1024K, 2 young (2048K), 2 survivors (2048K)
 Metaspace       used 118519K, committed 120064K, reserved 557056K
  class space    used 16269K, committed 17024K, reserved 425984K
}
Event: 182.183 GC heap before
{Heap before GC invocations=89 (full 0):
 garbage-first heap   total 258048K, used 239692K [0x00000000a0000000, 0x0000000100000000)
  region size 1024K, 12 young (12288K), 2 survivors (2048K)
 Metaspace       used 118520K, committed 120064K, reserved 557056K
  class space    used 16269K, committed 17024K, reserved 425984K
}
Event: 182.189 GC heap after
{Heap after GC invocations=90 (full 0):
 garbage-first heap   total 258048K, used 232467K [0x00000000a0000000, 0x0000000100000000)
  region size 1024K, 2 young (2048K), 2 survivors (2048K)
 Metaspace       used 118520K, committed 120064K, reserved 557056K
  class space    used 16269K, committed 17024K, reserved 425984K
}
Event: 184.146 GC heap before
{Heap before GC invocations=91 (full 0):
 garbage-first heap   total 394240K, used 248851K [0x00000000a0000000, 0x0000000100000000)
  region size 1024K, 19 young (19456K), 2 survivors (2048K)
 Metaspace       used 118520K, committed 120064K, reserved 557056K
  class space    used 16269K, committed 17024K, reserved 425984K
}
Event: 184.152 GC heap after
{Heap after GC invocations=92 (full 0):
 garbage-first heap   total 394240K, used 234505K [0x00000000a0000000, 0x0000000100000000)
  region size 1024K, 3 young (3072K), 3 survivors (3072K)
 Metaspace       used 118520K, committed 120064K, reserved 557056K
  class space    used 16269K, committed 17024K, reserved 425984K
}
Event: 185.835 GC heap before
{Heap before GC invocations=92 (full 0):
 garbage-first heap   total 394240K, used 250889K [0x00000000a0000000, 0x0000000100000000)
  region size 1024K, 19 young (19456K), 3 survivors (3072K)
 Metaspace       used 118522K, committed 120064K, reserved 557056K
  class space    used 16270K, committed 17024K, reserved 425984K
}
Event: 185.848 GC heap after
{Heap after GC invocations=93 (full 0):
 garbage-first heap   total 394240K, used 221249K [0x00000000a0000000, 0x0000000100000000)
  region size 1024K, 3 young (3072K), 3 survivors (3072K)
 Metaspace       used 118522K, committed 120064K, reserved 557056K
  class space    used 16270K, committed 17024K, reserved 425984K
}

Dll operation events (15 events):
Event: 0.029 Loaded shared library C:\Program Files\Microsoft\jdk-17.0.19.10-hotspot\bin\java.dll
Event: 0.060 Loaded shared library C:\Program Files\Microsoft\jdk-17.0.19.10-hotspot\bin\jsvml.dll
Event: 0.156 Loaded shared library C:\Program Files\Microsoft\jdk-17.0.19.10-hotspot\bin\zip.dll
Event: 0.164 Loaded shared library C:\Program Files\Microsoft\jdk-17.0.19.10-hotspot\bin\instrument.dll
Event: 0.176 Loaded shared library C:\Program Files\Microsoft\jdk-17.0.19.10-hotspot\bin\net.dll
Event: 0.181 Loaded shared library C:\Program Files\Microsoft\jdk-17.0.19.10-hotspot\bin\nio.dll
Event: 0.186 Loaded shared library C:\Program Files\Microsoft\jdk-17.0.19.10-hotspot\bin\zip.dll
Event: 0.960 Loaded shared library C:\Program Files\Microsoft\jdk-17.0.19.10-hotspot\bin\jimage.dll
Event: 1.702 Loaded shared library C:\Program Files\Microsoft\jdk-17.0.19.10-hotspot\bin\verify.dll
Event: 2.004 Loaded shared library C:\Users\prath\.gradle\native\660c5614fbf4a5f2a75b1949f50a0caf5cd603558e7d8a26e50b933a0cfb79d1\windows-amd64\native-platform.dll
Event: 2.044 Loaded shared library C:\Users\prath\.gradle\native\0.2.8\x86_64-windows-gnu\gradle-fileevents.dll
Event: 5.663 Loaded shared library C:\Program Files\Microsoft\jdk-17.0.19.10-hotspot\bin\management.dll
Event: 5.670 Loaded shared library C:\Program Files\Microsoft\jdk-17.0.19.10-hotspot\bin\management_ext.dll
Event: 6.064 Loaded shared library C:\Program Files\Microsoft\jdk-17.0.19.10-hotspot\bin\extnet.dll
Event: 6.611 Loaded shared library C:\Program Files\Microsoft\jdk-17.0.19.10-hotspot\bin\sunmscapi.dll

Deoptimization events (20 events):
Event: 187.070 Thread 0x000001dbcf543c50 DEOPT PACKING pc=0x000001db9d9bd0d0 sp=0x0000005c32ffba40
Event: 187.070 Thread 0x000001dbcf543c50 DEOPT UNPACKING pc=0x000001db9ca869a3 sp=0x0000005c32ffba08 mode 2
Event: 187.116 Thread 0x000001dbcf543c50 DEOPT PACKING pc=0x000001db9d568aa0 sp=0x0000005c32ffa480
Event: 187.118 Thread 0x000001dbcf543c50 DEOPT UNPACKING pc=0x000001db9ca87143 sp=0x0000005c32ff98f0 mode 0
Event: 187.119 Thread 0x000001dbcf543c50 DEOPT PACKING pc=0x000001db9d566b4c sp=0x0000005c32ffa550
Event: 187.119 Thread 0x000001dbcf543c50 DEOPT UNPACKING pc=0x000001db9ca87143 sp=0x0000005c32ff93e0 mode 0
Event: 187.119 Thread 0x000001dbcf543c50 DEOPT PACKING pc=0x000001db9d566b4c sp=0x0000005c32ffa620
Event: 187.119 Thread 0x000001dbcf543c50 DEOPT UNPACKING pc=0x000001db9ca87143 sp=0x0000005c32ff94b0 mode 0
Event: 187.119 Thread 0x000001dbcf543c50 DEOPT PACKING pc=0x000001db9d541308 sp=0x0000005c32ffa6f0
Event: 187.119 Thread 0x000001dbcf543c50 DEOPT UNPACKING pc=0x000001db9ca87143 sp=0x0000005c32ff9b78 mode 0
Event: 187.119 Thread 0x000001dbcf543c50 DEOPT PACKING pc=0x000001db9d581b8c sp=0x0000005c32ffb280
Event: 187.119 Thread 0x000001dbcf543c50 DEOPT UNPACKING pc=0x000001db9ca87143 sp=0x0000005c32ffa450 mode 0
Event: 187.177 Thread 0x000001dbcf543c50 Uncommon trap: trap_request=0xffffff45 fr.pc=0x000001db9d543928 relative=0x0000000000000088
Event: 187.177 Thread 0x000001dbcf543c50 Uncommon trap: reason=unstable_if action=reinterpret pc=0x000001db9d543928 method=org.gradle.internal.hash.HashCode$HashCode128.equals(Ljava/lang/Object;)Z @ 2 c2
Event: 187.177 Thread 0x000001dbcf543c50 DEOPT PACKING pc=0x000001db9d543928 sp=0x0000005c32ffb910
Event: 187.177 Thread 0x000001dbcf543c50 DEOPT UNPACKING pc=0x000001db9ca869a3 sp=0x0000005c32ffb8b0 mode 2
Event: 194.122 Thread 0x000001dbcf544670 Uncommon trap: trap_request=0xffffff45 fr.pc=0x000001db9d7f5b44 relative=0x0000000000000404
Event: 194.122 Thread 0x000001dbcf544670 Uncommon trap: reason=unstable_if action=reinterpret pc=0x000001db9d7f5b44 method=com.esotericsoftware.kryo.io.Input.readVarLong(Z)J @ 152 c2
Event: 194.122 Thread 0x000001dbcf544670 DEOPT PACKING pc=0x000001db9d7f5b44 sp=0x0000005c330fe560
Event: 194.122 Thread 0x000001dbcf544670 DEOPT UNPACKING pc=0x000001db9ca869a3 sp=0x0000005c330fe500 mode 2

Classes loaded (20 events):
Event: 164.810 Loading class jdk/internal/reflect/UnsafeBooleanFieldAccessorImpl
Event: 164.811 Loading class jdk/internal/reflect/UnsafeBooleanFieldAccessorImpl done
Event: 164.812 Loading class jdk/internal/reflect/UnsafeIntegerFieldAccessorImpl
Event: 164.814 Loading class jdk/internal/reflect/UnsafeIntegerFieldAccessorImpl done
Event: 165.949 Loading class java/io/SequenceInputStream
Event: 165.950 Loading class java/io/SequenceInputStream done
Event: 165.973 Loading class java/util/function/IntUnaryOperator
Event: 165.974 Loading class java/util/function/IntUnaryOperator done
Event: 167.765 Loading class java/io/NotSerializableException
Event: 167.765 Loading class java/io/NotSerializableException done
Event: 171.425 Loading class java/nio/channels/Channels$1
Event: 171.426 Loading class java/nio/channels/Channels$1 done
Event: 171.637 Loading class java/time/Instant$1
Event: 171.638 Loading class java/time/Instant$1 done
Event: 172.317 Loading class java/util/concurrent/ConcurrentSkipListMap$KeySet
Event: 172.318 Loading class java/util/concurrent/ConcurrentSkipListMap$KeySet done
Event: 172.319 Loading class java/util/concurrent/ConcurrentSkipListMap$KeyIterator
Event: 172.319 Loading class java/util/concurrent/ConcurrentSkipListMap$KeyIterator done
Event: 185.257 Loading class jdk/internal/misc/ScopedMemoryAccess$Scope$Handle
Event: 185.262 Loading class jdk/internal/misc/ScopedMemoryAccess$Scope$Handle done

Classes unloaded (0 events):
No events

Classes redefined (0 events):
No events

Internal exceptions (20 events):
Event: 187.105 Thread 0x000001dbcf543c50 Exception <a 'sun/nio/fs/WindowsException'{0x00000000b75a8e30}> (0x00000000b75a8e30) 
thrown [s\src\hotspot\share\prims\jni.cpp, line 516]
Event: 187.108 Thread 0x000001dbcf543c50 Exception <a 'sun/nio/fs/WindowsException'{0x00000000b75acad0}> (0x00000000b75acad0) 
thrown [s\src\hotspot\share\prims\jni.cpp, line 516]
Event: 187.130 Thread 0x000001dbcf543c50 Exception <a 'sun/nio/fs/WindowsException'{0x00000000b75cd240}> (0x00000000b75cd240) 
thrown [s\src\hotspot\share\prims\jni.cpp, line 516]
Event: 187.162 Thread 0x000001dbcf543c50 Exception <a 'sun/nio/fs/WindowsException'{0x00000000b7469a18}> (0x00000000b7469a18) 
thrown [s\src\hotspot\share\prims\jni.cpp, line 516]
Event: 187.209 Thread 0x000001dbcf543c50 Exception <a 'sun/nio/fs/WindowsException'{0x00000000b74a2660}> (0x00000000b74a2660) 
thrown [s\src\hotspot\share\prims\jni.cpp, line 516]
Event: 187.212 Thread 0x000001dbcf543c50 Exception <a 'sun/nio/fs/WindowsException'{0x00000000b74a60f0}> (0x00000000b74a60f0) 
thrown [s\src\hotspot\share\prims\jni.cpp, line 516]
Event: 187.228 Thread 0x000001dbcf543c50 Exception <a 'sun/nio/fs/WindowsException'{0x00000000b74c7d88}> (0x00000000b74c7d88) 
thrown [s\src\hotspot\share\prims\jni.cpp, line 516]
Event: 187.259 Thread 0x000001dbcf543c50 Exception <a 'sun/nio/fs/WindowsException'{0x00000000b74d99d8}> (0x00000000b74d99d8) 
thrown [s\src\hotspot\share\prims\jni.cpp, line 516]
Event: 187.295 Thread 0x000001dbcf543c50 Exception <a 'sun/nio/fs/WindowsException'{0x00000000b73708c0}> (0x00000000b73708c0) 
thrown [s\src\hotspot\share\prims\jni.cpp, line 516]
Event: 187.297 Thread 0x000001dbcf543c50 Exception <a 'sun/nio/fs/WindowsException'{0x00000000b7374648}> (0x00000000b7374648) 
thrown [s\src\hotspot\share\prims\jni.cpp, line 516]
Event: 187.308 Thread 0x000001dbcf543c50 Exception <a 'sun/nio/fs/WindowsException'{0x00000000b7391d88}> (0x00000000b7391d88) 
thrown [s\src\hotspot\share\prims\jni.cpp, line 516]
Event: 187.328 Thread 0x000001dbcf543c50 Exception <a 'sun/nio/fs/WindowsException'{0x00000000b73a4348}> (0x00000000b73a4348) 
thrown [s\src\hotspot\share\prims\jni.cpp, line 516]
Event: 187.382 Thread 0x000001dbcf543c50 Exception <a 'sun/nio/fs/WindowsException'{0x00000000b724aee8}> (0x00000000b724aee8) 
thrown [s\src\hotspot\share\prims\jni.cpp, line 516]
Event: 187.398 Thread 0x000001dbcf543c50 Exception <a 'sun/nio/fs/WindowsException'{0x00000000b7265868}> (0x00000000b7265868) 
thrown [s\src\hotspot\share\prims\jni.cpp, line 516]
Event: 187.435 Thread 0x000001dbcf543c50 Exception <a 'sun/nio/fs/WindowsException'{0x00000000b72867a8}> (0x00000000b72867a8) 
thrown [s\src\hotspot\share\prims\jni.cpp, line 516]
Event: 187.460 Thread 0x000001dbcf543c50 Exception <a 'sun/nio/fs/WindowsException'{0x00000000b719df48}> (0x00000000b719df48) 
thrown [s\src\hotspot\share\prims\jni.cpp, line 516]
Event: 187.461 Thread 0x000001dbcf543c50 Exception <a 'sun/nio/fs/WindowsException'{0x00000000b71a1bc0}> (0x00000000b71a1bc0) 
thrown [s\src\hotspot\share\prims\jni.cpp, line 516]
Event: 187.472 Thread 0x000001dbcf543c50 Exception <a 'sun/nio/fs/WindowsException'{0x00000000b71bc498}> (0x00000000b71bc498) 
thrown [s\src\hotspot\share\prims\jni.cpp, line 516]
Event: 187.491 Thread 0x000001dbcf543c50 Exception <a 'sun/nio/fs/WindowsException'{0x00000000b71ce1e8}> (0x00000000b71ce1e8) 
thrown [s\src\hotspot\share\prims\jni.cpp, line 516]
Event: 194.082 Thread 0x000001dbcf543c50 Exception <a 'sun/nio/fs/WindowsException'{0x00000000b5ce8030}> (0x00000000b5ce8030) 
thrown [s\src\hotspot\share\prims\jni.cpp, line 516]

VM Operations (20 events):
Event: 183.639 Executing VM operation: Cleanup
Event: 183.639 Executing VM operation: Cleanup done
Event: 184.145 Executing VM operation: G1CollectForAllocation
Event: 184.152 Executing VM operation: G1CollectForAllocation done
Event: 185.152 Executing VM operation: Cleanup
Event: 185.153 Executing VM operation: Cleanup done
Event: 185.835 Executing VM operation: G1CollectForAllocation
Event: 185.848 Executing VM operation: G1CollectForAllocation done
Event: 186.851 Executing VM operation: Cleanup
Event: 186.851 Executing VM operation: Cleanup done
Event: 187.115 Executing VM operation: HandshakeAllThreads
Event: 187.116 Executing VM operation: HandshakeAllThreads done
Event: 188.123 Executing VM operation: Cleanup
Event: 188.123 Executing VM operation: Cleanup done
Event: 189.132 Executing VM operation: Cleanup
Event: 189.132 Executing VM operation: Cleanup done
Event: 194.179 Executing VM operation: Cleanup
Event: 194.179 Executing VM operation: Cleanup done
Event: 195.187 Executing VM operation: Cleanup
Event: 195.327 Executing VM operation: Cleanup done

Memory protections (0 events):
No events

Nmethod flushes (20 events):
Event: 169.184 Thread 0x000001dbaaeac710 flushing  nmethod 0x000001db96afda90
Event: 169.185 Thread 0x000001dbaaeac710 flushing  nmethod 0x000001db96b9ff90
Event: 169.186 Thread 0x000001dbaaeac710 flushing  nmethod 0x000001db96c7bf10
Event: 169.186 Thread 0x000001dbaaeac710 flushing  nmethod 0x000001db96c85310
Event: 169.186 Thread 0x000001dbaaeac710 flushing  nmethod 0x000001db96cc2690
Event: 169.187 Thread 0x000001dbaaeac710 flushing  nmethod 0x000001db96d1e690
Event: 169.187 Thread 0x000001dbaaeac710 flushing  nmethod 0x000001db96d4d010
Event: 169.187 Thread 0x000001dbaaeac710 flushing  nmethod 0x000001db96da0410
Event: 169.188 Thread 0x000001dbaaeac710 flushing  nmethod 0x000001db96dbf590
Event: 169.188 Thread 0x000001dbaaeac710 flushing  nmethod 0x000001db96dc1e90
Event: 169.188 Thread 0x000001dbaaeac710 flushing  nmethod 0x000001db96dd2d90
Event: 169.188 Thread 0x000001dbaaeac710 flushing  nmethod 0x000001db96dd6e90
Event: 169.188 Thread 0x000001dbaaeac710 flushing  nmethod 0x000001db96dfd290
Event: 169.188 Thread 0x000001dbaaeac710 flushing  nmethod 0x000001db96e6ee10
Event: 169.188 Thread 0x000001dbaaeac710 flushing  nmethod 0x000001db96e76110
Event: 169.188 Thread 0x000001dbaaeac710 flushing  nmethod 0x000001db96e90510
Event: 169.189 Thread 0x000001dbaaeac710 flushing  nmethod 0x000001db96ee7c10
Event: 169.189 Thread 0x000001dbaaeac710 flushing  nmethod 0x000001db96f48c90
Event: 169.189 Thread 0x000001dbaaeac710 flushing  nmethod 0x000001db96f49110
Event: 169.189 Thread 0x000001dbaaeac710 flushing  nmethod 0x000001db96f7e410

Events (20 events):
Event: 90.841 Thread 0x000001dbca518050 Thread added: 0x000001dbca4d3d30
Event: 96.531 Thread 0x000001dbca518050 Thread added: 0x000001dbca4d5680
Event: 96.561 Thread 0x000001dbca518050 Thread added: 0x000001dbca4d5170
Event: 97.132 Thread 0x000001dbca518050 Thread added: 0x000001dbca4d4240
Event: 99.672 Thread 0x000001dbcef0fdd0 Thread exited: 0x000001dbcef0fdd0
Event: 136.335 Thread 0x000001dbca518050 Thread added: 0x000001dbca4d3820
Event: 136.546 Thread 0x000001dbca518560 Thread added: 0x000001dbca4d4c60
Event: 150.203 Thread 0x000001dbca1de740 Thread exited: 0x000001dbca1de740
Event: 156.657 Thread 0x000001dbca518050 Thread added: 0x000001dbcef0da60
Event: 156.797 Thread 0x000001dbcef0da60 Thread added: 0x000001dbcef0f8c0
Event: 156.797 Thread 0x000001dbcef0da60 Thread added: 0x000001dbcef0fdd0
Event: 159.832 Thread 0x000001dbcef0f3b0 Thread added: 0x000001dbcef0d040
Event: 159.834 Thread 0x000001dbcef102e0 Thread added: 0x000001dbcef13a90
Event: 171.430 Thread 0x000001dbca518050 Thread added: 0x000001dbcf544160
Event: 171.434 Thread 0x000001dbca518050 Thread added: 0x000001dbcf544b80
Event: 171.451 Thread 0x000001dbca518050 Thread added: 0x000001dbcf543c50
Event: 171.512 Thread 0x000001dbcf543c50 Thread added: 0x000001dbcf544670
Event: 187.225 Thread 0x000001dbaaea7bc0 Thread added: 0x000001dbcd44e290
Event: 189.629 Thread 0x000001dbcd44e290 Thread exited: 0x000001dbcd44e290
Event: 195.327 Thread 0x000001dbaaea7bc0 Thread added: 0x000001dbcd44d2a0


Dynamic libraries:
0x00007ff6a4890000 - 0x00007ff6a489e000 	C:\Program Files\Microsoft\jdk-17.0.19.10-hotspot\bin\java.exe
0x00007ffd1f820000 - 0x00007ffd1fa86000 	C:\WINDOWS\SYSTEM32\ntdll.dll
0x00007ffd1f5f0000 - 0x00007ffd1f6b9000 	C:\WINDOWS\System32\KERNEL32.DLL
0x00007ffd1d010000 - 0x00007ffd1d40e000 	C:\WINDOWS\System32\KERNELBASE.dll
0x00007ffd1cd40000 - 0x00007ffd1ce8c000 	C:\WINDOWS\System32\ucrtbase.dll
0x00007ffd012f0000 - 0x00007ffd01308000 	C:\Program Files\Microsoft\jdk-17.0.19.10-hotspot\bin\jli.dll
0x00007ffd01310000 - 0x00007ffd0132e000 	C:\Program Files\Microsoft\jdk-17.0.19.10-hotspot\bin\VCRUNTIME140.dll
0x00007ffd1d740000 - 0x00007ffd1d907000 	C:\WINDOWS\System32\USER32.dll
0x00007ffd1cea0000 - 0x00007ffd1cec7000 	C:\WINDOWS\System32\win32u.dll
0x00007ffd1f6c0000 - 0x00007ffd1f6eb000 	C:\WINDOWS\System32\GDI32.dll
0x00007ffd06b90000 - 0x00007ffd06e22000 	C:\WINDOWS\WinSxS\amd64_microsoft.windows.common-controls_6595b64144ccf1df_6.0.26100.8894_none_3e0f749ee32e02ea\COMCTL32.dll
0x00007ffd1d420000 - 0x00007ffd1d54a000 	C:\WINDOWS\System32\gdi32full.dll
0x00007ffd1ef90000 - 0x00007ffd1f039000 	C:\WINDOWS\System32\msvcrt.dll
0x00007ffd1cf60000 - 0x00007ffd1d003000 	C:\WINDOWS\System32\msvcp_win.dll
0x00007ffd1dca0000 - 0x00007ffd1dcd2000 	C:\WINDOWS\System32\IMM32.DLL
0x00007ffd0cce0000 - 0x00007ffd0ccec000 	C:\Program Files\Microsoft\jdk-17.0.19.10-hotspot\bin\vcruntime140_1.dll
0x00007ffcce1f0000 - 0x00007ffcce279000 	C:\Program Files\Microsoft\jdk-17.0.19.10-hotspot\bin\msvcp140.dll
0x00007ffc5c6a0000 - 0x00007ffc5d31b000 	C:\Program Files\Microsoft\jdk-17.0.19.10-hotspot\bin\server\jvm.dll
0x00007ffd1eba0000 - 0x00007ffd1ec57000 	C:\WINDOWS\System32\ADVAPI32.dll
0x00007ffd1d550000 - 0x00007ffd1d5fa000 	C:\WINDOWS\System32\sechost.dll
0x00007ffd1dce0000 - 0x00007ffd1ddf8000 	C:\WINDOWS\System32\RPCRT4.dll
0x00007ffd1f700000 - 0x00007ffd1f780000 	C:\WINDOWS\System32\WS2_32.dll
0x00007ffd1c890000 - 0x00007ffd1c8ee000 	C:\WINDOWS\SYSTEM32\POWRPROF.dll
0x00007ffd15fb0000 - 0x00007ffd15fe6000 	C:\WINDOWS\SYSTEM32\WINMM.dll
0x00007ffd15ff0000 - 0x00007ffd15ffb000 	C:\WINDOWS\SYSTEM32\VERSION.dll
0x00007ffd1c870000 - 0x00007ffd1c884000 	C:\WINDOWS\SYSTEM32\UMPDC.dll
0x00007ffd1b720000 - 0x00007ffd1b73b000 	C:\WINDOWS\SYSTEM32\kernel.appcore.dll
0x00007ffd03ad0000 - 0x00007ffd03ada000 	C:\Program Files\Microsoft\jdk-17.0.19.10-hotspot\bin\jimage.dll
0x00007ffd1a250000 - 0x00007ffd1a492000 	C:\WINDOWS\SYSTEM32\DBGHELP.DLL
0x00007ffd1d910000 - 0x00007ffd1dc93000 	C:\WINDOWS\System32\combase.dll
0x00007ffd1eac0000 - 0x00007ffd1eb99000 	C:\WINDOWS\System32\OLEAUT32.dll
0x00007ffd054b0000 - 0x00007ffd054eb000 	C:\WINDOWS\SYSTEM32\dbgcore.DLL
0x00007ffd1cbc0000 - 0x00007ffd1cc6c000 	C:\WINDOWS\System32\bcryptPrimitives.dll
0x00007ffcf9200000 - 0x00007ffcf920f000 	C:\Program Files\Microsoft\jdk-17.0.19.10-hotspot\bin\instrument.dll
0x00007ffcf98a0000 - 0x00007ffcf98c6000 	C:\Program Files\Microsoft\jdk-17.0.19.10-hotspot\bin\java.dll
0x00007ffcace70000 - 0x00007ffcacf46000 	C:\Program Files\Microsoft\jdk-17.0.19.10-hotspot\bin\jsvml.dll
0x00007ffd1de30000 - 0x00007ffd1e5c2000 	C:\WINDOWS\System32\SHELL32.dll
0x00007ffd1a4d0000 - 0x00007ffd1ad62000 	C:\WINDOWS\SYSTEM32\windows.storage.dll
0x00007ffd1f0f0000 - 0x00007ffd1f1e7000 	C:\WINDOWS\System32\SHCORE.dll
0x00007ffd1d600000 - 0x00007ffd1d667000 	C:\WINDOWS\System32\shlwapi.dll
0x00007ffd1c960000 - 0x00007ffd1c989000 	C:\WINDOWS\SYSTEM32\profapi.dll
0x00007ffcf9310000 - 0x00007ffcf9328000 	C:\Program Files\Microsoft\jdk-17.0.19.10-hotspot\bin\zip.dll
0x00007ffcf9860000 - 0x00007ffcf987b000 	C:\Program Files\Microsoft\jdk-17.0.19.10-hotspot\bin\net.dll
0x00007ffd12ba0000 - 0x00007ffd12cc7000 	C:\WINDOWS\SYSTEM32\WINHTTP.dll
0x00007ffd1bcd0000 - 0x00007ffd1bd3c000 	C:\WINDOWS\system32\mswsock.dll
0x00007ffcf9740000 - 0x00007ffcf9756000 	C:\Program Files\Microsoft\jdk-17.0.19.10-hotspot\bin\nio.dll
0x00007ffcf9210000 - 0x00007ffcf9220000 	C:\Program Files\Microsoft\jdk-17.0.19.10-hotspot\bin\verify.dll
0x00007ffcd1f20000 - 0x00007ffcd1f47000 	C:\Users\prath\.gradle\native\660c5614fbf4a5f2a75b1949f50a0caf5cd603558e7d8a26e50b933a0cfb79d1\windows-amd64\native-platform.dll
0x00007ffca69e0000 - 0x00007ffca6a57000 	C:\Users\prath\.gradle\native\0.2.8\x86_64-windows-gnu\gradle-fileevents.dll
0x00007ffcf9970000 - 0x00007ffcf997a000 	C:\Program Files\Microsoft\jdk-17.0.19.10-hotspot\bin\management.dll
0x00007ffcf9850000 - 0x00007ffcf985c000 	C:\Program Files\Microsoft\jdk-17.0.19.10-hotspot\bin\management_ext.dll
0x00007ffd1f1f0000 - 0x00007ffd1f1f8000 	C:\WINDOWS\System32\PSAPI.DLL
0x00007ffd1b0a0000 - 0x00007ffd1b0d3000 	C:\WINDOWS\SYSTEM32\IPHLPAPI.DLL
0x00007ffd1d730000 - 0x00007ffd1d73a000 	C:\WINDOWS\System32\NSI.dll
0x00007ffd126b0000 - 0x00007ffd126cd000 	C:\WINDOWS\SYSTEM32\dhcpcsvc6.DLL
0x00007ffd12680000 - 0x00007ffd126a5000 	C:\WINDOWS\SYSTEM32\dhcpcsvc.DLL
0x00007ffd1b130000 - 0x00007ffd1b286000 	C:\WINDOWS\SYSTEM32\DNSAPI.dll
0x00007ffd1bab0000 - 0x00007ffd1babd000 	C:\WINDOWS\SYSTEM32\DSPARSE.dll
0x00007ffcf9730000 - 0x00007ffcf9739000 	C:\Program Files\Microsoft\jdk-17.0.19.10-hotspot\bin\extnet.dll
0x00007ffd1bfd0000 - 0x00007ffd1bfeb000 	C:\WINDOWS\SYSTEM32\CRYPTSP.dll
0x00007ffd1b680000 - 0x00007ffd1b6b9000 	C:\WINDOWS\system32\rsaenh.dll
0x00007ffd1bd90000 - 0x00007ffd1bdc2000 	C:\WINDOWS\SYSTEM32\USERENV.dll
0x00007ffd1c930000 - 0x00007ffd1c95a000 	C:\WINDOWS\SYSTEM32\bcrypt.dll
0x00007ffd1bff0000 - 0x00007ffd1bffc000 	C:\WINDOWS\SYSTEM32\CRYPTBASE.dll
0x00007ffcf8e80000 - 0x00007ffcf8e8e000 	C:\Program Files\Microsoft\jdk-17.0.19.10-hotspot\bin\sunmscapi.dll
0x00007ffd1ca40000 - 0x00007ffd1cbb8000 	C:\WINDOWS\System32\CRYPT32.dll
0x00007ffd1c210000 - 0x00007ffd1c240000 	C:\WINDOWS\SYSTEM32\ncrypt.dll
0x00007ffd1c1c0000 - 0x00007ffd1c1ff000 	C:\WINDOWS\SYSTEM32\NTASN1.dll
0x00007ffcdedb0000 - 0x00007ffcdedb8000 	C:\WINDOWS\system32\wshunix.dll

dbghelp: loaded successfully - version: 4.0.5 - missing functions: none
symbol engine: initialized successfully - sym options: 0x614 - pdb path: .;C:\Program Files\Microsoft\jdk-17.0.19.10-hotspot\bin;C:\WINDOWS\SYSTEM32;C:\WINDOWS\WinSxS\amd64_microsoft.windows.common-controls_6595b64144ccf1df_6.0.26100.8894_none_3e0f749ee32e02ea;C:\Program Files\Microsoft\jdk-17.0.19.10-hotspot\bin\server;C:\Users\prath\.gradle\native\660c5614fbf4a5f2a75b1949f50a0caf5cd603558e7d8a26e50b933a0cfb79d1\windows-amd64;C:\Users\prath\.gradle\native\0.2.8\x86_64-windows-gnu

VM Arguments:
jvm_args: --add-opens=java.base/java.lang=ALL-UNNAMED --add-opens=java.base/java.lang.invoke=ALL-UNNAMED --add-opens=java.base/java.util=ALL-UNNAMED --add-opens=java.prefs/java.util.prefs=ALL-UNNAMED --add-exports=jdk.compiler/com.sun.tools.javac.api=ALL-UNNAMED --add-exports=jdk.compiler/com.sun.tools.javac.util=ALL-UNNAMED --add-opens=java.base/java.util=ALL-UNNAMED --add-opens=java.prefs/java.util.prefs=ALL-UNNAMED --add-opens=java.base/java.nio.charset=ALL-UNNAMED --add-opens=java.base/java.net=ALL-UNNAMED --add-opens=java.base/java.util.concurrent=ALL-UNNAMED --add-opens=java.base/java.util.concurrent.atomic=ALL-UNNAMED --add-opens=java.xml/javax.xml.namespace=ALL-UNNAMED --add-opens=java.base/java.time=ALL-UNNAMED -XX:MaxMetaspaceSize=512m -Xmx1536m -Dfile.encoding=UTF-8 -Duser.country=US -Duser.language=en -Duser.variant -javaagent:C:\Users\prath\.gradle\wrapper\dists\gradle-9.3.1-bin\23ovyewtku6u96viwx3xl3oks\gradle-9.3.1\lib\agents\gradle-instrumentation-agent-9.3.1.jar 
java_command: org.gradle.launcher.daemon.bootstrap.GradleDaemon 9.3.1
java_class_path (initial): C:\Users\prath\.gradle\wrapper\dists\gradle-9.3.1-bin\23ovyewtku6u96viwx3xl3oks\gradle-9.3.1\lib\gradle-daemon-main-9.3.1.jar
Launcher Type: SUN_STANDARD

[Global flags]
     intx CICompilerCount                          = 4                                         {product} {ergonomic}
   size_t CompressedClassSpaceSize                 = 436207616                                 {product} {ergonomic}
     uint ConcGCThreads                            = 3                                         {product} {ergonomic}
     uint G1ConcRefinementThreads                  = 10                                        {product} {ergonomic}
   size_t G1HeapRegionSize                         = 1048576                                   {product} {ergonomic}
    uintx GCDrainStackTargetSize                   = 64                                        {product} {ergonomic}
   size_t InitialHeapSize                          = 98566144                                  {product} {ergonomic}
   size_t MarkStackSize                            = 4194304                                   {product} {ergonomic}
   size_t MaxHeapSize                              = 1610612736                                {product} {command line}
   size_t MaxMetaspaceSize                         = 536870912                                 {product} {command line}
   size_t MaxNewSize                               = 965738496                                 {product} {ergonomic}
   size_t MinHeapDeltaBytes                        = 1048576                                   {product} {ergonomic}
   size_t MinHeapSize                              = 8388608                                   {product} {ergonomic}
    uintx NonNMethodCodeHeapSize                   = 5839372                                {pd product} {ergonomic}
    uintx NonProfiledCodeHeapSize                  = 122909434                              {pd product} {ergonomic}
    uintx ProfiledCodeHeapSize                     = 122909434                              {pd product} {ergonomic}
    uintx ReservedCodeCacheSize                    = 251658240                              {pd product} {ergonomic}
     bool SegmentedCodeCache                       = true                                      {product} {ergonomic}
   size_t SoftMaxHeapSize                          = 1610612736                             {manageable} {ergonomic}
     bool UseCompressedClassPointers               = true                           {product lp64_product} {ergonomic}
     bool UseCompressedOops                        = true                           {product lp64_product} {ergonomic}
     bool UseG1GC                                  = true                                      {product} {ergonomic}
     bool UseLargePagesIndividualAllocation        = false                                  {pd product} {ergonomic}

Logging:
Log output configuration:
 #0: stdout all=warning uptime,level,tags
 #1: stderr all=off uptime,level,tags

Environment Variables:
JAVA_HOME=C:\Program Files\Microsoft\jdk-17.0.19.10-hotspot
CLASSPATH=.;D:\Training\java\mysql-connector-j-9.5.0.jar
PATH=D:\Training\project-a\projectvideo-app\projectvideo-frontend\node_modules\.bin;D:\Training\project-a\projectvideo-app\projectvideo-frontend\node_modules\.bin;D:\Training\project-a\projectvideo-app\node_modules\.bin;D:\Training\project-a\node_modules\.bin;D:\Training\node_modules\.bin;D:\node_modules\.bin;C:\Users\prath\AppData\Local\nvm\v20.20.2\node_modules\npm\node_modules\@npmcli\run-script\lib\node-gyp-bin;C:/Users/prath/.gemini/antigravity-ide/bin;C:\Users\prath\AppData\Local\Android\Sdk;C:\Users\prath\AppData\Local\Android\Sdk\platform-tools;C:\Users\prath\AppData\Local\Android\Sdk\emulator;C:\Program Files\Microsoft\jdk-17.0.19.10-hotspot\bin;C:\Windows\Microsoft.NET\Framework64\v4.0.30319;C:\Program Files (x86)\SQlite;C:\Program Files\MySQL\MySQL Server 8.0\bin;C:\Program Files\VideoLAN\VLC\;D:\Users\prath\AppData\Roaming\Python\Python311\Scripts;C:\Program Files\Python311\Scripts\;C:\Program Files\Python311\;C:\Program Files\Common Files\Oracle\Java\javapath;C:\WINDOWS\system32;C:\WINDOWS;C:\WINDOWS\System32\Wbem;C:\WINDOWS\System32\WindowsPowerShell\v1.0\;C:\WINDOWS\System32\OpenSSH\;C:\Program Files\Java\jdk-18.0.2.1\bin;C:\Program Files\Microsoft SQL Server\140\Tools\Binn\;C:\Program Files\Git\cmd;C:\Program Files\Microsoft SQL Server\150\Tools\Binn\;C:\Program Files\Microsoft SQL Server\Client SDK\ODBC\170\Tools\Binn\;C:\Program Files\dotnet\;C:\Users\prath\AppData\Roaming\Python\Python311\Scripts;C:\Program Files\WireGuard\;C:\Program Files\CodeBlocks\MinGW\bin;C:\Program Files\mysql-connector\mysql-connector-j-9.5.0\mysql-connector-j-9.5.0.jar;C:\Program Files\PostgreSQL\13\bin;C:\Program Files\PostgreSQL\18\bin;C:\Users\prath\AppData\Local\nvm;C:\nvm4w\nodejs;C:\ProgramData\chocolatey\bin;C:\Program Files\nodejs\;C:\Users\prath\AppData\Local\Android\Sdk\platform-tools;C:\Users\prath\AppData\Local\Android\Sdk\emulator;C:\Program Files\Microsoft\jdk-17.0.19.10-hotspot\bin;C:\Users\prath\AppData\Local\Android\Sdk\platform-tools;C:\Users\prath\AppData\Local\Android\Sdk\emulator;C:\Users\prath\AppData\Local\Android\Sdk;C:\Users\prath\AppData\Local\Microsoft\WindowsApps;C:\Users\prath\.dotnet\tools;C:\Users\prath\AppData\Local\Programs\Microsoft VS Code\bin;C:\Users\prath\AppData\Local\Microsoft\GitHubDesktop\bin;C:\Users\prath\AppData\Local\GitHubDesktop\bin;C:\Users\prath\AppData\Local\Programs\Hyper\resources\bin;C:\Program Files\sf\bin;C:\Program Files\Common Files\Oracle\Java\javapath\sf\bin;C:\Users\prath\Downloads\flutter\bin;C:\Users\prath\AppData\Local\nvm;C:\nvm4w\nodejs;C:\Users\prath\AppData\Roaming\npm;C:\Users\prath\AppData\Local\Programs\Antigravity IDE\bin;C:\Users\prath\AppData\Local\Microsoft\WinGet\Packages\Gyan.FFmpeg_Microsoft.Winget.Source_8wekyb3d8bbwe\ffmpeg-8.1.2-full_build\bin;
USERNAME=prath
OS=Windows_NT
PROCESSOR_IDENTIFIER=AMD64 Family 23 Model 104 Stepping 1, AuthenticAMD
TMP=C:\Users\prath\AppData\Local\Temp
TEMP=C:\Users\prath\AppData\Local\Temp



Periodic native trim disabled


---------------  S Y S T E M  ---------------

OS:
 Windows 11 , 64 bit Build 26100 (10.0.26100.8875)
OS uptime: 0 days 5:45 hours
Hyper-V role detected

CPU: total 12 (initial active 12) (12 cores per cpu, 2 threads per core) family 23 model 104 stepping 1 microcode 0x8608103, cx8, cmov, fxsr, ht, mmx, 3dnowpref, sse, sse2, sse3, ssse3, sse4a, sse4.1, sse4.2, popcnt, lzcnt, tsc, tscinvbit, avx, avx2, aes, clmul, bmi1, bmi2, adx, sha, fma, vzeroupper, clflush, clflushopt, hv
Processor Information for the first 12 processors :
  Max Mhz: 2100, Current Mhz: 1686, Mhz Limit: 2100

Memory: 4k page, system-wide physical 5989M (1009M free)
TotalPageFile size 24421M (AvailPageFile size 2M)
current process WorkingSet (physical memory assigned to process): 398M, peak: 398M
current process commit charge ("private bytes"): 756M, peak: 761M

vm_info: OpenJDK 64-Bit Server VM (17.0.19+10-LTS) for windows-amd64 JRE (17.0.19+10-LTS), built on Apr 18 2026 18:24:40 by "MicrosoftCorporation" with MS VC++ 17.14 (VS2022)

END.
