#
# There is insufficient memory for the Java Runtime Environment to continue.
# Native memory allocation (malloc) failed to allocate 1336656 bytes. Error detail: Chunk::new
# Possible reasons:
#   The system is out of physical RAM or swap space
#   This process is running with CompressedOops enabled, and the Java Heap may be blocking the growth of the native heap
# Possible solutions:
#   Reduce memory load on the system
#   Increase physical memory or swap space
#   Check if swap backing store is full
#   Decrease Java heap size (-Xmx/-Xms)
#   Decrease number of Java threads
#   Decrease Java thread stack sizes (-Xss)
#   Set larger code cache with -XX:ReservedCodeCacheSize=
#   JVM is running with Unscaled Compressed Oops mode in which the Java heap is
#     placed in the first 4GB address space. The Java Heap base address is the
#     maximum limit for the native heap growth. Please use -XX:HeapBaseMinAddress
#     to set the Java Heap base and to place the Java Heap above 4GB virtual address.
# This output file may be truncated or incomplete.
#
#  Out of Memory Error (arena.cpp:191), pid=29888, tid=23588
#
# JRE version: OpenJDK Runtime Environment Microsoft-13877129 (17.0.19+10) (build 17.0.19+10-LTS)
# Java VM: OpenJDK 64-Bit Server VM Microsoft-13877129 (17.0.19+10-LTS, mixed mode, sharing, tiered, compressed oops, compressed class ptrs, g1 gc, windows-amd64)
# No core dump will be written. Minidumps are not enabled by default on client versions of Windows
#

---------------  S U M M A R Y ------------

Command Line: --add-opens=java.base/java.lang=ALL-UNNAMED --add-opens=java.base/java.lang.invoke=ALL-UNNAMED --add-opens=java.base/java.util=ALL-UNNAMED --add-opens=java.prefs/java.util.prefs=ALL-UNNAMED --add-exports=jdk.compiler/com.sun.tools.javac.api=ALL-UNNAMED --add-exports=jdk.compiler/com.sun.tools.javac.util=ALL-UNNAMED --add-opens=java.base/java.util=ALL-UNNAMED --add-opens=java.prefs/java.util.prefs=ALL-UNNAMED --add-opens=java.base/java.nio.charset=ALL-UNNAMED --add-opens=java.base/java.net=ALL-UNNAMED --add-opens=java.base/java.util.concurrent=ALL-UNNAMED --add-opens=java.base/java.util.concurrent.atomic=ALL-UNNAMED --add-opens=java.xml/javax.xml.namespace=ALL-UNNAMED --add-opens=java.base/java.time=ALL-UNNAMED -XX:MaxMetaspaceSize=512m -Xmx1536m -Dfile.encoding=UTF-8 -Duser.country=US -Duser.language=en -Duser.variant -javaagent:C:\Users\prath\.gradle\wrapper\dists\gradle-9.3.1-bin\23ovyewtku6u96viwx3xl3oks\gradle-9.3.1\lib\agents\gradle-instrumentation-agent-9.3.1.jar org.gradle.launcher.daemon.bootstrap.GradleDaemon 9.3.1

Host: AMD Ryzen 5 5500U with Radeon Graphics         , 12 cores, 5G,  Windows 11 , 64 bit Build 26100 (10.0.26100.8875)
Time: Tue Jul 28 18:30:07 2026 India Standard Time elapsed time: 262.269036 seconds (0d 0h 4m 22s)

---------------  T H R E A D  ---------------

Current thread (0x000001abf9029aa0):  JavaThread "C2 CompilerThread1" daemon [_thread_in_native, id=23588, stack(0x0000007534f00000,0x0000007535000000)]


Current CompileTask:
C2:262269 25895       4       org.jetbrains.kotlin.fir.backend.Fir2IrClassifierStorage::getIrClass (253 bytes)

Stack: [0x0000007534f00000,0x0000007535000000]
Native frames: (J=compiled Java code, j=interpreted, Vv=VM code, C=native code)
V  [jvm.dll+0x68cc89]  (no source info available)
V  [jvm.dll+0x845d89]  (no source info available)
V  [jvm.dll+0x847af8]  (no source info available)
V  [jvm.dll+0x848183]  (no source info available)
V  [jvm.dll+0x24d0bf]  (no source info available)
V  [jvm.dll+0xaed56]  (no source info available)
V  [jvm.dll+0xaf3fc]  (no source info available)
V  [jvm.dll+0x37186f]  (no source info available)
V  [jvm.dll+0x33baf5]  (no source info available)
V  [jvm.dll+0x33af5a]  (no source info available)
V  [jvm.dll+0x21dfc9]  (no source info available)
V  [jvm.dll+0x21d412]  (no source info available)
V  [jvm.dll+0x1a8db6]  (no source info available)
V  [jvm.dll+0x22dc6b]  (no source info available)
V  [jvm.dll+0x22bdf6]  (no source info available)
V  [jvm.dll+0x7fbecb]  (no source info available)
V  [jvm.dll+0x7f62cc]  (no source info available)
V  [jvm.dll+0x68e227]  (no source info available)
C  [ucrtbase.dll+0x2cd30]  (no source info available)
C  [KERNEL32.DLL+0x2e957]  (no source info available)
C  [ntdll.dll+0xaad6c]  (no source info available)


---------------  P R O C E S S  ---------------

Threads class SMR info:
_java_thread_list=0x000001abf3e74aa0, length=79, elements={
0x000001abc9f055d0, 0x000001abe75287d0, 0x000001abe7529a40, 0x000001abe75458d0,
0x000001abe75461a0, 0x000001abe7547620, 0x000001abe7547ef0, 0x000001abe7551350,
0x000001abe7552400, 0x000001abe75534b0, 0x000001abe7515c10, 0x000001abe77b3480,
0x000001abeca8ce60, 0x000001abe77f8d20, 0x000001abed52b480, 0x000001abed5dba80,
0x000001abed549c60, 0x000001abed5aeb20, 0x000001abed5b0980, 0x000001abed5b18b0,
0x000001abed5b0e90, 0x000001abed5b13a0, 0x000001abed5af540, 0x000001abed5b1dc0,
0x000001abed5b22d0, 0x000001abed5aff60, 0x000001abed5b0470, 0x000001abeca97860,
0x000001abeca95f10, 0x000001abeca96420, 0x000001abeca98ca0, 0x000001abeca96930,
0x000001abeca97d70, 0x000001abeca97350, 0x000001abeca98280, 0x000001abeca98790,
0x000001abeca95a00, 0x000001abeca954f0, 0x000001abeca996c0, 0x000001abeca99bd0,
0x000001abeca9ab00, 0x000001abeca9b010, 0x000001abeca9a0e0, 0x000001abeca9bf40,
0x000001abeca9ce70, 0x000001abf0e1d700, 0x000001abf0e1ae80, 0x000001abf0e1cce0,
0x000001abf0e1d1f0, 0x000001abf0e1dc10, 0x000001abf0e1e630, 0x000001abf0e1b8a0,
0x000001abf0e1bdb0, 0x000001abed7803f0, 0x000001abed782250, 0x000001abed77eaa0,
0x000001abed781320, 0x000001abed77efb0, 0x000001abed77f9d0, 0x000001abed782c70,
0x000001abed77fee0, 0x000001abed783ba0, 0x000001abed7840b0, 0x000001abed781830,
0x000001abf173f120, 0x000001abf173ec10, 0x000001abf173dce0, 0x000001abf173e1f0,
0x000001abf1740050, 0x000001abf173be80, 0x000001abf1740f80, 0x000001abf173d2c0,
0x000001abf17423c0, 0x000001abf17428d0, 0x000001abf1742de0, 0x000001abed782760,
0x000001abed783690, 0x000001abf9029aa0, 0x000001abf0ab9bc0
}

Java Threads: ( => current thread )
  0x000001abc9f055d0 JavaThread "main" [_thread_blocked, id=12404, stack(0x0000007530800000,0x0000007530900000)]
  0x000001abe75287d0 JavaThread "Reference Handler" daemon [_thread_blocked, id=29120, stack(0x0000007530f00000,0x0000007531000000)]
  0x000001abe7529a40 JavaThread "Finalizer" daemon [_thread_blocked, id=13508, stack(0x0000007531000000,0x0000007531100000)]
  0x000001abe75458d0 JavaThread "Signal Dispatcher" daemon [_thread_blocked, id=2144, stack(0x0000007531100000,0x0000007531200000)]
  0x000001abe75461a0 JavaThread "Attach Listener" daemon [_thread_blocked, id=13360, stack(0x0000007531200000,0x0000007531300000)]
  0x000001abe7547620 JavaThread "Service Thread" daemon [_thread_blocked, id=27460, stack(0x0000007531300000,0x0000007531400000)]
  0x000001abe7547ef0 JavaThread "Monitor Deflation Thread" daemon [_thread_blocked, id=29240, stack(0x0000007531400000,0x0000007531500000)]
  0x000001abe7551350 JavaThread "C2 CompilerThread0" daemon [_thread_in_native, id=25412, stack(0x0000007531500000,0x0000007531600000)]
  0x000001abe7552400 JavaThread "C1 CompilerThread0" daemon [_thread_blocked, id=5112, stack(0x0000007531600000,0x0000007531700000)]
  0x000001abe75534b0 JavaThread "Sweeper thread" daemon [_thread_blocked, id=20684, stack(0x0000007531700000,0x0000007531800000)]
  0x000001abe7515c10 JavaThread "Common-Cleaner" daemon [_thread_blocked, id=26652, stack(0x0000007531800000,0x0000007531900000)]
  0x000001abe77b3480 JavaThread "Notification Thread" daemon [_thread_blocked, id=22068, stack(0x0000007531900000,0x0000007531a00000)]
  0x000001abeca8ce60 JavaThread "Daemon health stats" [_thread_blocked, id=29100, stack(0x0000007531f00000,0x0000007532000000)]
  0x000001abe77f8d20 JavaThread "Incoming local TCP Connector on port 54384" [_thread_in_native, id=15648, stack(0x0000007532000000,0x0000007532100000)]
  0x000001abed52b480 JavaThread "Daemon periodic checks" [_thread_blocked, id=29488, stack(0x0000007532100000,0x0000007532200000)]
  0x000001abed5dba80 JavaThread "Daemon" [_thread_blocked, id=15844, stack(0x0000007532200000,0x0000007532300000)]
  0x000001abed549c60 JavaThread "Handler for socket connection from /127.0.0.1:54384 to /127.0.0.1:54385" [_thread_in_native, id=30312, stack(0x0000007532300000,0x0000007532400000)]
  0x000001abed5aeb20 JavaThread "Cancel handler" [_thread_blocked, id=8416, stack(0x0000007532400000,0x0000007532500000)]
  0x000001abed5b0980 JavaThread "Daemon worker" [_thread_blocked, id=29420, stack(0x0000007532500000,0x0000007532600000)]
  0x000001abed5b18b0 JavaThread "Asynchronous log dispatcher for DefaultDaemonConnection: socket connection from /127.0.0.1:54384 to /127.0.0.1:54385" [_thread_blocked, id=5736, stack(0x0000007532600000,0x0000007532700000)]
  0x000001abed5b0e90 JavaThread "Stdin handler" [_thread_blocked, id=24132, stack(0x0000007532700000,0x0000007532800000)]
  0x000001abed5b13a0 JavaThread "Daemon client event forwarder" [_thread_blocked, id=22688, stack(0x0000007532800000,0x0000007532900000)]
  0x000001abed5af540 JavaThread "Cache worker for journal cache (C:\Users\prath\.gradle\caches\journal-1)" [_thread_blocked, id=27176, stack(0x0000007532e00000,0x0000007532f00000)]
  0x000001abed5b1dc0 JavaThread "File lock request listener" [_thread_in_native, id=29212, stack(0x0000007532f00000,0x0000007533000000)]
  0x000001abed5b22d0 JavaThread "Cache worker for file hash cache (C:\Users\prath\.gradle\caches\9.3.1\fileHashes)" [_thread_blocked, id=29292, stack(0x0000007533000000,0x0000007533100000)]
  0x000001abed5aff60 JavaThread "Cache worker for file hash cache (D:\Training\project-a\projectvideo-app\projectvideo-frontend\android\.gradle\9.3.1\fileHashes)" [_thread_blocked, id=29256, stack(0x0000007533400000,0x0000007533500000)]
  0x000001abed5b0470 JavaThread "Cache worker for Build Output Cleanup Cache (D:\Training\project-a\projectvideo-app\projectvideo-frontend\android\.gradle\buildOutputCleanup)" [_thread_blocked, id=10064, stack(0x0000007533500000,0x0000007533600000)]
  0x000001abeca97860 JavaThread "File watcher server" daemon [_thread_in_native, id=29760, stack(0x0000007533600000,0x0000007533700000)]
  0x000001abeca95f10 JavaThread "File watcher consumer" daemon [_thread_blocked, id=30076, stack(0x0000007533700000,0x0000007533800000)]
  0x000001abeca96420 JavaThread "Cache worker for checksums cache (D:\Training\project-a\projectvideo-app\projectvideo-frontend\android\.gradle\9.3.1\checksums)" [_thread_blocked, id=29568, stack(0x0000007533800000,0x0000007533900000)]
  0x000001abeca98ca0 JavaThread "Cache worker for file content cache (C:\Users\prath\.gradle\caches\9.3.1\fileContent)" [_thread_blocked, id=7680, stack(0x0000007533900000,0x0000007533a00000)]
  0x000001abeca96930 JavaThread "Cache worker for cache directory md-supplier (C:\Users\prath\.gradle\caches\9.3.1\md-supplier)" [_thread_blocked, id=21620, stack(0x0000007533a00000,0x0000007533b00000)]
  0x000001abeca97d70 JavaThread "Cache worker for cache directory md-rule (C:\Users\prath\.gradle\caches\9.3.1\md-rule)" [_thread_blocked, id=24116, stack(0x0000007533b00000,0x0000007533c00000)]
  0x000001abeca97350 JavaThread "jar transforms" [_thread_blocked, id=27576, stack(0x0000007533c00000,0x0000007533d00000)]
  0x000001abeca98280 JavaThread "Cache worker for Build Output Cleanup Cache (D:\Training\project-a\projectvideo-app\projectvideo-frontend\node_modules\@react-native\gradle-plugin\.gradle\buildOutputCleanup)" [_thread_blocked, id=13516, stack(0x0000007533d00000,0x0000007533e00000)]
  0x000001abeca98790 JavaThread "Unconstrained build operations" [_thread_blocked, id=26272, stack(0x0000007534000000,0x0000007534100000)]
  0x000001abeca95a00 JavaThread "Unconstrained build operations Thread 2" [_thread_blocked, id=28084, stack(0x0000007534100000,0x0000007534200000)]
  0x000001abeca954f0 JavaThread "Unconstrained build operations Thread 3" [_thread_blocked, id=14092, stack(0x0000007534200000,0x0000007534300000)]
  0x000001abeca996c0 JavaThread "Unconstrained build operations Thread 4" [_thread_blocked, id=3176, stack(0x0000007534300000,0x0000007534400000)]
  0x000001abeca99bd0 JavaThread "Unconstrained build operations Thread 5" [_thread_blocked, id=24228, stack(0x0000007534400000,0x0000007534500000)]
  0x000001abeca9ab00 JavaThread "Unconstrained build operations Thread 6" [_thread_blocked, id=24204, stack(0x0000007534500000,0x0000007534600000)]
  0x000001abeca9b010 JavaThread "build event listener" [_thread_blocked, id=13716, stack(0x0000007530700000,0x0000007530800000)]
  0x000001abeca9a0e0 JavaThread "Memory manager" [_thread_blocked, id=29616, stack(0x0000007530600000,0x0000007530700000)]
  0x000001abeca9bf40 JavaThread "Problems report writer" [_thread_blocked, id=10436, stack(0x0000007534600000,0x0000007534700000)]
  0x000001abeca9ce70 JavaThread "ForkJoinPool.commonPool-worker-1" daemon [_thread_blocked, id=29508, stack(0x0000007534700000,0x0000007534800000)]
  0x000001abf0e1d700 JavaThread "ForkJoinPool.commonPool-worker-2" daemon [_thread_blocked, id=17580, stack(0x0000007534800000,0x0000007534900000)]
  0x000001abf0e1ae80 JavaThread "ForkJoinPool.commonPool-worker-3" daemon [_thread_blocked, id=27684, stack(0x0000007534900000,0x0000007534a00000)]
  0x000001abf0e1cce0 JavaThread "ForkJoinPool.commonPool-worker-4" daemon [_thread_blocked, id=27116, stack(0x0000007534a00000,0x0000007534b00000)]
  0x000001abf0e1d1f0 JavaThread "ForkJoinPool.commonPool-worker-5" daemon [_thread_blocked, id=29676, stack(0x0000007534b00000,0x0000007534c00000)]
  0x000001abf0e1dc10 JavaThread "ForkJoinPool.commonPool-worker-7" daemon [_thread_blocked, id=18172, stack(0x0000007534d00000,0x0000007534e00000)]
  0x000001abf0e1e630 JavaThread "ForkJoinPool.commonPool-worker-8" daemon [_thread_blocked, id=28020, stack(0x0000007534e00000,0x0000007534f00000)]
  0x000001abf0e1b8a0 JavaThread "ForkJoinPool.commonPool-worker-10" daemon [_thread_blocked, id=27600, stack(0x0000007535000000,0x0000007535100000)]
  0x000001abf0e1bdb0 JavaThread "ForkJoinPool.commonPool-worker-11" daemon [_thread_blocked, id=24032, stack(0x0000007535100000,0x0000007535200000)]
  0x000001abed7803f0 JavaThread "Cache worker for execution history cache (D:\Training\project-a\projectvideo-app\projectvideo-frontend\node_modules\@react-native\gradle-plugin\.gradle\9.3.1\executionHistory)" [_thread_blocked, id=20932, stack(0x0000007535600000,0x0000007535700000)]
  0x000001abed782250 JavaThread "Unconstrained build operations Thread 7" [_thread_blocked, id=15932, stack(0x0000007535700000,0x0000007535800000)]
  0x000001abed77eaa0 JavaThread "Unconstrained build operations Thread 8" [_thread_blocked, id=30212, stack(0x0000007535800000,0x0000007535900000)]
  0x000001abed781320 JavaThread "Unconstrained build operations Thread 9" [_thread_blocked, id=28032, stack(0x0000007535900000,0x0000007535a00000)]
  0x000001abed77efb0 JavaThread "Unconstrained build operations Thread 10" [_thread_blocked, id=13164, stack(0x0000007530500000,0x0000007530600000)]
  0x000001abed77f9d0 JavaThread "jar transforms Thread 2" [_thread_blocked, id=27000, stack(0x0000007535a00000,0x0000007535b00000)]
  0x000001abed782c70 JavaThread "jar transforms Thread 3" [_thread_blocked, id=29892, stack(0x0000007535b00000,0x0000007535c00000)]
  0x000001abed77fee0 JavaThread "jar transforms Thread 4" [_thread_blocked, id=2120, stack(0x0000007535c00000,0x0000007535d00000)]
  0x000001abed783ba0 JavaThread "jar transforms Thread 5" [_thread_blocked, id=27636, stack(0x0000007535d00000,0x0000007535e00000)]
  0x000001abed7840b0 JavaThread "jar transforms Thread 6" [_thread_blocked, id=25108, stack(0x0000007535e00000,0x0000007535f00000)]
  0x000001abed781830 JavaThread "build event listener" [_thread_blocked, id=5892, stack(0x0000007533100000,0x0000007533200000)]
  0x000001abf173f120 JavaThread "jar transforms Thread 7" [_thread_blocked, id=27760, stack(0x0000007533e00000,0x0000007533f00000)]
  0x000001abf173ec10 JavaThread "jar transforms Thread 8" [_thread_blocked, id=6972, stack(0x0000007534c00000,0x0000007534d00000)]
  0x000001abf173dce0 JavaThread "jar transforms Thread 9" [_thread_blocked, id=24240, stack(0x0000007535300000,0x0000007535400000)]
  0x000001abf173e1f0 JavaThread "jar transforms Thread 10" [_thread_blocked, id=7620, stack(0x0000007535400000,0x0000007535500000)]
  0x000001abf1740050 JavaThread "jar transforms Thread 11" [_thread_blocked, id=13068, stack(0x0000007535500000,0x0000007535600000)]
  0x000001abf173be80 JavaThread "jar transforms Thread 12" [_thread_blocked, id=388, stack(0x0000007536000000,0x0000007536100000)]
  0x000001abf1740f80 JavaThread "ForkJoinPool.commonPool-worker-12" daemon [_thread_blocked, id=21612, stack(0x0000007536400000,0x0000007536500000)]
  0x000001abf173d2c0 JavaThread "pool-3-thread-1" [_thread_blocked, id=4812, stack(0x0000007536500000,0x0000007536600000)]
  0x000001abf17423c0 JavaThread "build event listener" [_thread_blocked, id=29756, stack(0x0000007536600000,0x0000007536700000)]
  0x000001abf17428d0 JavaThread "included builds Thread 2" [_thread_blocked, id=12412, stack(0x0000007536700000,0x0000007536800000)]
  0x000001abf1742de0 JavaThread "Cache worker for execution history cache (D:\Training\project-a\projectvideo-app\projectvideo-frontend\android\.gradle\9.3.1\executionHistory)" [_thread_blocked, id=2088, stack(0x0000007536800000,0x0000007536900000)]
  0x000001abed782760 JavaThread "WorkerExecutor Queue" [_thread_blocked, id=28676, stack(0x0000007536900000,0x0000007536a00000)]
  0x000001abed783690 JavaThread "pool-4-thread-1" [_thread_in_native, id=27284, stack(0x0000007536a00000,0x0000007536b00000)]
=>0x000001abf9029aa0 JavaThread "C2 CompilerThread1" daemon [_thread_in_native, id=23588, stack(0x0000007534f00000,0x0000007535000000)]
  0x000001abf0ab9bc0 JavaThread "C2 CompilerThread2" daemon [_thread_in_native, id=22716, stack(0x0000007536100000,0x0000007536200000)]

Other Threads:
  0x000001abe7524040 VMThread "VM Thread" [stack: 0x0000007530e00000,0x0000007530f00000] [id=30484]
  0x000001abe770f520 WatcherThread [stack: 0x0000007531a00000,0x0000007531b00000] [id=13092]
  0x000001abc9f522d0 GCTaskThread "GC Thread#0" [stack: 0x0000007530900000,0x0000007530a00000] [id=11616]
  0x000001abe799d2b0 GCTaskThread "GC Thread#1" [stack: 0x0000007531b00000,0x0000007531c00000] [id=13304]
  0x000001abec080820 GCTaskThread "GC Thread#2" [stack: 0x0000007531c00000,0x0000007531d00000] [id=12924]
  0x000001abec35f0c0 GCTaskThread "GC Thread#3" [stack: 0x0000007531d00000,0x0000007531e00000] [id=30300]
  0x000001abec35eb20 GCTaskThread "GC Thread#4" [stack: 0x0000007531e00000,0x0000007531f00000] [id=29828]
  0x000001abec35dd10 GCTaskThread "GC Thread#5" [stack: 0x0000007532900000,0x0000007532a00000] [id=23064]
  0x000001abec35dfe0 GCTaskThread "GC Thread#6" [stack: 0x0000007532a00000,0x0000007532b00000] [id=28296]
  0x000001abec35e2b0 GCTaskThread "GC Thread#7" [stack: 0x0000007532b00000,0x0000007532c00000] [id=28988]
  0x000001abec35e580 GCTaskThread "GC Thread#8" [stack: 0x0000007532c00000,0x0000007532d00000] [id=26252]
  0x000001abec35e850 GCTaskThread "GC Thread#9" [stack: 0x0000007532d00000,0x0000007532e00000] [id=14480]
  0x000001abc9f60150 ConcurrentGCThread "G1 Main Marker" [stack: 0x0000007530a00000,0x0000007530b00000] [id=21192]
  0x000001abc9f61750 ConcurrentGCThread "G1 Conc#0" [stack: 0x0000007530b00000,0x0000007530c00000] [id=3196]
  0x000001abec878d90 ConcurrentGCThread "G1 Conc#1" [stack: 0x0000007533200000,0x0000007533300000] [id=13848]
  0x000001abec876900 ConcurrentGCThread "G1 Conc#2" [stack: 0x0000007533300000,0x0000007533400000] [id=920]
  0x000001abc9fad4b0 ConcurrentGCThread "G1 Refine#0" [stack: 0x0000007530c00000,0x0000007530d00000] [id=22296]
  0x000001abf1578030 ConcurrentGCThread "G1 Refine#1" [stack: 0x0000007535200000,0x0000007535300000] [id=26756]
  0x000001abe73d20c0 ConcurrentGCThread "G1 Service" [stack: 0x0000007530d00000,0x0000007530e00000] [id=30368]

Threads with active compile tasks:
C2 CompilerThread0  262415 25897       4       org.jetbrains.kotlin.fir.backend.Fir2IrTypeConverter::toIrType (1744 bytes)
C2 CompilerThread1  262415 25895       4       org.jetbrains.kotlin.fir.backend.Fir2IrClassifierStorage::getIrClass (253 bytes)
C2 CompilerThread2  262416 25936       4       org.jetbrains.kotlin.fir.java.declarations.FirJavaClass::getSuperTypeRefs (15 bytes)

VM state: not at safepoint (normal execution)

VM Mutex/Monitor currently owned by a thread: None

Heap address: 0x00000000a0000000, size: 1536 MB, Compressed Oops mode: 32-bit

CDS archive(s) mapped at: [0x000001ab80000000-0x000001ab80bb0000-0x000001ab80bb0000), size 12255232, SharedBaseAddress: 0x000001ab80000000, ArchiveRelocationMode: 1.
Compressed class space mapped at: 0x000001ab81000000-0x000001ab9b000000, reserved size: 436207616
Narrow klass base: 0x000001ab80000000, Narrow klass shift: 0, Narrow klass range: 0x100000000

GC Precious Log:
 CPUs: 12 total, 12 available
 Memory: 5989M
 Large Page Support: Disabled
 NUMA Support: Disabled
 Compressed Oops: Enabled (32-bit)
 Heap Region Size: 1M
 Heap Min Capacity: 8M
 Heap Initial Capacity: 94M
 Heap Max Capacity: 1536M
 Pre-touch: Disabled
 Parallel Workers: 10
 Concurrent Workers: 3
 Concurrent Refinement Workers: 10
 Periodic GC: Disabled

Heap:
 garbage-first heap   total 536576K, used 346398K [0x00000000a0000000, 0x0000000100000000)
  region size 1024K, 39 young (39936K), 3 survivors (3072K)
 Metaspace       used 180577K, committed 182272K, reserved 622592K
  class space    used 23408K, committed 24192K, reserved 425984K

Heap Regions: E=young(eden), S=young(survivor), O=old, HS=humongous(starts), HC=humongous(continues), CS=collection set, F=free, OA=open archive, CA=closed archive, TAMS=top-at-mark-start (previous, next)
|   0|0x00000000a0000000, 0x00000000a0100000, 0x00000000a0100000|100%|HS|  |TAMS 0x00000000a0100000, 0x00000000a0000000| Complete 
|   1|0x00000000a0100000, 0x00000000a0200000, 0x00000000a0200000|100%|HC|  |TAMS 0x00000000a0200000, 0x00000000a0100000| Complete 
|   2|0x00000000a0200000, 0x00000000a0300000, 0x00000000a0300000|100%|HC|  |TAMS 0x00000000a0300000, 0x00000000a0200000| Complete 
|   3|0x00000000a0300000, 0x00000000a0400000, 0x00000000a0400000|100%|HC|  |TAMS 0x00000000a0400000, 0x00000000a0300000| Complete 
|   4|0x00000000a0400000, 0x00000000a0500000, 0x00000000a0500000|100%| O|  |TAMS 0x00000000a0500000, 0x00000000a0400000| Untracked 
|   5|0x00000000a0500000, 0x00000000a0600000, 0x00000000a0600000|100%| O|  |TAMS 0x00000000a0600000, 0x00000000a0500000| Untracked 
|   6|0x00000000a0600000, 0x00000000a0700000, 0x00000000a0700000|100%| O|  |TAMS 0x00000000a0700000, 0x00000000a0600000| Untracked 
|   7|0x00000000a0700000, 0x00000000a0800000, 0x00000000a0800000|100%|HS|  |TAMS 0x00000000a0800000, 0x00000000a0700000| Complete 
|   8|0x00000000a0800000, 0x00000000a0900000, 0x00000000a0900000|100%| O|  |TAMS 0x00000000a0900000, 0x00000000a0800000| Untracked 
|   9|0x00000000a0900000, 0x00000000a0a00000, 0x00000000a0a00000|100%| O|  |TAMS 0x00000000a0a00000, 0x00000000a0900000| Untracked 
|  10|0x00000000a0a00000, 0x00000000a0b00000, 0x00000000a0b00000|100%| O|  |TAMS 0x00000000a0b00000, 0x00000000a0a00000| Untracked 
|  11|0x00000000a0b00000, 0x00000000a0c00000, 0x00000000a0c00000|100%| O|  |TAMS 0x00000000a0c00000, 0x00000000a0b00000| Untracked 
|  12|0x00000000a0c00000, 0x00000000a0d00000, 0x00000000a0d00000|100%| O|  |TAMS 0x00000000a0d00000, 0x00000000a0c00000| Untracked 
|  13|0x00000000a0d00000, 0x00000000a0e00000, 0x00000000a0e00000|100%| O|  |TAMS 0x00000000a0e00000, 0x00000000a0d00000| Untracked 
|  14|0x00000000a0e00000, 0x00000000a0f00000, 0x00000000a0f00000|100%| O|  |TAMS 0x00000000a0f00000, 0x00000000a0e00000| Untracked 
|  15|0x00000000a0f00000, 0x00000000a1000000, 0x00000000a1000000|100%| O|  |TAMS 0x00000000a1000000, 0x00000000a0f00000| Untracked 
|  16|0x00000000a1000000, 0x00000000a1100000, 0x00000000a1100000|100%| O|  |TAMS 0x00000000a1100000, 0x00000000a1000000| Untracked 
|  17|0x00000000a1100000, 0x00000000a1200000, 0x00000000a1200000|100%| O|  |TAMS 0x00000000a1200000, 0x00000000a1100000| Untracked 
|  18|0x00000000a1200000, 0x00000000a1300000, 0x00000000a1300000|100%| O|  |TAMS 0x00000000a1300000, 0x00000000a1200000| Untracked 
|  19|0x00000000a1300000, 0x00000000a1400000, 0x00000000a1400000|100%| O|  |TAMS 0x00000000a1400000, 0x00000000a1300000| Untracked 
|  20|0x00000000a1400000, 0x00000000a1500000, 0x00000000a1500000|100%| O|  |TAMS 0x00000000a1500000, 0x00000000a1400000| Untracked 
|  21|0x00000000a1500000, 0x00000000a1600000, 0x00000000a1600000|100%| O|  |TAMS 0x00000000a1600000, 0x00000000a1500000| Untracked 
|  22|0x00000000a1600000, 0x00000000a1700000, 0x00000000a1700000|100%| O|  |TAMS 0x00000000a1700000, 0x00000000a1600000| Untracked 
|  23|0x00000000a1700000, 0x00000000a1800000, 0x00000000a1800000|100%| O|  |TAMS 0x00000000a1800000, 0x00000000a1700000| Untracked 
|  24|0x00000000a1800000, 0x00000000a1900000, 0x00000000a1900000|100%| O|  |TAMS 0x00000000a1900000, 0x00000000a1800000| Untracked 
|  25|0x00000000a1900000, 0x00000000a1a00000, 0x00000000a1a00000|100%| O|  |TAMS 0x00000000a1a00000, 0x00000000a1900000| Untracked 
|  26|0x00000000a1a00000, 0x00000000a1b00000, 0x00000000a1b00000|100%| O|  |TAMS 0x00000000a1b00000, 0x00000000a1a00000| Untracked 
|  27|0x00000000a1b00000, 0x00000000a1c00000, 0x00000000a1c00000|100%| O|  |TAMS 0x00000000a1c00000, 0x00000000a1b00000| Untracked 
|  28|0x00000000a1c00000, 0x00000000a1d00000, 0x00000000a1d00000|100%| O|  |TAMS 0x00000000a1d00000, 0x00000000a1c00000| Untracked 
|  29|0x00000000a1d00000, 0x00000000a1e00000, 0x00000000a1e00000|100%| O|  |TAMS 0x00000000a1e00000, 0x00000000a1d00000| Untracked 
|  30|0x00000000a1e00000, 0x00000000a1f00000, 0x00000000a1f00000|100%| O|  |TAMS 0x00000000a1f00000, 0x00000000a1e00000| Untracked 
|  31|0x00000000a1f00000, 0x00000000a2000000, 0x00000000a2000000|100%| O|  |TAMS 0x00000000a2000000, 0x00000000a1f00000| Untracked 
|  32|0x00000000a2000000, 0x00000000a2100000, 0x00000000a2100000|100%| O|  |TAMS 0x00000000a2100000, 0x00000000a2000000| Untracked 
|  33|0x00000000a2100000, 0x00000000a2200000, 0x00000000a2200000|100%| O|  |TAMS 0x00000000a2200000, 0x00000000a2100000| Untracked 
|  34|0x00000000a2200000, 0x00000000a2300000, 0x00000000a2300000|100%| O|  |TAMS 0x00000000a2300000, 0x00000000a2200000| Untracked 
|  35|0x00000000a2300000, 0x00000000a2400000, 0x00000000a2400000|100%| O|  |TAMS 0x00000000a2400000, 0x00000000a2300000| Untracked 
|  36|0x00000000a2400000, 0x00000000a2500000, 0x00000000a2500000|100%|HS|  |TAMS 0x00000000a2500000, 0x00000000a2400000| Complete 
|  37|0x00000000a2500000, 0x00000000a2600000, 0x00000000a2600000|100%| O|  |TAMS 0x00000000a2600000, 0x00000000a2500000| Untracked 
|  38|0x00000000a2600000, 0x00000000a2700000, 0x00000000a2700000|100%| O|  |TAMS 0x00000000a2700000, 0x00000000a2600000| Untracked 
|  39|0x00000000a2700000, 0x00000000a2800000, 0x00000000a2800000|100%| O|  |TAMS 0x00000000a2800000, 0x00000000a2700000| Untracked 
|  40|0x00000000a2800000, 0x00000000a2900000, 0x00000000a2900000|100%| O|  |TAMS 0x00000000a2900000, 0x00000000a2800000| Untracked 
|  41|0x00000000a2900000, 0x00000000a2a00000, 0x00000000a2a00000|100%| O|  |TAMS 0x00000000a2a00000, 0x00000000a2900000| Untracked 
|  42|0x00000000a2a00000, 0x00000000a2b00000, 0x00000000a2b00000|100%|HS|  |TAMS 0x00000000a2b00000, 0x00000000a2a00000| Complete 
|  43|0x00000000a2b00000, 0x00000000a2c00000, 0x00000000a2c00000|100%|HC|  |TAMS 0x00000000a2c00000, 0x00000000a2b00000| Complete 
|  44|0x00000000a2c00000, 0x00000000a2d00000, 0x00000000a2d00000|100%|HC|  |TAMS 0x00000000a2d00000, 0x00000000a2c00000| Complete 
|  45|0x00000000a2d00000, 0x00000000a2e00000, 0x00000000a2e00000|100%|HS|  |TAMS 0x00000000a2e00000, 0x00000000a2d00000| Complete 
|  46|0x00000000a2e00000, 0x00000000a2f00000, 0x00000000a2f00000|100%|HC|  |TAMS 0x00000000a2f00000, 0x00000000a2e00000| Complete 
|  47|0x00000000a2f00000, 0x00000000a3000000, 0x00000000a3000000|100%|HC|  |TAMS 0x00000000a3000000, 0x00000000a2f00000| Complete 
|  48|0x00000000a3000000, 0x00000000a3100000, 0x00000000a3100000|100%| O|  |TAMS 0x00000000a3100000, 0x00000000a3000000| Untracked 
|  49|0x00000000a3100000, 0x00000000a3200000, 0x00000000a3200000|100%| O|  |TAMS 0x00000000a3200000, 0x00000000a3100000| Untracked 
|  50|0x00000000a3200000, 0x00000000a3300000, 0x00000000a3300000|100%| O|  |TAMS 0x00000000a3300000, 0x00000000a3200000| Untracked 
|  51|0x00000000a3300000, 0x00000000a3400000, 0x00000000a3400000|100%| O|  |TAMS 0x00000000a3400000, 0x00000000a3300000| Untracked 
|  52|0x00000000a3400000, 0x00000000a3500000, 0x00000000a3500000|100%| O|  |TAMS 0x00000000a3500000, 0x00000000a3400000| Untracked 
|  53|0x00000000a3500000, 0x00000000a3600000, 0x00000000a3600000|100%| O|  |TAMS 0x00000000a3600000, 0x00000000a3500000| Untracked 
|  54|0x00000000a3600000, 0x00000000a3700000, 0x00000000a3700000|100%| O|  |TAMS 0x00000000a3700000, 0x00000000a3600000| Untracked 
|  55|0x00000000a3700000, 0x00000000a3800000, 0x00000000a3800000|100%| O|  |TAMS 0x00000000a3800000, 0x00000000a3700000| Untracked 
|  56|0x00000000a3800000, 0x00000000a3900000, 0x00000000a3900000|100%| O|  |TAMS 0x00000000a3900000, 0x00000000a3800000| Untracked 
|  57|0x00000000a3900000, 0x00000000a3a00000, 0x00000000a3a00000|100%| O|  |TAMS 0x00000000a3a00000, 0x00000000a3900000| Untracked 
|  58|0x00000000a3a00000, 0x00000000a3b00000, 0x00000000a3b00000|100%| O|  |TAMS 0x00000000a3b00000, 0x00000000a3a00000| Untracked 
|  59|0x00000000a3b00000, 0x00000000a3c00000, 0x00000000a3c00000|100%| O|  |TAMS 0x00000000a3c00000, 0x00000000a3b00000| Untracked 
|  60|0x00000000a3c00000, 0x00000000a3d00000, 0x00000000a3d00000|100%|HS|  |TAMS 0x00000000a3d00000, 0x00000000a3c00000| Complete 
|  61|0x00000000a3d00000, 0x00000000a3e00000, 0x00000000a3e00000|100%| O|  |TAMS 0x00000000a3e00000, 0x00000000a3d00000| Untracked 
|  62|0x00000000a3e00000, 0x00000000a3f00000, 0x00000000a3f00000|100%|HS|  |TAMS 0x00000000a3f00000, 0x00000000a3e00000| Complete 
|  63|0x00000000a3f00000, 0x00000000a4000000, 0x00000000a4000000|100%|HS|  |TAMS 0x00000000a4000000, 0x00000000a3f00000| Complete 
|  64|0x00000000a4000000, 0x00000000a4100000, 0x00000000a4100000|100%| O|  |TAMS 0x00000000a4100000, 0x00000000a4000000| Untracked 
|  65|0x00000000a4100000, 0x00000000a4200000, 0x00000000a4200000|100%| O|  |TAMS 0x00000000a4200000, 0x00000000a4100000| Untracked 
|  66|0x00000000a4200000, 0x00000000a4300000, 0x00000000a4300000|100%| O|  |TAMS 0x00000000a4300000, 0x00000000a4200000| Untracked 
|  67|0x00000000a4300000, 0x00000000a4400000, 0x00000000a4400000|100%| O|  |TAMS 0x00000000a4400000, 0x00000000a4300000| Untracked 
|  68|0x00000000a4400000, 0x00000000a4400000, 0x00000000a4500000|  0%| F|  |TAMS 0x00000000a4400000, 0x00000000a4400000| Untracked 
|  69|0x00000000a4500000, 0x00000000a4600000, 0x00000000a4600000|100%|HS|  |TAMS 0x00000000a4600000, 0x00000000a4500000| Complete 
|  70|0x00000000a4600000, 0x00000000a4700000, 0x00000000a4700000|100%|HS|  |TAMS 0x00000000a4700000, 0x00000000a4600000| Complete 
|  71|0x00000000a4700000, 0x00000000a4800000, 0x00000000a4800000|100%| O|  |TAMS 0x00000000a4800000, 0x00000000a4700000| Untracked 
|  72|0x00000000a4800000, 0x00000000a4900000, 0x00000000a4900000|100%| O|  |TAMS 0x00000000a4900000, 0x00000000a4800000| Untracked 
|  73|0x00000000a4900000, 0x00000000a4900000, 0x00000000a4a00000|  0%| F|  |TAMS 0x00000000a4900000, 0x00000000a4900000| Untracked 
|  74|0x00000000a4a00000, 0x00000000a4b00000, 0x00000000a4b00000|100%| O|  |TAMS 0x00000000a4b00000, 0x00000000a4a00000| Untracked 
|  75|0x00000000a4b00000, 0x00000000a4c00000, 0x00000000a4c00000|100%| O|  |TAMS 0x00000000a4c00000, 0x00000000a4b00000| Untracked 
|  76|0x00000000a4c00000, 0x00000000a4d00000, 0x00000000a4d00000|100%| O|  |TAMS 0x00000000a4d00000, 0x00000000a4c00000| Untracked 
|  77|0x00000000a4d00000, 0x00000000a4e00000, 0x00000000a4e00000|100%| O|  |TAMS 0x00000000a4e00000, 0x00000000a4d00000| Untracked 
|  78|0x00000000a4e00000, 0x00000000a4f00000, 0x00000000a4f00000|100%| O|  |TAMS 0x00000000a4f00000, 0x00000000a4e00000| Untracked 
|  79|0x00000000a4f00000, 0x00000000a5000000, 0x00000000a5000000|100%| O|  |TAMS 0x00000000a5000000, 0x00000000a4f00000| Untracked 
|  80|0x00000000a5000000, 0x00000000a5100000, 0x00000000a5100000|100%| O|  |TAMS 0x00000000a5100000, 0x00000000a5000000| Untracked 
|  81|0x00000000a5100000, 0x00000000a5200000, 0x00000000a5200000|100%| O|  |TAMS 0x00000000a5200000, 0x00000000a5100000| Untracked 
|  82|0x00000000a5200000, 0x00000000a5300000, 0x00000000a5300000|100%| O|  |TAMS 0x00000000a5300000, 0x00000000a5200000| Untracked 
|  83|0x00000000a5300000, 0x00000000a5400000, 0x00000000a5400000|100%| O|  |TAMS 0x00000000a5400000, 0x00000000a5300000| Untracked 
|  84|0x00000000a5400000, 0x00000000a5500000, 0x00000000a5500000|100%| O|  |TAMS 0x00000000a5500000, 0x00000000a5400000| Untracked 
|  85|0x00000000a5500000, 0x00000000a5600000, 0x00000000a5600000|100%| O|  |TAMS 0x00000000a5600000, 0x00000000a5500000| Untracked 
|  86|0x00000000a5600000, 0x00000000a5700000, 0x00000000a5700000|100%| O|  |TAMS 0x00000000a5700000, 0x00000000a5600000| Untracked 
|  87|0x00000000a5700000, 0x00000000a5800000, 0x00000000a5800000|100%| O|  |TAMS 0x00000000a5800000, 0x00000000a5700000| Untracked 
|  88|0x00000000a5800000, 0x00000000a5900000, 0x00000000a5900000|100%| O|  |TAMS 0x00000000a5900000, 0x00000000a5800000| Untracked 
|  89|0x00000000a5900000, 0x00000000a5a00000, 0x00000000a5a00000|100%| O|  |TAMS 0x00000000a5a00000, 0x00000000a5900000| Untracked 
|  90|0x00000000a5a00000, 0x00000000a5b00000, 0x00000000a5b00000|100%| O|  |TAMS 0x00000000a5b00000, 0x00000000a5a00000| Untracked 
|  91|0x00000000a5b00000, 0x00000000a5c00000, 0x00000000a5c00000|100%| O|  |TAMS 0x00000000a5c00000, 0x00000000a5b00000| Untracked 
|  92|0x00000000a5c00000, 0x00000000a5d00000, 0x00000000a5d00000|100%| O|  |TAMS 0x00000000a5d00000, 0x00000000a5c00000| Untracked 
|  93|0x00000000a5d00000, 0x00000000a5e00000, 0x00000000a5e00000|100%| O|  |TAMS 0x00000000a5e00000, 0x00000000a5d00000| Untracked 
|  94|0x00000000a5e00000, 0x00000000a5f00000, 0x00000000a5f00000|100%| O|  |TAMS 0x00000000a5f00000, 0x00000000a5e00000| Untracked 
|  95|0x00000000a5f00000, 0x00000000a6000000, 0x00000000a6000000|100%| O|  |TAMS 0x00000000a6000000, 0x00000000a5f00000| Untracked 
|  96|0x00000000a6000000, 0x00000000a6100000, 0x00000000a6100000|100%| O|  |TAMS 0x00000000a6100000, 0x00000000a6000000| Untracked 
|  97|0x00000000a6100000, 0x00000000a6200000, 0x00000000a6200000|100%| O|  |TAMS 0x00000000a6200000, 0x00000000a6100000| Untracked 
|  98|0x00000000a6200000, 0x00000000a6300000, 0x00000000a6300000|100%| O|  |TAMS 0x00000000a6300000, 0x00000000a6200000| Untracked 
|  99|0x00000000a6300000, 0x00000000a6400000, 0x00000000a6400000|100%| O|  |TAMS 0x00000000a6400000, 0x00000000a6300000| Untracked 
| 100|0x00000000a6400000, 0x00000000a6500000, 0x00000000a6500000|100%| O|  |TAMS 0x00000000a6500000, 0x00000000a6400000| Untracked 
| 101|0x00000000a6500000, 0x00000000a6600000, 0x00000000a6600000|100%|HS|  |TAMS 0x00000000a6600000, 0x00000000a6500000| Complete 
| 102|0x00000000a6600000, 0x00000000a6700000, 0x00000000a6700000|100%| O|  |TAMS 0x00000000a6700000, 0x00000000a6600000| Untracked 
| 103|0x00000000a6700000, 0x00000000a6800000, 0x00000000a6800000|100%|HS|  |TAMS 0x00000000a6800000, 0x00000000a6700000| Complete 
| 104|0x00000000a6800000, 0x00000000a6900000, 0x00000000a6900000|100%|HC|  |TAMS 0x00000000a6900000, 0x00000000a6800000| Complete 
| 105|0x00000000a6900000, 0x00000000a6a00000, 0x00000000a6a00000|100%|HC|  |TAMS 0x00000000a6a00000, 0x00000000a6900000| Complete 
| 106|0x00000000a6a00000, 0x00000000a6b00000, 0x00000000a6b00000|100%| O|  |TAMS 0x00000000a6b00000, 0x00000000a6a00000| Untracked 
| 107|0x00000000a6b00000, 0x00000000a6c00000, 0x00000000a6c00000|100%| O|  |TAMS 0x00000000a6c00000, 0x00000000a6b00000| Untracked 
| 108|0x00000000a6c00000, 0x00000000a6d00000, 0x00000000a6d00000|100%| O|  |TAMS 0x00000000a6d00000, 0x00000000a6c00000| Untracked 
| 109|0x00000000a6d00000, 0x00000000a6e00000, 0x00000000a6e00000|100%| O|  |TAMS 0x00000000a6e00000, 0x00000000a6d00000| Untracked 
| 110|0x00000000a6e00000, 0x00000000a6f00000, 0x00000000a6f00000|100%| O|  |TAMS 0x00000000a6f00000, 0x00000000a6e00000| Untracked 
| 111|0x00000000a6f00000, 0x00000000a7000000, 0x00000000a7000000|100%| O|  |TAMS 0x00000000a7000000, 0x00000000a6f00000| Untracked 
| 112|0x00000000a7000000, 0x00000000a7100000, 0x00000000a7100000|100%| O|  |TAMS 0x00000000a7100000, 0x00000000a7000000| Untracked 
| 113|0x00000000a7100000, 0x00000000a7200000, 0x00000000a7200000|100%| O|  |TAMS 0x00000000a7200000, 0x00000000a7100000| Untracked 
| 114|0x00000000a7200000, 0x00000000a7300000, 0x00000000a7300000|100%| O|  |TAMS 0x00000000a7300000, 0x00000000a7200000| Untracked 
| 115|0x00000000a7300000, 0x00000000a7400000, 0x00000000a7400000|100%| O|  |TAMS 0x00000000a7400000, 0x00000000a7300000| Untracked 
| 116|0x00000000a7400000, 0x00000000a7500000, 0x00000000a7500000|100%| O|  |TAMS 0x00000000a7500000, 0x00000000a7400000| Untracked 
| 117|0x00000000a7500000, 0x00000000a7600000, 0x00000000a7600000|100%| O|  |TAMS 0x00000000a7600000, 0x00000000a7500000| Untracked 
| 118|0x00000000a7600000, 0x00000000a7700000, 0x00000000a7700000|100%| O|  |TAMS 0x00000000a7700000, 0x00000000a7600000| Untracked 
| 119|0x00000000a7700000, 0x00000000a7800000, 0x00000000a7800000|100%| O|  |TAMS 0x00000000a7800000, 0x00000000a7700000| Untracked 
| 120|0x00000000a7800000, 0x00000000a7900000, 0x00000000a7900000|100%| O|  |TAMS 0x00000000a7900000, 0x00000000a7800000| Untracked 
| 121|0x00000000a7900000, 0x00000000a7a00000, 0x00000000a7a00000|100%| O|  |TAMS 0x00000000a7a00000, 0x00000000a7900000| Untracked 
| 122|0x00000000a7a00000, 0x00000000a7b00000, 0x00000000a7b00000|100%| O|  |TAMS 0x00000000a7b00000, 0x00000000a7a00000| Untracked 
| 123|0x00000000a7b00000, 0x00000000a7c00000, 0x00000000a7c00000|100%| O|  |TAMS 0x00000000a7c00000, 0x00000000a7b00000| Untracked 
| 124|0x00000000a7c00000, 0x00000000a7d00000, 0x00000000a7d00000|100%| O|  |TAMS 0x00000000a7d00000, 0x00000000a7c00000| Untracked 
| 125|0x00000000a7d00000, 0x00000000a7e00000, 0x00000000a7e00000|100%| O|  |TAMS 0x00000000a7e00000, 0x00000000a7d00000| Untracked 
| 126|0x00000000a7e00000, 0x00000000a7f00000, 0x00000000a7f00000|100%| O|  |TAMS 0x00000000a7f00000, 0x00000000a7e00000| Untracked 
| 127|0x00000000a7f00000, 0x00000000a8000000, 0x00000000a8000000|100%| O|  |TAMS 0x00000000a8000000, 0x00000000a7f00000| Untracked 
| 128|0x00000000a8000000, 0x00000000a8100000, 0x00000000a8100000|100%| O|  |TAMS 0x00000000a8100000, 0x00000000a8000000| Untracked 
| 129|0x00000000a8100000, 0x00000000a8200000, 0x00000000a8200000|100%| O|  |TAMS 0x00000000a8200000, 0x00000000a8100000| Untracked 
| 130|0x00000000a8200000, 0x00000000a8300000, 0x00000000a8300000|100%| O|  |TAMS 0x00000000a8300000, 0x00000000a8200000| Untracked 
| 131|0x00000000a8300000, 0x00000000a8400000, 0x00000000a8400000|100%| O|  |TAMS 0x00000000a8400000, 0x00000000a8300000| Untracked 
| 132|0x00000000a8400000, 0x00000000a8500000, 0x00000000a8500000|100%| O|  |TAMS 0x00000000a8500000, 0x00000000a8400000| Untracked 
| 133|0x00000000a8500000, 0x00000000a8600000, 0x00000000a8600000|100%| O|  |TAMS 0x00000000a8600000, 0x00000000a8500000| Untracked 
| 134|0x00000000a8600000, 0x00000000a8700000, 0x00000000a8700000|100%| O|  |TAMS 0x00000000a8700000, 0x00000000a8600000| Untracked 
| 135|0x00000000a8700000, 0x00000000a8800000, 0x00000000a8800000|100%| O|  |TAMS 0x00000000a8800000, 0x00000000a8700000| Untracked 
| 136|0x00000000a8800000, 0x00000000a8900000, 0x00000000a8900000|100%| O|  |TAMS 0x00000000a8900000, 0x00000000a8800000| Untracked 
| 137|0x00000000a8900000, 0x00000000a8a00000, 0x00000000a8a00000|100%| O|  |TAMS 0x00000000a8a00000, 0x00000000a8900000| Untracked 
| 138|0x00000000a8a00000, 0x00000000a8b00000, 0x00000000a8b00000|100%|HS|  |TAMS 0x00000000a8b00000, 0x00000000a8a00000| Complete 
| 139|0x00000000a8b00000, 0x00000000a8c00000, 0x00000000a8c00000|100%|HS|  |TAMS 0x00000000a8c00000, 0x00000000a8b00000| Complete 
| 140|0x00000000a8c00000, 0x00000000a8d00000, 0x00000000a8d00000|100%|HC|  |TAMS 0x00000000a8d00000, 0x00000000a8c00000| Complete 
| 141|0x00000000a8d00000, 0x00000000a8e00000, 0x00000000a8e00000|100%| O|  |TAMS 0x00000000a8e00000, 0x00000000a8d00000| Untracked 
| 142|0x00000000a8e00000, 0x00000000a8f00000, 0x00000000a8f00000|100%|HS|  |TAMS 0x00000000a8f00000, 0x00000000a8e00000| Complete 
| 143|0x00000000a8f00000, 0x00000000a9000000, 0x00000000a9000000|100%|HS|  |TAMS 0x00000000a9000000, 0x00000000a8f00000| Complete 
| 144|0x00000000a9000000, 0x00000000a9100000, 0x00000000a9100000|100%|HS|  |TAMS 0x00000000a9100000, 0x00000000a9000000| Complete 
| 145|0x00000000a9100000, 0x00000000a9200000, 0x00000000a9200000|100%|HC|  |TAMS 0x00000000a9200000, 0x00000000a9100000| Complete 
| 146|0x00000000a9200000, 0x00000000a9300000, 0x00000000a9300000|100%|HC|  |TAMS 0x00000000a9300000, 0x00000000a9200000| Complete 
| 147|0x00000000a9300000, 0x00000000a9400000, 0x00000000a9400000|100%|HC|  |TAMS 0x00000000a9400000, 0x00000000a9300000| Complete 
| 148|0x00000000a9400000, 0x00000000a9500000, 0x00000000a9500000|100%|HS|  |TAMS 0x00000000a9500000, 0x00000000a9400000| Complete 
| 149|0x00000000a9500000, 0x00000000a9600000, 0x00000000a9600000|100%| O|  |TAMS 0x00000000a9600000, 0x00000000a9500000| Untracked 
| 150|0x00000000a9600000, 0x00000000a9700000, 0x00000000a9700000|100%| O|  |TAMS 0x00000000a9700000, 0x00000000a9600000| Untracked 
| 151|0x00000000a9700000, 0x00000000a9800000, 0x00000000a9800000|100%| O|  |TAMS 0x00000000a9800000, 0x00000000a9700000| Untracked 
| 152|0x00000000a9800000, 0x00000000a9900000, 0x00000000a9900000|100%| O|  |TAMS 0x00000000a9900000, 0x00000000a9800000| Untracked 
| 153|0x00000000a9900000, 0x00000000a9a00000, 0x00000000a9a00000|100%| O|  |TAMS 0x00000000a9a00000, 0x00000000a9900000| Untracked 
| 154|0x00000000a9a00000, 0x00000000a9b00000, 0x00000000a9b00000|100%| O|  |TAMS 0x00000000a9b00000, 0x00000000a9a00000| Untracked 
| 155|0x00000000a9b00000, 0x00000000a9c00000, 0x00000000a9c00000|100%| O|  |TAMS 0x00000000a9c00000, 0x00000000a9b00000| Untracked 
| 156|0x00000000a9c00000, 0x00000000a9d00000, 0x00000000a9d00000|100%| O|  |TAMS 0x00000000a9d00000, 0x00000000a9c00000| Untracked 
| 157|0x00000000a9d00000, 0x00000000a9e00000, 0x00000000a9e00000|100%| O|  |TAMS 0x00000000a9e00000, 0x00000000a9d00000| Untracked 
| 158|0x00000000a9e00000, 0x00000000a9f00000, 0x00000000a9f00000|100%| O|  |TAMS 0x00000000a9f00000, 0x00000000a9e00000| Untracked 
| 159|0x00000000a9f00000, 0x00000000aa000000, 0x00000000aa000000|100%| O|  |TAMS 0x00000000aa000000, 0x00000000a9f00000| Untracked 
| 160|0x00000000aa000000, 0x00000000aa100000, 0x00000000aa100000|100%| O|  |TAMS 0x00000000aa100000, 0x00000000aa000000| Untracked 
| 161|0x00000000aa100000, 0x00000000aa200000, 0x00000000aa200000|100%| O|  |TAMS 0x00000000aa200000, 0x00000000aa100000| Untracked 
| 162|0x00000000aa200000, 0x00000000aa300000, 0x00000000aa300000|100%|HS|  |TAMS 0x00000000aa300000, 0x00000000aa200000| Complete 
| 163|0x00000000aa300000, 0x00000000aa400000, 0x00000000aa400000|100%|HS|  |TAMS 0x00000000aa400000, 0x00000000aa300000| Complete 
| 164|0x00000000aa400000, 0x00000000aa400000, 0x00000000aa500000|  0%| F|  |TAMS 0x00000000aa400000, 0x00000000aa400000| Untracked 
| 165|0x00000000aa500000, 0x00000000aa600000, 0x00000000aa600000|100%| O|  |TAMS 0x00000000aa600000, 0x00000000aa500000| Untracked 
| 166|0x00000000aa600000, 0x00000000aa700000, 0x00000000aa700000|100%| O|  |TAMS 0x00000000aa700000, 0x00000000aa600000| Untracked 
| 167|0x00000000aa700000, 0x00000000aa800000, 0x00000000aa800000|100%|HS|  |TAMS 0x00000000aa800000, 0x00000000aa700000| Complete 
| 168|0x00000000aa800000, 0x00000000aa900000, 0x00000000aa900000|100%|HC|  |TAMS 0x00000000aa900000, 0x00000000aa800000| Complete 
| 169|0x00000000aa900000, 0x00000000aaa00000, 0x00000000aaa00000|100%| O|  |TAMS 0x00000000aaa00000, 0x00000000aa900000| Untracked 
| 170|0x00000000aaa00000, 0x00000000aab00000, 0x00000000aab00000|100%| O|  |TAMS 0x00000000aab00000, 0x00000000aaa00000| Untracked 
| 171|0x00000000aab00000, 0x00000000aac00000, 0x00000000aac00000|100%| O|  |TAMS 0x00000000aac00000, 0x00000000aab00000| Untracked 
| 172|0x00000000aac00000, 0x00000000aad00000, 0x00000000aad00000|100%| O|  |TAMS 0x00000000aad00000, 0x00000000aac00000| Untracked 
| 173|0x00000000aad00000, 0x00000000aae00000, 0x00000000aae00000|100%| O|  |TAMS 0x00000000aae00000, 0x00000000aad00000| Untracked 
| 174|0x00000000aae00000, 0x00000000aaf00000, 0x00000000aaf00000|100%| O|  |TAMS 0x00000000aaf00000, 0x00000000aae00000| Untracked 
| 175|0x00000000aaf00000, 0x00000000ab000000, 0x00000000ab000000|100%| O|  |TAMS 0x00000000ab000000, 0x00000000aaf00000| Untracked 
| 176|0x00000000ab000000, 0x00000000ab100000, 0x00000000ab100000|100%| O|  |TAMS 0x00000000ab100000, 0x00000000ab000000| Untracked 
| 177|0x00000000ab100000, 0x00000000ab200000, 0x00000000ab200000|100%| O|  |TAMS 0x00000000ab200000, 0x00000000ab100000| Untracked 
| 178|0x00000000ab200000, 0x00000000ab300000, 0x00000000ab300000|100%| O|  |TAMS 0x00000000ab300000, 0x00000000ab200000| Untracked 
| 179|0x00000000ab300000, 0x00000000ab400000, 0x00000000ab400000|100%| O|  |TAMS 0x00000000ab400000, 0x00000000ab300000| Untracked 
| 180|0x00000000ab400000, 0x00000000ab500000, 0x00000000ab500000|100%| O|  |TAMS 0x00000000ab500000, 0x00000000ab400000| Untracked 
| 181|0x00000000ab500000, 0x00000000ab600000, 0x00000000ab600000|100%| O|  |TAMS 0x00000000ab600000, 0x00000000ab500000| Untracked 
| 182|0x00000000ab600000, 0x00000000ab700000, 0x00000000ab700000|100%| O|  |TAMS 0x00000000ab700000, 0x00000000ab600000| Untracked 
| 183|0x00000000ab700000, 0x00000000ab800000, 0x00000000ab800000|100%| O|  |TAMS 0x00000000ab800000, 0x00000000ab700000| Untracked 
| 184|0x00000000ab800000, 0x00000000ab900000, 0x00000000ab900000|100%| O|  |TAMS 0x00000000ab900000, 0x00000000ab800000| Untracked 
| 185|0x00000000ab900000, 0x00000000aba00000, 0x00000000aba00000|100%| O|  |TAMS 0x00000000aba00000, 0x00000000ab900000| Untracked 
| 186|0x00000000aba00000, 0x00000000abb00000, 0x00000000abb00000|100%| O|  |TAMS 0x00000000abb00000, 0x00000000aba00000| Untracked 
| 187|0x00000000abb00000, 0x00000000abc00000, 0x00000000abc00000|100%| O|  |TAMS 0x00000000abc00000, 0x00000000abb00000| Untracked 
| 188|0x00000000abc00000, 0x00000000abd00000, 0x00000000abd00000|100%| O|  |TAMS 0x00000000abd00000, 0x00000000abc00000| Untracked 
| 189|0x00000000abd00000, 0x00000000abe00000, 0x00000000abe00000|100%| O|  |TAMS 0x00000000abe00000, 0x00000000abd00000| Untracked 
| 190|0x00000000abe00000, 0x00000000abf00000, 0x00000000abf00000|100%| O|  |TAMS 0x00000000abf00000, 0x00000000abe00000| Untracked 
| 191|0x00000000abf00000, 0x00000000ac000000, 0x00000000ac000000|100%| O|  |TAMS 0x00000000ac000000, 0x00000000abf00000| Untracked 
| 192|0x00000000ac000000, 0x00000000ac100000, 0x00000000ac100000|100%| O|  |TAMS 0x00000000ac100000, 0x00000000ac000000| Untracked 
| 193|0x00000000ac100000, 0x00000000ac200000, 0x00000000ac200000|100%| O|  |TAMS 0x00000000ac200000, 0x00000000ac100000| Untracked 
| 194|0x00000000ac200000, 0x00000000ac300000, 0x00000000ac300000|100%| O|  |TAMS 0x00000000ac300000, 0x00000000ac200000| Untracked 
| 195|0x00000000ac300000, 0x00000000ac400000, 0x00000000ac400000|100%| O|  |TAMS 0x00000000ac400000, 0x00000000ac300000| Untracked 
| 196|0x00000000ac400000, 0x00000000ac500000, 0x00000000ac500000|100%| O|  |TAMS 0x00000000ac500000, 0x00000000ac400000| Untracked 
| 197|0x00000000ac500000, 0x00000000ac600000, 0x00000000ac600000|100%| O|  |TAMS 0x00000000ac600000, 0x00000000ac500000| Untracked 
| 198|0x00000000ac600000, 0x00000000ac700000, 0x00000000ac700000|100%| O|  |TAMS 0x00000000ac700000, 0x00000000ac600000| Untracked 
| 199|0x00000000ac700000, 0x00000000ac800000, 0x00000000ac800000|100%| O|  |TAMS 0x00000000ac800000, 0x00000000ac700000| Untracked 
| 200|0x00000000ac800000, 0x00000000ac800000, 0x00000000ac900000|  0%| F|  |TAMS 0x00000000ac800000, 0x00000000ac800000| Untracked 
| 201|0x00000000ac900000, 0x00000000aca00000, 0x00000000aca00000|100%| O|  |TAMS 0x00000000aca00000, 0x00000000ac900000| Untracked 
| 202|0x00000000aca00000, 0x00000000acb00000, 0x00000000acb00000|100%| O|  |TAMS 0x00000000acb00000, 0x00000000aca00000| Untracked 
| 203|0x00000000acb00000, 0x00000000acc00000, 0x00000000acc00000|100%| O|  |TAMS 0x00000000acc00000, 0x00000000acb00000| Untracked 
| 204|0x00000000acc00000, 0x00000000acd00000, 0x00000000acd00000|100%| O|  |TAMS 0x00000000acd00000, 0x00000000acc00000| Untracked 
| 205|0x00000000acd00000, 0x00000000ace00000, 0x00000000ace00000|100%| O|  |TAMS 0x00000000ace00000, 0x00000000acd00000| Untracked 
| 206|0x00000000ace00000, 0x00000000acf00000, 0x00000000acf00000|100%| O|  |TAMS 0x00000000acf00000, 0x00000000ace00000| Untracked 
| 207|0x00000000acf00000, 0x00000000ad000000, 0x00000000ad000000|100%| O|  |TAMS 0x00000000ad000000, 0x00000000acf00000| Untracked 
| 208|0x00000000ad000000, 0x00000000ad100000, 0x00000000ad100000|100%| O|  |TAMS 0x00000000ad100000, 0x00000000ad000000| Untracked 
| 209|0x00000000ad100000, 0x00000000ad100000, 0x00000000ad200000|  0%| F|  |TAMS 0x00000000ad100000, 0x00000000ad100000| Untracked 
| 210|0x00000000ad200000, 0x00000000ad300000, 0x00000000ad300000|100%| O|  |TAMS 0x00000000ad300000, 0x00000000ad200000| Untracked 
| 211|0x00000000ad300000, 0x00000000ad400000, 0x00000000ad400000|100%| O|  |TAMS 0x00000000ad400000, 0x00000000ad300000| Untracked 
| 212|0x00000000ad400000, 0x00000000ad500000, 0x00000000ad500000|100%| O|  |TAMS 0x00000000ad500000, 0x00000000ad400000| Untracked 
| 213|0x00000000ad500000, 0x00000000ad500000, 0x00000000ad600000|  0%| F|  |TAMS 0x00000000ad500000, 0x00000000ad500000| Untracked 
| 214|0x00000000ad600000, 0x00000000ad700000, 0x00000000ad700000|100%| O|  |TAMS 0x00000000ad700000, 0x00000000ad600000| Untracked 
| 215|0x00000000ad700000, 0x00000000ad800000, 0x00000000ad800000|100%| O|  |TAMS 0x00000000ad800000, 0x00000000ad700000| Untracked 
| 216|0x00000000ad800000, 0x00000000ad900000, 0x00000000ad900000|100%| O|  |TAMS 0x00000000ad900000, 0x00000000ad800000| Untracked 
| 217|0x00000000ad900000, 0x00000000ada00000, 0x00000000ada00000|100%| O|  |TAMS 0x00000000ada00000, 0x00000000ad900000| Untracked 
| 218|0x00000000ada00000, 0x00000000adb00000, 0x00000000adb00000|100%| O|  |TAMS 0x00000000adb00000, 0x00000000ada00000| Untracked 
| 219|0x00000000adb00000, 0x00000000adc00000, 0x00000000adc00000|100%| O|  |TAMS 0x00000000adc00000, 0x00000000adb00000| Untracked 
| 220|0x00000000adc00000, 0x00000000add00000, 0x00000000add00000|100%| O|  |TAMS 0x00000000add00000, 0x00000000adc00000| Untracked 
| 221|0x00000000add00000, 0x00000000ade00000, 0x00000000ade00000|100%| O|  |TAMS 0x00000000ade00000, 0x00000000add00000| Untracked 
| 222|0x00000000ade00000, 0x00000000adf00000, 0x00000000adf00000|100%| O|  |TAMS 0x00000000adf00000, 0x00000000ade00000| Untracked 
| 223|0x00000000adf00000, 0x00000000ae000000, 0x00000000ae000000|100%| O|  |TAMS 0x00000000ae000000, 0x00000000adf00000| Untracked 
| 224|0x00000000ae000000, 0x00000000ae100000, 0x00000000ae100000|100%|HS|  |TAMS 0x00000000ae100000, 0x00000000ae000000| Complete 
| 225|0x00000000ae100000, 0x00000000ae200000, 0x00000000ae200000|100%|HC|  |TAMS 0x00000000ae200000, 0x00000000ae100000| Complete 
| 226|0x00000000ae200000, 0x00000000ae300000, 0x00000000ae300000|100%|HC|  |TAMS 0x00000000ae300000, 0x00000000ae200000| Complete 
| 227|0x00000000ae300000, 0x00000000ae400000, 0x00000000ae400000|100%| O|  |TAMS 0x00000000ae400000, 0x00000000ae300000| Untracked 
| 228|0x00000000ae400000, 0x00000000ae500000, 0x00000000ae500000|100%| O|  |TAMS 0x00000000ae500000, 0x00000000ae400000| Untracked 
| 229|0x00000000ae500000, 0x00000000ae600000, 0x00000000ae600000|100%| O|  |TAMS 0x00000000ae600000, 0x00000000ae500000| Untracked 
| 230|0x00000000ae600000, 0x00000000ae700000, 0x00000000ae700000|100%| O|  |TAMS 0x00000000ae700000, 0x00000000ae600000| Untracked 
| 231|0x00000000ae700000, 0x00000000ae800000, 0x00000000ae800000|100%| O|  |TAMS 0x00000000ae800000, 0x00000000ae700000| Untracked 
| 232|0x00000000ae800000, 0x00000000ae900000, 0x00000000ae900000|100%| O|  |TAMS 0x00000000ae900000, 0x00000000ae800000| Untracked 
| 233|0x00000000ae900000, 0x00000000aea00000, 0x00000000aea00000|100%| O|  |TAMS 0x00000000aea00000, 0x00000000ae900000| Untracked 
| 234|0x00000000aea00000, 0x00000000aeb00000, 0x00000000aeb00000|100%| O|  |TAMS 0x00000000aeb00000, 0x00000000aea00000| Untracked 
| 235|0x00000000aeb00000, 0x00000000aec00000, 0x00000000aec00000|100%| O|  |TAMS 0x00000000aec00000, 0x00000000aeb00000| Untracked 
| 236|0x00000000aec00000, 0x00000000aed00000, 0x00000000aed00000|100%| O|  |TAMS 0x00000000aed00000, 0x00000000aec00000| Untracked 
| 237|0x00000000aed00000, 0x00000000aee00000, 0x00000000aee00000|100%| O|  |TAMS 0x00000000aee00000, 0x00000000aed00000| Untracked 
| 238|0x00000000aee00000, 0x00000000aef00000, 0x00000000aef00000|100%| O|  |TAMS 0x00000000aef00000, 0x00000000aee00000| Untracked 
| 239|0x00000000aef00000, 0x00000000af000000, 0x00000000af000000|100%| O|  |TAMS 0x00000000af000000, 0x00000000aef00000| Untracked 
| 240|0x00000000af000000, 0x00000000af100000, 0x00000000af100000|100%| O|  |TAMS 0x00000000af100000, 0x00000000af000000| Untracked 
| 241|0x00000000af100000, 0x00000000af200000, 0x00000000af200000|100%| O|  |TAMS 0x00000000af200000, 0x00000000af100000| Untracked 
| 242|0x00000000af200000, 0x00000000af300000, 0x00000000af300000|100%| O|  |TAMS 0x00000000af300000, 0x00000000af200000| Untracked 
| 243|0x00000000af300000, 0x00000000af300000, 0x00000000af400000|  0%| F|  |TAMS 0x00000000af300000, 0x00000000af300000| Untracked 
| 244|0x00000000af400000, 0x00000000af500000, 0x00000000af500000|100%| O|  |TAMS 0x00000000af500000, 0x00000000af400000| Untracked 
| 245|0x00000000af500000, 0x00000000af600000, 0x00000000af600000|100%| O|  |TAMS 0x00000000af600000, 0x00000000af500000| Untracked 
| 246|0x00000000af600000, 0x00000000af700000, 0x00000000af700000|100%| O|  |TAMS 0x00000000af700000, 0x00000000af600000| Untracked 
| 247|0x00000000af700000, 0x00000000af800000, 0x00000000af800000|100%| O|  |TAMS 0x00000000af800000, 0x00000000af700000| Untracked 
| 248|0x00000000af800000, 0x00000000af900000, 0x00000000af900000|100%| O|  |TAMS 0x00000000af900000, 0x00000000af800000| Untracked 
| 249|0x00000000af900000, 0x00000000afa00000, 0x00000000afa00000|100%| O|  |TAMS 0x00000000afa00000, 0x00000000af900000| Untracked 
| 250|0x00000000afa00000, 0x00000000afa00000, 0x00000000afb00000|  0%| F|  |TAMS 0x00000000afa00000, 0x00000000afa00000| Untracked 
| 251|0x00000000afb00000, 0x00000000afc00000, 0x00000000afc00000|100%| O|  |TAMS 0x00000000afc00000, 0x00000000afb00000| Untracked 
| 252|0x00000000afc00000, 0x00000000afd00000, 0x00000000afd00000|100%|HS|  |TAMS 0x00000000afd00000, 0x00000000afc00000| Complete 
| 253|0x00000000afd00000, 0x00000000afe00000, 0x00000000afe00000|100%| O|  |TAMS 0x00000000afe00000, 0x00000000afd00000| Untracked 
| 254|0x00000000afe00000, 0x00000000aff00000, 0x00000000aff00000|100%| O|  |TAMS 0x00000000aff00000, 0x00000000afe00000| Untracked 
| 255|0x00000000aff00000, 0x00000000b0000000, 0x00000000b0000000|100%| O|  |TAMS 0x00000000b0000000, 0x00000000aff00000| Untracked 
| 256|0x00000000b0000000, 0x00000000b0100000, 0x00000000b0100000|100%| O|  |TAMS 0x00000000b0100000, 0x00000000b0000000| Untracked 
| 257|0x00000000b0100000, 0x00000000b0200000, 0x00000000b0200000|100%| O|  |TAMS 0x00000000b0200000, 0x00000000b0100000| Untracked 
| 258|0x00000000b0200000, 0x00000000b0300000, 0x00000000b0300000|100%| O|  |TAMS 0x00000000b0300000, 0x00000000b0200000| Untracked 
| 259|0x00000000b0300000, 0x00000000b0400000, 0x00000000b0400000|100%| O|  |TAMS 0x00000000b0400000, 0x00000000b0300000| Untracked 
| 260|0x00000000b0400000, 0x00000000b0500000, 0x00000000b0500000|100%| O|  |TAMS 0x00000000b0500000, 0x00000000b0400000| Untracked 
| 261|0x00000000b0500000, 0x00000000b0600000, 0x00000000b0600000|100%| O|  |TAMS 0x00000000b0600000, 0x00000000b0500000| Untracked 
| 262|0x00000000b0600000, 0x00000000b0700000, 0x00000000b0700000|100%| O|  |TAMS 0x00000000b0700000, 0x00000000b0600000| Untracked 
| 263|0x00000000b0700000, 0x00000000b0800000, 0x00000000b0800000|100%| O|  |TAMS 0x00000000b0800000, 0x00000000b0700000| Untracked 
| 264|0x00000000b0800000, 0x00000000b0900000, 0x00000000b0900000|100%| O|  |TAMS 0x00000000b0900000, 0x00000000b0800000| Untracked 
| 265|0x00000000b0900000, 0x00000000b0a00000, 0x00000000b0a00000|100%| O|  |TAMS 0x00000000b0a00000, 0x00000000b0900000| Untracked 
| 266|0x00000000b0a00000, 0x00000000b0b00000, 0x00000000b0b00000|100%| O|  |TAMS 0x00000000b0b00000, 0x00000000b0a00000| Untracked 
| 267|0x00000000b0b00000, 0x00000000b0c00000, 0x00000000b0c00000|100%| O|  |TAMS 0x00000000b0c00000, 0x00000000b0b00000| Untracked 
| 268|0x00000000b0c00000, 0x00000000b0d00000, 0x00000000b0d00000|100%| O|  |TAMS 0x00000000b0d00000, 0x00000000b0c00000| Untracked 
| 269|0x00000000b0d00000, 0x00000000b0e00000, 0x00000000b0e00000|100%| O|  |TAMS 0x00000000b0e00000, 0x00000000b0d00000| Untracked 
| 270|0x00000000b0e00000, 0x00000000b0f00000, 0x00000000b0f00000|100%| O|  |TAMS 0x00000000b0f00000, 0x00000000b0e00000| Untracked 
| 271|0x00000000b0f00000, 0x00000000b1000000, 0x00000000b1000000|100%| O|  |TAMS 0x00000000b1000000, 0x00000000b0f00000| Untracked 
| 272|0x00000000b1000000, 0x00000000b1100000, 0x00000000b1100000|100%| O|  |TAMS 0x00000000b1100000, 0x00000000b1000000| Untracked 
| 273|0x00000000b1100000, 0x00000000b1200000, 0x00000000b1200000|100%| O|  |TAMS 0x00000000b1200000, 0x00000000b1100000| Untracked 
| 274|0x00000000b1200000, 0x00000000b1300000, 0x00000000b1300000|100%| O|  |TAMS 0x00000000b1300000, 0x00000000b1200000| Untracked 
| 275|0x00000000b1300000, 0x00000000b1400000, 0x00000000b1400000|100%| O|  |TAMS 0x00000000b1400000, 0x00000000b1300000| Untracked 
| 276|0x00000000b1400000, 0x00000000b1400000, 0x00000000b1500000|  0%| F|  |TAMS 0x00000000b1400000, 0x00000000b1400000| Untracked 
| 277|0x00000000b1500000, 0x00000000b1500000, 0x00000000b1600000|  0%| F|  |TAMS 0x00000000b1500000, 0x00000000b1500000| Untracked 
| 278|0x00000000b1600000, 0x00000000b1700000, 0x00000000b1700000|100%| O|  |TAMS 0x00000000b1700000, 0x00000000b1600000| Untracked 
| 279|0x00000000b1700000, 0x00000000b1800000, 0x00000000b1800000|100%| O|  |TAMS 0x00000000b1800000, 0x00000000b1700000| Untracked 
| 280|0x00000000b1800000, 0x00000000b1900000, 0x00000000b1900000|100%| O|  |TAMS 0x00000000b1900000, 0x00000000b1800000| Untracked 
| 281|0x00000000b1900000, 0x00000000b1a00000, 0x00000000b1a00000|100%| O|  |TAMS 0x00000000b1a00000, 0x00000000b1900000| Untracked 
| 282|0x00000000b1a00000, 0x00000000b1b00000, 0x00000000b1b00000|100%| O|  |TAMS 0x00000000b1b00000, 0x00000000b1a00000| Untracked 
| 283|0x00000000b1b00000, 0x00000000b1c00000, 0x00000000b1c00000|100%| O|  |TAMS 0x00000000b1c00000, 0x00000000b1b00000| Untracked 
| 284|0x00000000b1c00000, 0x00000000b1d00000, 0x00000000b1d00000|100%| O|  |TAMS 0x00000000b1d00000, 0x00000000b1c00000| Untracked 
| 285|0x00000000b1d00000, 0x00000000b1e00000, 0x00000000b1e00000|100%| O|  |TAMS 0x00000000b1e00000, 0x00000000b1d00000| Untracked 
| 286|0x00000000b1e00000, 0x00000000b1f00000, 0x00000000b1f00000|100%| O|  |TAMS 0x00000000b1f00000, 0x00000000b1e00000| Untracked 
| 287|0x00000000b1f00000, 0x00000000b2000000, 0x00000000b2000000|100%| O|  |TAMS 0x00000000b2000000, 0x00000000b1f00000| Untracked 
| 288|0x00000000b2000000, 0x00000000b2100000, 0x00000000b2100000|100%| O|  |TAMS 0x00000000b2100000, 0x00000000b2000000| Untracked 
| 289|0x00000000b2100000, 0x00000000b2200000, 0x00000000b2200000|100%| O|  |TAMS 0x00000000b2200000, 0x00000000b2100000| Untracked 
| 290|0x00000000b2200000, 0x00000000b2300000, 0x00000000b2300000|100%| O|  |TAMS 0x00000000b2300000, 0x00000000b2200000| Untracked 
| 291|0x00000000b2300000, 0x00000000b2400000, 0x00000000b2400000|100%| O|  |TAMS 0x00000000b2400000, 0x00000000b2300000| Untracked 
| 292|0x00000000b2400000, 0x00000000b2500000, 0x00000000b2500000|100%| O|  |TAMS 0x00000000b2500000, 0x00000000b2400000| Untracked 
| 293|0x00000000b2500000, 0x00000000b2600000, 0x00000000b2600000|100%| O|  |TAMS 0x00000000b2600000, 0x00000000b2500000| Untracked 
| 294|0x00000000b2600000, 0x00000000b2700000, 0x00000000b2700000|100%| O|  |TAMS 0x00000000b2677800, 0x00000000b2600000| Untracked 
| 295|0x00000000b2700000, 0x00000000b2800000, 0x00000000b2800000|100%| O|  |TAMS 0x00000000b2700000, 0x00000000b2700000| Untracked 
| 296|0x00000000b2800000, 0x00000000b2900000, 0x00000000b2900000|100%| O|  |TAMS 0x00000000b2800000, 0x00000000b2800000| Untracked 
| 297|0x00000000b2900000, 0x00000000b2a00000, 0x00000000b2a00000|100%| O|  |TAMS 0x00000000b2900000, 0x00000000b2900000| Untracked 
| 298|0x00000000b2a00000, 0x00000000b2b00000, 0x00000000b2b00000|100%| O|  |TAMS 0x00000000b2a00000, 0x00000000b2a00000| Untracked 
| 299|0x00000000b2b00000, 0x00000000b2c00000, 0x00000000b2c00000|100%| O|  |TAMS 0x00000000b2b00000, 0x00000000b2b00000| Untracked 
| 300|0x00000000b2c00000, 0x00000000b2d00000, 0x00000000b2d00000|100%| O|  |TAMS 0x00000000b2c00000, 0x00000000b2c00000| Untracked 
| 301|0x00000000b2d00000, 0x00000000b2e00000, 0x00000000b2e00000|100%| O|  |TAMS 0x00000000b2d00000, 0x00000000b2d00000| Untracked 
| 302|0x00000000b2e00000, 0x00000000b2f00000, 0x00000000b2f00000|100%| O|  |TAMS 0x00000000b2e00000, 0x00000000b2e00000| Untracked 
| 303|0x00000000b2f00000, 0x00000000b3000000, 0x00000000b3000000|100%| O|  |TAMS 0x00000000b2f00000, 0x00000000b2f00000| Untracked 
| 304|0x00000000b3000000, 0x00000000b3100000, 0x00000000b3100000|100%| O|  |TAMS 0x00000000b3000000, 0x00000000b3000000| Untracked 
| 305|0x00000000b3100000, 0x00000000b3200000, 0x00000000b3200000|100%| O|  |TAMS 0x00000000b3100000, 0x00000000b3100000| Untracked 
| 306|0x00000000b3200000, 0x00000000b3300000, 0x00000000b3300000|100%| O|  |TAMS 0x00000000b3200000, 0x00000000b3200000| Untracked 
| 307|0x00000000b3300000, 0x00000000b3400000, 0x00000000b3400000|100%| O|  |TAMS 0x00000000b3300000, 0x00000000b3300000| Untracked 
| 308|0x00000000b3400000, 0x00000000b3500000, 0x00000000b3500000|100%| O|  |TAMS 0x00000000b3400000, 0x00000000b3400000| Untracked 
| 309|0x00000000b3500000, 0x00000000b3600000, 0x00000000b3600000|100%| O|  |TAMS 0x00000000b3500000, 0x00000000b3500000| Untracked 
| 310|0x00000000b3600000, 0x00000000b3647800, 0x00000000b3700000| 27%| O|  |TAMS 0x00000000b3600000, 0x00000000b3600000| Untracked 
| 311|0x00000000b3700000, 0x00000000b3700000, 0x00000000b3800000|  0%| F|  |TAMS 0x00000000b3700000, 0x00000000b3700000| Untracked 
| 312|0x00000000b3800000, 0x00000000b3800000, 0x00000000b3900000|  0%| F|  |TAMS 0x00000000b3800000, 0x00000000b3800000| Untracked 
| 313|0x00000000b3900000, 0x00000000b3900000, 0x00000000b3a00000|  0%| F|  |TAMS 0x00000000b3900000, 0x00000000b3900000| Untracked 
| 314|0x00000000b3a00000, 0x00000000b3a00000, 0x00000000b3b00000|  0%| F|  |TAMS 0x00000000b3a00000, 0x00000000b3a00000| Untracked 
| 315|0x00000000b3b00000, 0x00000000b3b00000, 0x00000000b3c00000|  0%| F|  |TAMS 0x00000000b3b00000, 0x00000000b3b00000| Untracked 
| 316|0x00000000b3c00000, 0x00000000b3c00000, 0x00000000b3d00000|  0%| F|  |TAMS 0x00000000b3c00000, 0x00000000b3c00000| Untracked 
| 317|0x00000000b3d00000, 0x00000000b3d00000, 0x00000000b3e00000|  0%| F|  |TAMS 0x00000000b3d00000, 0x00000000b3d00000| Untracked 
| 318|0x00000000b3e00000, 0x00000000b3e00000, 0x00000000b3f00000|  0%| F|  |TAMS 0x00000000b3e00000, 0x00000000b3e00000| Untracked 
| 319|0x00000000b3f00000, 0x00000000b3f00000, 0x00000000b4000000|  0%| F|  |TAMS 0x00000000b3f00000, 0x00000000b3f00000| Untracked 
| 320|0x00000000b4000000, 0x00000000b4000000, 0x00000000b4100000|  0%| F|  |TAMS 0x00000000b4000000, 0x00000000b4000000| Untracked 
| 321|0x00000000b4100000, 0x00000000b4100000, 0x00000000b4200000|  0%| F|  |TAMS 0x00000000b4100000, 0x00000000b4100000| Untracked 
| 322|0x00000000b4200000, 0x00000000b4200000, 0x00000000b4300000|  0%| F|  |TAMS 0x00000000b4200000, 0x00000000b4200000| Untracked 
| 323|0x00000000b4300000, 0x00000000b4300000, 0x00000000b4400000|  0%| F|  |TAMS 0x00000000b4300000, 0x00000000b4300000| Untracked 
| 324|0x00000000b4400000, 0x00000000b4400000, 0x00000000b4500000|  0%| F|  |TAMS 0x00000000b4400000, 0x00000000b4400000| Untracked 
| 325|0x00000000b4500000, 0x00000000b4500000, 0x00000000b4600000|  0%| F|  |TAMS 0x00000000b4500000, 0x00000000b4500000| Untracked 
| 326|0x00000000b4600000, 0x00000000b4600000, 0x00000000b4700000|  0%| F|  |TAMS 0x00000000b4600000, 0x00000000b4600000| Untracked 
| 327|0x00000000b4700000, 0x00000000b4700000, 0x00000000b4800000|  0%| F|  |TAMS 0x00000000b4700000, 0x00000000b4700000| Untracked 
| 328|0x00000000b4800000, 0x00000000b4800000, 0x00000000b4900000|  0%| F|  |TAMS 0x00000000b4800000, 0x00000000b4800000| Untracked 
| 329|0x00000000b4900000, 0x00000000b4900000, 0x00000000b4a00000|  0%| F|  |TAMS 0x00000000b4900000, 0x00000000b4900000| Untracked 
| 330|0x00000000b4a00000, 0x00000000b4a00000, 0x00000000b4b00000|  0%| F|  |TAMS 0x00000000b4a00000, 0x00000000b4a00000| Untracked 
| 331|0x00000000b4b00000, 0x00000000b4b00000, 0x00000000b4c00000|  0%| F|  |TAMS 0x00000000b4b00000, 0x00000000b4b00000| Untracked 
| 332|0x00000000b4c00000, 0x00000000b4c00000, 0x00000000b4d00000|  0%| F|  |TAMS 0x00000000b4c00000, 0x00000000b4c00000| Untracked 
| 333|0x00000000b4d00000, 0x00000000b4d00000, 0x00000000b4e00000|  0%| F|  |TAMS 0x00000000b4d00000, 0x00000000b4d00000| Untracked 
| 334|0x00000000b4e00000, 0x00000000b4e00000, 0x00000000b4f00000|  0%| F|  |TAMS 0x00000000b4e00000, 0x00000000b4e00000| Untracked 
| 335|0x00000000b4f00000, 0x00000000b4f00000, 0x00000000b5000000|  0%| F|  |TAMS 0x00000000b4f00000, 0x00000000b4f00000| Untracked 
| 336|0x00000000b5000000, 0x00000000b5000000, 0x00000000b5100000|  0%| F|  |TAMS 0x00000000b5000000, 0x00000000b5000000| Untracked 
| 337|0x00000000b5100000, 0x00000000b5100000, 0x00000000b5200000|  0%| F|  |TAMS 0x00000000b5100000, 0x00000000b5100000| Untracked 
| 338|0x00000000b5200000, 0x00000000b5200000, 0x00000000b5300000|  0%| F|  |TAMS 0x00000000b5200000, 0x00000000b5200000| Untracked 
| 339|0x00000000b5300000, 0x00000000b5300000, 0x00000000b5400000|  0%| F|  |TAMS 0x00000000b5300000, 0x00000000b5300000| Untracked 
| 340|0x00000000b5400000, 0x00000000b5400000, 0x00000000b5500000|  0%| F|  |TAMS 0x00000000b5400000, 0x00000000b5400000| Untracked 
| 341|0x00000000b5500000, 0x00000000b5500000, 0x00000000b5600000|  0%| F|  |TAMS 0x00000000b5500000, 0x00000000b5500000| Untracked 
| 342|0x00000000b5600000, 0x00000000b5600000, 0x00000000b5700000|  0%| F|  |TAMS 0x00000000b5600000, 0x00000000b5600000| Untracked 
| 343|0x00000000b5700000, 0x00000000b5700000, 0x00000000b5800000|  0%| F|  |TAMS 0x00000000b5700000, 0x00000000b5700000| Untracked 
| 344|0x00000000b5800000, 0x00000000b5800000, 0x00000000b5900000|  0%| F|  |TAMS 0x00000000b5800000, 0x00000000b5800000| Untracked 
| 345|0x00000000b5900000, 0x00000000b5900000, 0x00000000b5a00000|  0%| F|  |TAMS 0x00000000b5900000, 0x00000000b5900000| Untracked 
| 346|0x00000000b5a00000, 0x00000000b5a00000, 0x00000000b5b00000|  0%| F|  |TAMS 0x00000000b5a00000, 0x00000000b5a00000| Untracked 
| 347|0x00000000b5b00000, 0x00000000b5b00000, 0x00000000b5c00000|  0%| F|  |TAMS 0x00000000b5b00000, 0x00000000b5b00000| Untracked 
| 348|0x00000000b5c00000, 0x00000000b5c00000, 0x00000000b5d00000|  0%| F|  |TAMS 0x00000000b5c00000, 0x00000000b5c00000| Untracked 
| 349|0x00000000b5d00000, 0x00000000b5d00000, 0x00000000b5e00000|  0%| F|  |TAMS 0x00000000b5d00000, 0x00000000b5d00000| Untracked 
| 350|0x00000000b5e00000, 0x00000000b5e00000, 0x00000000b5f00000|  0%| F|  |TAMS 0x00000000b5e00000, 0x00000000b5e00000| Untracked 
| 351|0x00000000b5f00000, 0x00000000b5f00000, 0x00000000b6000000|  0%| F|  |TAMS 0x00000000b5f00000, 0x00000000b5f00000| Untracked 
| 352|0x00000000b6000000, 0x00000000b6000000, 0x00000000b6100000|  0%| F|  |TAMS 0x00000000b6000000, 0x00000000b6000000| Untracked 
| 353|0x00000000b6100000, 0x00000000b6100000, 0x00000000b6200000|  0%| F|  |TAMS 0x00000000b6100000, 0x00000000b6100000| Untracked 
| 354|0x00000000b6200000, 0x00000000b6200000, 0x00000000b6300000|  0%| F|  |TAMS 0x00000000b6200000, 0x00000000b6200000| Untracked 
| 355|0x00000000b6300000, 0x00000000b6300000, 0x00000000b6400000|  0%| F|  |TAMS 0x00000000b6300000, 0x00000000b6300000| Untracked 
| 356|0x00000000b6400000, 0x00000000b6400000, 0x00000000b6500000|  0%| F|  |TAMS 0x00000000b6400000, 0x00000000b6400000| Untracked 
| 357|0x00000000b6500000, 0x00000000b6500000, 0x00000000b6600000|  0%| F|  |TAMS 0x00000000b6500000, 0x00000000b6500000| Untracked 
| 358|0x00000000b6600000, 0x00000000b6600000, 0x00000000b6700000|  0%| F|  |TAMS 0x00000000b6600000, 0x00000000b6600000| Untracked 
| 359|0x00000000b6700000, 0x00000000b6700000, 0x00000000b6800000|  0%| F|  |TAMS 0x00000000b6700000, 0x00000000b6700000| Untracked 
| 360|0x00000000b6800000, 0x00000000b6800000, 0x00000000b6900000|  0%| F|  |TAMS 0x00000000b6800000, 0x00000000b6800000| Untracked 
| 361|0x00000000b6900000, 0x00000000b6900000, 0x00000000b6a00000|  0%| F|  |TAMS 0x00000000b6900000, 0x00000000b6900000| Untracked 
| 362|0x00000000b6a00000, 0x00000000b6a00000, 0x00000000b6b00000|  0%| F|  |TAMS 0x00000000b6a00000, 0x00000000b6a00000| Untracked 
| 363|0x00000000b6b00000, 0x00000000b6b00000, 0x00000000b6c00000|  0%| F|  |TAMS 0x00000000b6b00000, 0x00000000b6b00000| Untracked 
| 364|0x00000000b6c00000, 0x00000000b6c00000, 0x00000000b6d00000|  0%| F|  |TAMS 0x00000000b6c00000, 0x00000000b6c00000| Untracked 
| 365|0x00000000b6d00000, 0x00000000b6d00000, 0x00000000b6e00000|  0%| F|  |TAMS 0x00000000b6d00000, 0x00000000b6d00000| Untracked 
| 366|0x00000000b6e00000, 0x00000000b6e00000, 0x00000000b6f00000|  0%| F|  |TAMS 0x00000000b6e00000, 0x00000000b6e00000| Untracked 
| 367|0x00000000b6f00000, 0x00000000b6f00000, 0x00000000b7000000|  0%| F|  |TAMS 0x00000000b6f00000, 0x00000000b6f00000| Untracked 
| 368|0x00000000b7000000, 0x00000000b7000000, 0x00000000b7100000|  0%| F|  |TAMS 0x00000000b7000000, 0x00000000b7000000| Untracked 
| 369|0x00000000b7100000, 0x00000000b7100000, 0x00000000b7200000|  0%| F|  |TAMS 0x00000000b7100000, 0x00000000b7100000| Untracked 
| 370|0x00000000b7200000, 0x00000000b7200000, 0x00000000b7300000|  0%| F|  |TAMS 0x00000000b7200000, 0x00000000b7200000| Untracked 
| 371|0x00000000b7300000, 0x00000000b7300000, 0x00000000b7400000|  0%| F|  |TAMS 0x00000000b7300000, 0x00000000b7300000| Untracked 
| 372|0x00000000b7400000, 0x00000000b7400000, 0x00000000b7500000|  0%| F|  |TAMS 0x00000000b7400000, 0x00000000b7400000| Untracked 
| 373|0x00000000b7500000, 0x00000000b7500000, 0x00000000b7600000|  0%| F|  |TAMS 0x00000000b7500000, 0x00000000b7500000| Untracked 
| 374|0x00000000b7600000, 0x00000000b7600000, 0x00000000b7700000|  0%| F|  |TAMS 0x00000000b7600000, 0x00000000b7600000| Untracked 
| 375|0x00000000b7700000, 0x00000000b7700000, 0x00000000b7800000|  0%| F|  |TAMS 0x00000000b7700000, 0x00000000b7700000| Untracked 
| 376|0x00000000b7800000, 0x00000000b7800000, 0x00000000b7900000|  0%| F|  |TAMS 0x00000000b7800000, 0x00000000b7800000| Untracked 
| 377|0x00000000b7900000, 0x00000000b7900000, 0x00000000b7a00000|  0%| F|  |TAMS 0x00000000b7900000, 0x00000000b7900000| Untracked 
| 378|0x00000000b7a00000, 0x00000000b7a00000, 0x00000000b7b00000|  0%| F|  |TAMS 0x00000000b7a00000, 0x00000000b7a00000| Untracked 
| 379|0x00000000b7b00000, 0x00000000b7b00000, 0x00000000b7c00000|  0%| F|  |TAMS 0x00000000b7b00000, 0x00000000b7b00000| Untracked 
| 380|0x00000000b7c00000, 0x00000000b7c00000, 0x00000000b7d00000|  0%| F|  |TAMS 0x00000000b7c00000, 0x00000000b7c00000| Untracked 
| 381|0x00000000b7d00000, 0x00000000b7d00000, 0x00000000b7e00000|  0%| F|  |TAMS 0x00000000b7d00000, 0x00000000b7d00000| Untracked 
| 382|0x00000000b7e00000, 0x00000000b7e00000, 0x00000000b7f00000|  0%| F|  |TAMS 0x00000000b7e00000, 0x00000000b7e00000| Untracked 
| 383|0x00000000b7f00000, 0x00000000b7f00000, 0x00000000b8000000|  0%| F|  |TAMS 0x00000000b7f00000, 0x00000000b7f00000| Untracked 
| 384|0x00000000b8000000, 0x00000000b8000000, 0x00000000b8100000|  0%| F|  |TAMS 0x00000000b8000000, 0x00000000b8000000| Untracked 
| 385|0x00000000b8100000, 0x00000000b8100000, 0x00000000b8200000|  0%| F|  |TAMS 0x00000000b8100000, 0x00000000b8100000| Untracked 
| 386|0x00000000b8200000, 0x00000000b8200000, 0x00000000b8300000|  0%| F|  |TAMS 0x00000000b8200000, 0x00000000b8200000| Untracked 
| 387|0x00000000b8300000, 0x00000000b8300000, 0x00000000b8400000|  0%| F|  |TAMS 0x00000000b8300000, 0x00000000b8300000| Untracked 
| 388|0x00000000b8400000, 0x00000000b8400000, 0x00000000b8500000|  0%| F|  |TAMS 0x00000000b8400000, 0x00000000b8400000| Untracked 
| 389|0x00000000b8500000, 0x00000000b8500000, 0x00000000b8600000|  0%| F|  |TAMS 0x00000000b8500000, 0x00000000b8500000| Untracked 
| 390|0x00000000b8600000, 0x00000000b8600000, 0x00000000b8700000|  0%| F|  |TAMS 0x00000000b8600000, 0x00000000b8600000| Untracked 
| 391|0x00000000b8700000, 0x00000000b8700000, 0x00000000b8800000|  0%| F|  |TAMS 0x00000000b8700000, 0x00000000b8700000| Untracked 
| 392|0x00000000b8800000, 0x00000000b8800000, 0x00000000b8900000|  0%| F|  |TAMS 0x00000000b8800000, 0x00000000b8800000| Untracked 
| 393|0x00000000b8900000, 0x00000000b8900000, 0x00000000b8a00000|  0%| F|  |TAMS 0x00000000b8900000, 0x00000000b8900000| Untracked 
| 394|0x00000000b8a00000, 0x00000000b8a00000, 0x00000000b8b00000|  0%| F|  |TAMS 0x00000000b8a00000, 0x00000000b8a00000| Untracked 
| 395|0x00000000b8b00000, 0x00000000b8b00000, 0x00000000b8c00000|  0%| F|  |TAMS 0x00000000b8b00000, 0x00000000b8b00000| Untracked 
| 396|0x00000000b8c00000, 0x00000000b8c00000, 0x00000000b8d00000|  0%| F|  |TAMS 0x00000000b8c00000, 0x00000000b8c00000| Untracked 
| 397|0x00000000b8d00000, 0x00000000b8d00000, 0x00000000b8e00000|  0%| F|  |TAMS 0x00000000b8d00000, 0x00000000b8d00000| Untracked 
| 398|0x00000000b8e00000, 0x00000000b8e00000, 0x00000000b8f00000|  0%| F|  |TAMS 0x00000000b8e00000, 0x00000000b8e00000| Untracked 
| 399|0x00000000b8f00000, 0x00000000b8f00000, 0x00000000b9000000|  0%| F|  |TAMS 0x00000000b8f00000, 0x00000000b8f00000| Untracked 
| 400|0x00000000b9000000, 0x00000000b9000000, 0x00000000b9100000|  0%| F|  |TAMS 0x00000000b9000000, 0x00000000b9000000| Untracked 
| 401|0x00000000b9100000, 0x00000000b9100000, 0x00000000b9200000|  0%| F|  |TAMS 0x00000000b9100000, 0x00000000b9100000| Untracked 
| 402|0x00000000b9200000, 0x00000000b9200000, 0x00000000b9300000|  0%| F|  |TAMS 0x00000000b9200000, 0x00000000b9200000| Untracked 
| 403|0x00000000b9300000, 0x00000000b9300000, 0x00000000b9400000|  0%| F|  |TAMS 0x00000000b9300000, 0x00000000b9300000| Untracked 
| 404|0x00000000b9400000, 0x00000000b9400000, 0x00000000b9500000|  0%| F|  |TAMS 0x00000000b9400000, 0x00000000b9400000| Untracked 
| 405|0x00000000b9500000, 0x00000000b9500000, 0x00000000b9600000|  0%| F|  |TAMS 0x00000000b9500000, 0x00000000b9500000| Untracked 
| 406|0x00000000b9600000, 0x00000000b9600000, 0x00000000b9700000|  0%| F|  |TAMS 0x00000000b9600000, 0x00000000b9600000| Untracked 
| 407|0x00000000b9700000, 0x00000000b9700000, 0x00000000b9800000|  0%| F|  |TAMS 0x00000000b9700000, 0x00000000b9700000| Untracked 
| 408|0x00000000b9800000, 0x00000000b9800000, 0x00000000b9900000|  0%| F|  |TAMS 0x00000000b9800000, 0x00000000b9800000| Untracked 
| 409|0x00000000b9900000, 0x00000000b9900000, 0x00000000b9a00000|  0%| F|  |TAMS 0x00000000b9900000, 0x00000000b9900000| Untracked 
| 410|0x00000000b9a00000, 0x00000000b9a00000, 0x00000000b9b00000|  0%| F|  |TAMS 0x00000000b9a00000, 0x00000000b9a00000| Untracked 
| 411|0x00000000b9b00000, 0x00000000b9b00000, 0x00000000b9c00000|  0%| F|  |TAMS 0x00000000b9b00000, 0x00000000b9b00000| Untracked 
| 412|0x00000000b9c00000, 0x00000000b9c00000, 0x00000000b9d00000|  0%| F|  |TAMS 0x00000000b9c00000, 0x00000000b9c00000| Untracked 
| 413|0x00000000b9d00000, 0x00000000b9d00000, 0x00000000b9e00000|  0%| F|  |TAMS 0x00000000b9d00000, 0x00000000b9d00000| Untracked 
| 414|0x00000000b9e00000, 0x00000000b9e00000, 0x00000000b9f00000|  0%| F|  |TAMS 0x00000000b9e00000, 0x00000000b9e00000| Untracked 
| 415|0x00000000b9f00000, 0x00000000b9f00000, 0x00000000ba000000|  0%| F|  |TAMS 0x00000000b9f00000, 0x00000000b9f00000| Untracked 
| 416|0x00000000ba000000, 0x00000000ba000000, 0x00000000ba100000|  0%| F|  |TAMS 0x00000000ba000000, 0x00000000ba000000| Untracked 
| 417|0x00000000ba100000, 0x00000000ba100000, 0x00000000ba200000|  0%| F|  |TAMS 0x00000000ba100000, 0x00000000ba100000| Untracked 
| 418|0x00000000ba200000, 0x00000000ba200000, 0x00000000ba300000|  0%| F|  |TAMS 0x00000000ba200000, 0x00000000ba200000| Untracked 
| 419|0x00000000ba300000, 0x00000000ba300000, 0x00000000ba400000|  0%| F|  |TAMS 0x00000000ba300000, 0x00000000ba300000| Untracked 
| 420|0x00000000ba400000, 0x00000000ba400000, 0x00000000ba500000|  0%| F|  |TAMS 0x00000000ba400000, 0x00000000ba400000| Untracked 
| 421|0x00000000ba500000, 0x00000000ba500000, 0x00000000ba600000|  0%| F|  |TAMS 0x00000000ba500000, 0x00000000ba500000| Untracked 
| 422|0x00000000ba600000, 0x00000000ba600000, 0x00000000ba700000|  0%| F|  |TAMS 0x00000000ba600000, 0x00000000ba600000| Untracked 
| 423|0x00000000ba700000, 0x00000000ba700000, 0x00000000ba800000|  0%| F|  |TAMS 0x00000000ba700000, 0x00000000ba700000| Untracked 
| 424|0x00000000ba800000, 0x00000000ba800000, 0x00000000ba900000|  0%| F|  |TAMS 0x00000000ba800000, 0x00000000ba800000| Untracked 
| 425|0x00000000ba900000, 0x00000000ba900000, 0x00000000baa00000|  0%| F|  |TAMS 0x00000000ba900000, 0x00000000ba900000| Untracked 
| 426|0x00000000baa00000, 0x00000000baa00000, 0x00000000bab00000|  0%| F|  |TAMS 0x00000000baa00000, 0x00000000baa00000| Untracked 
| 427|0x00000000bab00000, 0x00000000bab00000, 0x00000000bac00000|  0%| F|  |TAMS 0x00000000bab00000, 0x00000000bab00000| Untracked 
| 428|0x00000000bac00000, 0x00000000bac00000, 0x00000000bad00000|  0%| F|  |TAMS 0x00000000bac00000, 0x00000000bac00000| Untracked 
| 429|0x00000000bad00000, 0x00000000bad00000, 0x00000000bae00000|  0%| F|  |TAMS 0x00000000bad00000, 0x00000000bad00000| Untracked 
| 430|0x00000000bae00000, 0x00000000bae00000, 0x00000000baf00000|  0%| F|  |TAMS 0x00000000bae00000, 0x00000000bae00000| Untracked 
| 431|0x00000000baf00000, 0x00000000baf00000, 0x00000000bb000000|  0%| F|  |TAMS 0x00000000baf00000, 0x00000000baf00000| Untracked 
| 432|0x00000000bb000000, 0x00000000bb000000, 0x00000000bb100000|  0%| F|  |TAMS 0x00000000bb000000, 0x00000000bb000000| Untracked 
| 433|0x00000000bb100000, 0x00000000bb100000, 0x00000000bb200000|  0%| F|  |TAMS 0x00000000bb100000, 0x00000000bb100000| Untracked 
| 434|0x00000000bb200000, 0x00000000bb200000, 0x00000000bb300000|  0%| F|  |TAMS 0x00000000bb200000, 0x00000000bb200000| Untracked 
| 435|0x00000000bb300000, 0x00000000bb300000, 0x00000000bb400000|  0%| F|  |TAMS 0x00000000bb300000, 0x00000000bb300000| Untracked 
| 436|0x00000000bb400000, 0x00000000bb400000, 0x00000000bb500000|  0%| F|  |TAMS 0x00000000bb400000, 0x00000000bb400000| Untracked 
| 437|0x00000000bb500000, 0x00000000bb500000, 0x00000000bb600000|  0%| F|  |TAMS 0x00000000bb500000, 0x00000000bb500000| Untracked 
| 438|0x00000000bb600000, 0x00000000bb600000, 0x00000000bb700000|  0%| F|  |TAMS 0x00000000bb600000, 0x00000000bb600000| Untracked 
| 439|0x00000000bb700000, 0x00000000bb700000, 0x00000000bb800000|  0%| F|  |TAMS 0x00000000bb700000, 0x00000000bb700000| Untracked 
| 440|0x00000000bb800000, 0x00000000bb800000, 0x00000000bb900000|  0%| F|  |TAMS 0x00000000bb800000, 0x00000000bb800000| Untracked 
| 441|0x00000000bb900000, 0x00000000bb900000, 0x00000000bba00000|  0%| F|  |TAMS 0x00000000bb900000, 0x00000000bb900000| Untracked 
| 442|0x00000000bba00000, 0x00000000bba00000, 0x00000000bbb00000|  0%| F|  |TAMS 0x00000000bba00000, 0x00000000bba00000| Untracked 
| 443|0x00000000bbb00000, 0x00000000bbb00000, 0x00000000bbc00000|  0%| F|  |TAMS 0x00000000bbb00000, 0x00000000bbb00000| Untracked 
| 444|0x00000000bbc00000, 0x00000000bbc00000, 0x00000000bbd00000|  0%| F|  |TAMS 0x00000000bbc00000, 0x00000000bbc00000| Untracked 
| 445|0x00000000bbd00000, 0x00000000bbd00000, 0x00000000bbe00000|  0%| F|  |TAMS 0x00000000bbd00000, 0x00000000bbd00000| Untracked 
| 446|0x00000000bbe00000, 0x00000000bbe00000, 0x00000000bbf00000|  0%| F|  |TAMS 0x00000000bbe00000, 0x00000000bbe00000| Untracked 
| 447|0x00000000bbf00000, 0x00000000bbf00000, 0x00000000bc000000|  0%| F|  |TAMS 0x00000000bbf00000, 0x00000000bbf00000| Untracked 
| 448|0x00000000bc000000, 0x00000000bc000000, 0x00000000bc100000|  0%| F|  |TAMS 0x00000000bc000000, 0x00000000bc000000| Untracked 
| 449|0x00000000bc100000, 0x00000000bc100000, 0x00000000bc200000|  0%| F|  |TAMS 0x00000000bc100000, 0x00000000bc100000| Untracked 
| 450|0x00000000bc200000, 0x00000000bc200000, 0x00000000bc300000|  0%| F|  |TAMS 0x00000000bc200000, 0x00000000bc200000| Untracked 
| 451|0x00000000bc300000, 0x00000000bc300000, 0x00000000bc400000|  0%| F|  |TAMS 0x00000000bc300000, 0x00000000bc300000| Untracked 
| 452|0x00000000bc400000, 0x00000000bc400000, 0x00000000bc500000|  0%| F|  |TAMS 0x00000000bc400000, 0x00000000bc400000| Untracked 
| 453|0x00000000bc500000, 0x00000000bc500000, 0x00000000bc600000|  0%| F|  |TAMS 0x00000000bc500000, 0x00000000bc500000| Untracked 
| 454|0x00000000bc600000, 0x00000000bc600000, 0x00000000bc700000|  0%| F|  |TAMS 0x00000000bc600000, 0x00000000bc600000| Untracked 
| 455|0x00000000bc700000, 0x00000000bc700000, 0x00000000bc800000|  0%| F|  |TAMS 0x00000000bc700000, 0x00000000bc700000| Untracked 
| 456|0x00000000bc800000, 0x00000000bc800000, 0x00000000bc900000|  0%| F|  |TAMS 0x00000000bc800000, 0x00000000bc800000| Untracked 
| 457|0x00000000bc900000, 0x00000000bc900000, 0x00000000bca00000|  0%| F|  |TAMS 0x00000000bc900000, 0x00000000bc900000| Untracked 
| 458|0x00000000bca00000, 0x00000000bca00000, 0x00000000bcb00000|  0%| F|  |TAMS 0x00000000bca00000, 0x00000000bca00000| Untracked 
| 459|0x00000000bcb00000, 0x00000000bcb00000, 0x00000000bcc00000|  0%| F|  |TAMS 0x00000000bcb00000, 0x00000000bcb00000| Untracked 
| 460|0x00000000bcc00000, 0x00000000bcc00000, 0x00000000bcd00000|  0%| F|  |TAMS 0x00000000bcc00000, 0x00000000bcc00000| Untracked 
| 461|0x00000000bcd00000, 0x00000000bcd00000, 0x00000000bce00000|  0%| F|  |TAMS 0x00000000bcd00000, 0x00000000bcd00000| Untracked 
| 462|0x00000000bce00000, 0x00000000bce00000, 0x00000000bcf00000|  0%| F|  |TAMS 0x00000000bce00000, 0x00000000bce00000| Untracked 
| 463|0x00000000bcf00000, 0x00000000bcf00000, 0x00000000bd000000|  0%| F|  |TAMS 0x00000000bcf00000, 0x00000000bcf00000| Untracked 
| 464|0x00000000bd000000, 0x00000000bd000000, 0x00000000bd100000|  0%| F|  |TAMS 0x00000000bd000000, 0x00000000bd000000| Untracked 
| 465|0x00000000bd100000, 0x00000000bd100000, 0x00000000bd200000|  0%| F|  |TAMS 0x00000000bd100000, 0x00000000bd100000| Untracked 
| 466|0x00000000bd200000, 0x00000000bd200000, 0x00000000bd300000|  0%| F|  |TAMS 0x00000000bd200000, 0x00000000bd200000| Untracked 
| 467|0x00000000bd300000, 0x00000000bd300000, 0x00000000bd400000|  0%| F|  |TAMS 0x00000000bd300000, 0x00000000bd300000| Untracked 
| 468|0x00000000bd400000, 0x00000000bd400000, 0x00000000bd500000|  0%| F|  |TAMS 0x00000000bd400000, 0x00000000bd400000| Untracked 
| 469|0x00000000bd500000, 0x00000000bd500000, 0x00000000bd600000|  0%| F|  |TAMS 0x00000000bd500000, 0x00000000bd500000| Untracked 
| 470|0x00000000bd600000, 0x00000000bd600000, 0x00000000bd700000|  0%| F|  |TAMS 0x00000000bd600000, 0x00000000bd600000| Untracked 
| 471|0x00000000bd700000, 0x00000000bd700000, 0x00000000bd800000|  0%| F|  |TAMS 0x00000000bd700000, 0x00000000bd700000| Untracked 
| 472|0x00000000bd800000, 0x00000000bd800000, 0x00000000bd900000|  0%| F|  |TAMS 0x00000000bd800000, 0x00000000bd800000| Untracked 
| 473|0x00000000bd900000, 0x00000000bd900000, 0x00000000bda00000|  0%| F|  |TAMS 0x00000000bd900000, 0x00000000bd900000| Untracked 
| 474|0x00000000bda00000, 0x00000000bda00000, 0x00000000bdb00000|  0%| F|  |TAMS 0x00000000bda00000, 0x00000000bda00000| Untracked 
| 475|0x00000000bdb00000, 0x00000000bdb00000, 0x00000000bdc00000|  0%| F|  |TAMS 0x00000000bdb00000, 0x00000000bdb00000| Untracked 
| 476|0x00000000bdc00000, 0x00000000bdc00000, 0x00000000bdd00000|  0%| F|  |TAMS 0x00000000bdc00000, 0x00000000bdc00000| Untracked 
| 477|0x00000000bdd00000, 0x00000000bdd00000, 0x00000000bde00000|  0%| F|  |TAMS 0x00000000bdd00000, 0x00000000bdd00000| Untracked 
| 478|0x00000000bde00000, 0x00000000bde00000, 0x00000000bdf00000|  0%| F|  |TAMS 0x00000000bde00000, 0x00000000bde00000| Untracked 
| 479|0x00000000bdf00000, 0x00000000bdf00000, 0x00000000be000000|  0%| F|  |TAMS 0x00000000bdf00000, 0x00000000bdf00000| Untracked 
| 480|0x00000000be000000, 0x00000000be000000, 0x00000000be100000|  0%| F|  |TAMS 0x00000000be000000, 0x00000000be000000| Untracked 
| 481|0x00000000be100000, 0x00000000be100000, 0x00000000be200000|  0%| F|  |TAMS 0x00000000be100000, 0x00000000be100000| Untracked 
| 482|0x00000000be200000, 0x00000000be200000, 0x00000000be300000|  0%| F|  |TAMS 0x00000000be200000, 0x00000000be200000| Untracked 
| 483|0x00000000be300000, 0x00000000be300000, 0x00000000be400000|  0%| F|  |TAMS 0x00000000be300000, 0x00000000be300000| Untracked 
| 484|0x00000000be400000, 0x00000000be400000, 0x00000000be500000|  0%| F|  |TAMS 0x00000000be400000, 0x00000000be400000| Untracked 
| 485|0x00000000be500000, 0x00000000be580000, 0x00000000be600000| 50%| E|  |TAMS 0x00000000be500000, 0x00000000be500000| Complete 
| 486|0x00000000be600000, 0x00000000be700000, 0x00000000be700000|100%| E|CS|TAMS 0x00000000be600000, 0x00000000be600000| Complete 
| 487|0x00000000be700000, 0x00000000be800000, 0x00000000be800000|100%| E|CS|TAMS 0x00000000be700000, 0x00000000be700000| Complete 
| 488|0x00000000be800000, 0x00000000be900000, 0x00000000be900000|100%| E|CS|TAMS 0x00000000be800000, 0x00000000be800000| Complete 
| 489|0x00000000be900000, 0x00000000bea00000, 0x00000000bea00000|100%| E|CS|TAMS 0x00000000be900000, 0x00000000be900000| Complete 
| 490|0x00000000bea00000, 0x00000000beb00000, 0x00000000beb00000|100%| E|CS|TAMS 0x00000000bea00000, 0x00000000bea00000| Complete 
| 491|0x00000000beb00000, 0x00000000bec00000, 0x00000000bec00000|100%| E|CS|TAMS 0x00000000beb00000, 0x00000000beb00000| Complete 
| 492|0x00000000bec00000, 0x00000000bed00000, 0x00000000bed00000|100%| E|CS|TAMS 0x00000000bec00000, 0x00000000bec00000| Complete 
| 493|0x00000000bed00000, 0x00000000bee00000, 0x00000000bee00000|100%| E|CS|TAMS 0x00000000bed00000, 0x00000000bed00000| Complete 
| 494|0x00000000bee00000, 0x00000000bef00000, 0x00000000bef00000|100%| E|CS|TAMS 0x00000000bee00000, 0x00000000bee00000| Complete 
| 495|0x00000000bef00000, 0x00000000bf000000, 0x00000000bf000000|100%| S|CS|TAMS 0x00000000bef00000, 0x00000000bef00000| Complete 
| 496|0x00000000bf000000, 0x00000000bf100000, 0x00000000bf100000|100%| S|CS|TAMS 0x00000000bf000000, 0x00000000bf000000| Complete 
| 497|0x00000000bf100000, 0x00000000bf200000, 0x00000000bf200000|100%| S|CS|TAMS 0x00000000bf100000, 0x00000000bf100000| Complete 
| 498|0x00000000bf200000, 0x00000000bf300000, 0x00000000bf300000|100%| E|CS|TAMS 0x00000000bf200000, 0x00000000bf200000| Complete 
| 499|0x00000000bf300000, 0x00000000bf400000, 0x00000000bf400000|100%| E|CS|TAMS 0x00000000bf300000, 0x00000000bf300000| Complete 
| 500|0x00000000bf400000, 0x00000000bf500000, 0x00000000bf500000|100%| E|CS|TAMS 0x00000000bf400000, 0x00000000bf400000| Complete 
| 501|0x00000000bf500000, 0x00000000bf600000, 0x00000000bf600000|100%| E|CS|TAMS 0x00000000bf500000, 0x00000000bf500000| Complete 
| 502|0x00000000bf600000, 0x00000000bf700000, 0x00000000bf700000|100%| E|CS|TAMS 0x00000000bf600000, 0x00000000bf600000| Complete 
| 503|0x00000000bf700000, 0x00000000bf800000, 0x00000000bf800000|100%| E|CS|TAMS 0x00000000bf700000, 0x00000000bf700000| Complete 
| 504|0x00000000bf800000, 0x00000000bf900000, 0x00000000bf900000|100%| E|CS|TAMS 0x00000000bf800000, 0x00000000bf800000| Complete 
| 505|0x00000000bf900000, 0x00000000bfa00000, 0x00000000bfa00000|100%| E|CS|TAMS 0x00000000bf900000, 0x00000000bf900000| Complete 
| 506|0x00000000bfa00000, 0x00000000bfb00000, 0x00000000bfb00000|100%| E|CS|TAMS 0x00000000bfa00000, 0x00000000bfa00000| Complete 
| 507|0x00000000bfb00000, 0x00000000bfc00000, 0x00000000bfc00000|100%| E|CS|TAMS 0x00000000bfb00000, 0x00000000bfb00000| Complete 
| 508|0x00000000bfc00000, 0x00000000bfd00000, 0x00000000bfd00000|100%| E|CS|TAMS 0x00000000bfc00000, 0x00000000bfc00000| Complete 
| 509|0x00000000bfd00000, 0x00000000bfe00000, 0x00000000bfe00000|100%| E|CS|TAMS 0x00000000bfd00000, 0x00000000bfd00000| Complete 
| 510|0x00000000bfe00000, 0x00000000bff00000, 0x00000000bff00000|100%| E|CS|TAMS 0x00000000bfe00000, 0x00000000bfe00000| Complete 
| 511|0x00000000bff00000, 0x00000000c0000000, 0x00000000c0000000|100%| E|CS|TAMS 0x00000000bff00000, 0x00000000bff00000| Complete 
| 512|0x00000000c0000000, 0x00000000c0100000, 0x00000000c0100000|100%| E|CS|TAMS 0x00000000c0000000, 0x00000000c0000000| Complete 
| 513|0x00000000c0100000, 0x00000000c0200000, 0x00000000c0200000|100%| E|CS|TAMS 0x00000000c0100000, 0x00000000c0100000| Complete 
| 514|0x00000000c0200000, 0x00000000c0300000, 0x00000000c0300000|100%| E|CS|TAMS 0x00000000c0200000, 0x00000000c0200000| Complete 
| 515|0x00000000c0300000, 0x00000000c0400000, 0x00000000c0400000|100%| E|CS|TAMS 0x00000000c0300000, 0x00000000c0300000| Complete 
| 516|0x00000000c0400000, 0x00000000c0500000, 0x00000000c0500000|100%| E|CS|TAMS 0x00000000c0400000, 0x00000000c0400000| Complete 
| 517|0x00000000c0500000, 0x00000000c0600000, 0x00000000c0600000|100%| E|CS|TAMS 0x00000000c0500000, 0x00000000c0500000| Complete 
| 518|0x00000000c0600000, 0x00000000c0700000, 0x00000000c0700000|100%| E|CS|TAMS 0x00000000c0600000, 0x00000000c0600000| Complete 
| 519|0x00000000c0700000, 0x00000000c0800000, 0x00000000c0800000|100%| E|CS|TAMS 0x00000000c0700000, 0x00000000c0700000| Complete 
| 520|0x00000000c0800000, 0x00000000c0900000, 0x00000000c0900000|100%| E|CS|TAMS 0x00000000c0800000, 0x00000000c0800000| Complete 
| 521|0x00000000c0900000, 0x00000000c0a00000, 0x00000000c0a00000|100%| E|CS|TAMS 0x00000000c0900000, 0x00000000c0900000| Complete 
| 522|0x00000000c0a00000, 0x00000000c0b00000, 0x00000000c0b00000|100%| E|CS|TAMS 0x00000000c0a00000, 0x00000000c0a00000| Complete 
| 523|0x00000000c0b00000, 0x00000000c0c00000, 0x00000000c0c00000|100%| E|CS|TAMS 0x00000000c0b00000, 0x00000000c0b00000| Complete 

Card table byte_map: [0x000001abe12f0000,0x000001abe15f0000] _byte_map_base: 0x000001abe0df0000

Marking Bits (Prev, Next): (CMBitMap*) 0x000001abc9f52850, (CMBitMap*) 0x000001abc9f52810
 Prev Bits: [0x000001abe30f0000, 0x000001abe48f0000)
 Next Bits: [0x000001abe18f0000, 0x000001abe30f0000)

Polling page: 0x000001abc7d00000

Metaspace:

Usage:
  Non-class:    153.49 MB used.
      Class:     22.86 MB used.
       Both:    176.34 MB used.

Virtual space:
  Non-class space:      192.00 MB reserved,     154.38 MB ( 80%) committed,  3 nodes.
      Class space:      416.00 MB reserved,      23.62 MB (  6%) committed,  1 nodes.
             Both:      608.00 MB reserved,     178.00 MB ( 29%) committed. 

Chunk freelists:
   Non-Class:  5.30 MB
       Class:  8.25 MB
        Both:  13.55 MB

MaxMetaspaceSize: 512.00 MB
CompressedClassSpaceSize: 416.00 MB
Initial GC threshold: 21.00 MB
Current GC threshold: 287.00 MB
CDS: on
MetaspaceReclaimPolicy: balanced
 - commit_granule_bytes: 65536.
 - commit_granule_words: 8192.
 - virtual_space_node_default_size: 8388608.
 - enlarge_chunks_in_place: 1.
 - new_chunks_are_fully_committed: 0.
 - uncommit_free_chunks: 1.
 - use_allocation_guard: 0.
 - handle_deallocations: 1.


Internal statistics:

num_allocs_failed_limit: 6.
num_arena_births: 2600.
num_arena_deaths: 0.
num_vsnodes_births: 4.
num_vsnodes_deaths: 0.
num_space_committed: 2845.
num_space_uncommitted: 0.
num_chunks_returned_to_freelist: 6.
num_chunks_taken_from_freelist: 10387.
num_chunk_merges: 6.
num_chunk_splits: 7096.
num_chunks_enlarged: 4931.
num_inconsistent_stats: 0.

CodeHeap 'non-profiled nmethods': size=120000Kb used=13857Kb max_used=13857Kb free=106142Kb
 bounds [0x000001abd9560000, 0x000001abda2f0000, 0x000001abe0a90000]
CodeHeap 'profiled nmethods': size=120000Kb used=50294Kb max_used=50294Kb free=69705Kb
 bounds [0x000001abd1a90000, 0x000001abd4bc0000, 0x000001abd8fc0000]
CodeHeap 'non-nmethods': size=5760Kb used=1988Kb max_used=2029Kb free=3771Kb
 bounds [0x000001abd8fc0000, 0x000001abd9230000, 0x000001abd9560000]
 total_blobs=22693 nmethods=21552 adapters=1052
 compilation: enabled
              stopped_count=0, restarted_count=0
 full_count=0

Compilation events (20 events):
Event: 261.136 Thread 0x000001abe7552400 nmethod 25946 0x000001abd4b81a10 code [0x000001abd4b81c20, 0x000001abd4b82218]
Event: 261.136 Thread 0x000001abe7552400 25947       3       org.jetbrains.kotlin.fir.declarations.builder.FirPropertyBuilder::setName (12 bytes)
Event: 261.137 Thread 0x000001abe7552400 nmethod 25947 0x000001abd4b82490 code [0x000001abd4b826a0, 0x000001abd4b82c98]
Event: 261.137 Thread 0x000001abe7552400 25948       3       org.jetbrains.kotlin.fir.declarations.builder.FirPropertyBuilder::setVar (20 bytes)
Event: 261.138 Thread 0x000001abe7552400 nmethod 25948 0x000001abd4b82f10 code [0x000001abd4b830c0, 0x000001abd4b83368]
Event: 261.140 Thread 0x000001abe7552400 25951       3       org.jetbrains.kotlin.fir.backend.Fir2IrBuiltinSymbolsContainer::getPrimitiveTypeToIrType$fir2ir (15 bytes)
Event: 261.140 Thread 0x000001abe7552400 nmethod 25951 0x000001abd4b83490 code [0x000001abd4b83640, 0x000001abd4b83928]
Event: 261.167 Thread 0x000001abe7552400 25952       3       org.jetbrains.kotlin.fir.types.ConeTypeContext::isIntegerConstantOperatorTypeConstructor (11 bytes)
Event: 261.168 Thread 0x000001abe7552400 nmethod 25952 0x000001abd4b83a10 code [0x000001abd4b83c20, 0x000001abd4b842b8]
Event: 261.217 Thread 0x000001abe7552400 25953       1       org.jetbrains.kotlin.fir.lazy.Fir2IrLazyProperty::getOrigin (5 bytes)
Event: 261.217 Thread 0x000001abe7552400 nmethod 25953 0x000001abda2d7510 code [0x000001abda2d76a0, 0x000001abda2d7778]
Event: 261.219 Thread 0x000001abe7552400 25954       3       org.jetbrains.kotlin.fir.declarations.synthetic.FirSyntheticProperty::getGetter (8 bytes)
Event: 261.219 Thread 0x000001abe7552400 nmethod 25954 0x000001abd3d00010 code [0x000001abd3d001a0, 0x000001abd3d002b8]
Event: 261.239 Thread 0x000001abe7552400 25956       1       org.jetbrains.kotlin.fir.lazy.AbstractFir2IrLazyFunction::getSymbol (5 bytes)
Event: 261.239 Thread 0x000001abe7552400 nmethod 25956 0x000001abda2d7810 code [0x000001abda2d79a0, 0x000001abda2d7a78]
Event: 261.242 Thread 0x000001abe7552400 25958       3       org.jetbrains.kotlin.ir.declarations.IrFunction::getDispatchReceiverParameter (73 bytes)
Event: 261.243 Thread 0x000001abe7552400 nmethod 25958 0x000001abd4b84510 code [0x000001abd4b84780, 0x000001abd4b85438]
Event: 261.243 Thread 0x000001abe7552400 25957       3       org.jetbrains.kotlin.ir.overrides.IrFakeOverrideBuilder::isStaticMember (127 bytes)
Event: 261.244 Thread 0x000001abe7552400 nmethod 25957 0x000001abd4b85810 code [0x000001abd4b85a60, 0x000001abd4b866f8]
Event: 261.651 Thread 0x000001abe7552400 25959       3       jdk.management.jfr.internal.FlightRecorderMXBeanProvider$SingleMBeanComponent::mbeanInterfaceNames (11 bytes)

GC Heap History (20 events):
Event: 246.365 GC heap before
{Heap before GC invocations=114 (full 0):
 garbage-first heap   total 353280K, used 307907K [0x00000000a0000000, 0x0000000100000000)
  region size 1024K, 23 young (23552K), 3 survivors (3072K)
 Metaspace       used 169408K, committed 171072K, reserved 622592K
  class space    used 22440K, committed 23232K, reserved 425984K
}
Event: 246.375 GC heap after
{Heap after GC invocations=115 (full 0):
 garbage-first heap   total 353280K, used 290816K [0x00000000a0000000, 0x0000000100000000)
  region size 1024K, 3 young (3072K), 3 survivors (3072K)
 Metaspace       used 169408K, committed 171072K, reserved 622592K
  class space    used 22440K, committed 23232K, reserved 425984K
}
Event: 247.789 GC heap before
{Heap before GC invocations=115 (full 0):
 garbage-first heap   total 353280K, used 308224K [0x00000000a0000000, 0x0000000100000000)
  region size 1024K, 20 young (20480K), 3 survivors (3072K)
 Metaspace       used 170293K, committed 171968K, reserved 622592K
  class space    used 22499K, committed 23296K, reserved 425984K
}
Event: 247.797 GC heap after
{Heap after GC invocations=116 (full 0):
 garbage-first heap   total 353280K, used 294292K [0x00000000a0000000, 0x0000000100000000)
  region size 1024K, 3 young (3072K), 3 survivors (3072K)
 Metaspace       used 170293K, committed 171968K, reserved 622592K
  class space    used 22499K, committed 23296K, reserved 425984K
}
Event: 250.322 GC heap before
{Heap before GC invocations=116 (full 0):
 garbage-first heap   total 353280K, used 307604K [0x00000000a0000000, 0x0000000100000000)
  region size 1024K, 17 young (17408K), 3 survivors (3072K)
 Metaspace       used 172682K, committed 174400K, reserved 622592K
  class space    used 22741K, committed 23552K, reserved 425984K
}
Event: 250.329 GC heap after
{Heap after GC invocations=117 (full 0):
 garbage-first heap   total 353280K, used 296165K [0x00000000a0000000, 0x0000000100000000)
  region size 1024K, 2 young (2048K), 2 survivors (2048K)
 Metaspace       used 172682K, committed 174400K, reserved 622592K
  class space    used 22741K, committed 23552K, reserved 425984K
}
Event: 252.489 GC heap before
{Heap before GC invocations=117 (full 0):
 garbage-first heap   total 353280K, used 311525K [0x00000000a0000000, 0x0000000100000000)
  region size 1024K, 17 young (17408K), 2 survivors (2048K)
 Metaspace       used 173695K, committed 175424K, reserved 622592K
  class space    used 22786K, committed 23616K, reserved 425984K
}
Event: 252.496 GC heap after
{Heap after GC invocations=118 (full 0):
 garbage-first heap   total 353280K, used 298335K [0x00000000a0000000, 0x0000000100000000)
  region size 1024K, 3 young (3072K), 3 survivors (3072K)
 Metaspace       used 173695K, committed 175424K, reserved 622592K
  class space    used 22786K, committed 23616K, reserved 425984K
}
Event: 253.383 GC heap before
{Heap before GC invocations=118 (full 0):
 garbage-first heap   total 353280K, used 312671K [0x00000000a0000000, 0x0000000100000000)
  region size 1024K, 17 young (17408K), 3 survivors (3072K)
 Metaspace       used 173834K, committed 175552K, reserved 622592K
  class space    used 22789K, committed 23616K, reserved 425984K
}
Event: 253.392 GC heap after
{Heap after GC invocations=119 (full 0):
 garbage-first heap   total 353280K, used 301525K [0x00000000a0000000, 0x0000000100000000)
  region size 1024K, 3 young (3072K), 3 survivors (3072K)
 Metaspace       used 173834K, committed 175552K, reserved 622592K
  class space    used 22789K, committed 23616K, reserved 425984K
}
Event: 254.013 GC heap before
{Heap before GC invocations=119 (full 0):
 garbage-first heap   total 353280K, used 315861K [0x00000000a0000000, 0x0000000100000000)
  region size 1024K, 17 young (17408K), 3 survivors (3072K)
 Metaspace       used 173910K, committed 175616K, reserved 622592K
  class space    used 22792K, committed 23616K, reserved 425984K
}
Event: 254.031 GC heap after
{Heap after GC invocations=120 (full 0):
 garbage-first heap   total 353280K, used 304606K [0x00000000a0000000, 0x0000000100000000)
  region size 1024K, 3 young (3072K), 3 survivors (3072K)
 Metaspace       used 173910K, committed 175616K, reserved 622592K
  class space    used 22792K, committed 23616K, reserved 425984K
}
Event: 255.196 GC heap before
{Heap before GC invocations=120 (full 0):
 garbage-first heap   total 353280K, used 318942K [0x00000000a0000000, 0x0000000100000000)
  region size 1024K, 17 young (17408K), 3 survivors (3072K)
 Metaspace       used 174198K, committed 175872K, reserved 622592K
  class space    used 22815K, committed 23616K, reserved 425984K
}
Event: 255.697 GC heap after
{Heap after GC invocations=121 (full 0):
 garbage-first heap   total 353280K, used 307239K [0x00000000a0000000, 0x0000000100000000)
  region size 1024K, 3 young (3072K), 3 survivors (3072K)
 Metaspace       used 174198K, committed 175872K, reserved 622592K
  class space    used 22815K, committed 23616K, reserved 425984K
}
Event: 256.592 GC heap before
{Heap before GC invocations=121 (full 0):
 garbage-first heap   total 353280K, used 321575K [0x00000000a0000000, 0x0000000100000000)
  region size 1024K, 17 young (17408K), 3 survivors (3072K)
 Metaspace       used 174218K, committed 175936K, reserved 622592K
  class space    used 22815K, committed 23616K, reserved 425984K
}
Event: 256.602 GC heap after
{Heap after GC invocations=122 (full 0):
 garbage-first heap   total 402432K, used 310328K [0x00000000a0000000, 0x0000000100000000)
  region size 1024K, 3 young (3072K), 3 survivors (3072K)
 Metaspace       used 174218K, committed 175936K, reserved 622592K
  class space    used 22815K, committed 23616K, reserved 425984K
}
Event: 258.690 GC heap before
{Heap before GC invocations=123 (full 0):
 garbage-first heap   total 536576K, used 333880K [0x00000000a0000000, 0x0000000100000000)
  region size 1024K, 27 young (27648K), 3 survivors (3072K)
 Metaspace       used 176384K, committed 178048K, reserved 622592K
  class space    used 23073K, committed 23872K, reserved 425984K
}
Event: 258.699 GC heap after
{Heap after GC invocations=124 (full 0):
 garbage-first heap   total 536576K, used 313446K [0x00000000a0000000, 0x0000000100000000)
  region size 1024K, 3 young (3072K), 3 survivors (3072K)
 Metaspace       used 176384K, committed 178048K, reserved 622592K
  class space    used 23073K, committed 23872K, reserved 425984K
}
Event: 260.249 GC heap before
{Heap before GC invocations=124 (full 0):
 garbage-first heap   total 536576K, used 335974K [0x00000000a0000000, 0x0000000100000000)
  region size 1024K, 26 young (26624K), 3 survivors (3072K)
 Metaspace       used 179926K, committed 181632K, reserved 622592K
  class space    used 23370K, committed 24192K, reserved 425984K
}
Event: 260.265 GC heap after
{Heap after GC invocations=125 (full 0):
 garbage-first heap   total 536576K, used 310558K [0x00000000a0000000, 0x0000000100000000)
  region size 1024K, 3 young (3072K), 3 survivors (3072K)
 Metaspace       used 179926K, committed 181632K, reserved 622592K
  class space    used 23370K, committed 24192K, reserved 425984K
}

Dll operation events (15 events):
Event: 0.069 Loaded shared library C:\Program Files\Microsoft\jdk-17.0.19.10-hotspot\bin\java.dll
Event: 0.244 Loaded shared library C:\Program Files\Microsoft\jdk-17.0.19.10-hotspot\bin\jsvml.dll
Event: 0.426 Loaded shared library C:\Program Files\Microsoft\jdk-17.0.19.10-hotspot\bin\zip.dll
Event: 0.435 Loaded shared library C:\Program Files\Microsoft\jdk-17.0.19.10-hotspot\bin\instrument.dll
Event: 0.450 Loaded shared library C:\Program Files\Microsoft\jdk-17.0.19.10-hotspot\bin\net.dll
Event: 0.460 Loaded shared library C:\Program Files\Microsoft\jdk-17.0.19.10-hotspot\bin\nio.dll
Event: 0.468 Loaded shared library C:\Program Files\Microsoft\jdk-17.0.19.10-hotspot\bin\zip.dll
Event: 5.117 Loaded shared library C:\Program Files\Microsoft\jdk-17.0.19.10-hotspot\bin\jimage.dll
Event: 8.042 Loaded shared library C:\Program Files\Microsoft\jdk-17.0.19.10-hotspot\bin\verify.dll
Event: 8.171 Loaded shared library C:\Users\prath\.gradle\native\660c5614fbf4a5f2a75b1949f50a0caf5cd603558e7d8a26e50b933a0cfb79d1\windows-amd64\native-platform.dll
Event: 8.226 Loaded shared library C:\Users\prath\.gradle\native\0.2.8\x86_64-windows-gnu\gradle-fileevents.dll
Event: 13.537 Loaded shared library C:\Program Files\Microsoft\jdk-17.0.19.10-hotspot\bin\management.dll
Event: 13.546 Loaded shared library C:\Program Files\Microsoft\jdk-17.0.19.10-hotspot\bin\management_ext.dll
Event: 14.207 Loaded shared library C:\Program Files\Microsoft\jdk-17.0.19.10-hotspot\bin\extnet.dll
Event: 15.291 Loaded shared library C:\Program Files\Microsoft\jdk-17.0.19.10-hotspot\bin\sunmscapi.dll

Deoptimization events (20 events):
Event: 261.032 Thread 0x000001abed783690 Uncommon trap: trap_request=0xffffff66 fr.pc=0x000001abda2d574c relative=0x000000000000010c
Event: 261.032 Thread 0x000001abed783690 Uncommon trap: reason=speculate_class_check action=maybe_recompile pc=0x000001abda2d574c method=org.jetbrains.kotlin.fir.backend.Fir2IrClassifierStorage.getCachedIrLocalClass(Lorg/jetbrains/kotlin/fir/declarations/FirClass;)Lorg/jetbrains/kotlin/ir/declar
Event: 261.032 Thread 0x000001abed783690 DEOPT PACKING pc=0x000001abda2d574c sp=0x0000007536afb7b0
Event: 261.032 Thread 0x000001abed783690 DEOPT UNPACKING pc=0x000001abd90169a3 sp=0x0000007536afb728 mode 2
Event: 261.032 Thread 0x000001abed783690 Uncommon trap: trap_request=0xffffff66 fr.pc=0x000001abda2d574c relative=0x000000000000010c
Event: 261.032 Thread 0x000001abed783690 Uncommon trap: reason=speculate_class_check action=maybe_recompile pc=0x000001abda2d574c method=org.jetbrains.kotlin.fir.backend.Fir2IrClassifierStorage.getCachedIrLocalClass(Lorg/jetbrains/kotlin/fir/declarations/FirClass;)Lorg/jetbrains/kotlin/ir/declar
Event: 261.032 Thread 0x000001abed783690 DEOPT PACKING pc=0x000001abda2d574c sp=0x0000007536afc270
Event: 261.032 Thread 0x000001abed783690 DEOPT UNPACKING pc=0x000001abd90169a3 sp=0x0000007536afc1e8 mode 2
Event: 261.032 Thread 0x000001abed783690 Uncommon trap: trap_request=0xffffff66 fr.pc=0x000001abda2d574c relative=0x000000000000010c
Event: 261.032 Thread 0x000001abed783690 Uncommon trap: reason=speculate_class_check action=maybe_recompile pc=0x000001abda2d574c method=org.jetbrains.kotlin.fir.backend.Fir2IrClassifierStorage.getCachedIrLocalClass(Lorg/jetbrains/kotlin/fir/declarations/FirClass;)Lorg/jetbrains/kotlin/ir/declar
Event: 261.032 Thread 0x000001abed783690 DEOPT PACKING pc=0x000001abda2d574c sp=0x0000007536afb7b0
Event: 261.032 Thread 0x000001abed783690 DEOPT UNPACKING pc=0x000001abd90169a3 sp=0x0000007536afb728 mode 2
Event: 261.032 Thread 0x000001abed783690 Uncommon trap: trap_request=0xffffff66 fr.pc=0x000001abda2d574c relative=0x000000000000010c
Event: 261.032 Thread 0x000001abed783690 Uncommon trap: reason=speculate_class_check action=maybe_recompile pc=0x000001abda2d574c method=org.jetbrains.kotlin.fir.backend.Fir2IrClassifierStorage.getCachedIrLocalClass(Lorg/jetbrains/kotlin/fir/declarations/FirClass;)Lorg/jetbrains/kotlin/ir/declar
Event: 261.032 Thread 0x000001abed783690 DEOPT PACKING pc=0x000001abda2d574c sp=0x0000007536afb640
Event: 261.032 Thread 0x000001abed783690 DEOPT UNPACKING pc=0x000001abd90169a3 sp=0x0000007536afb5b8 mode 2
Event: 261.124 Thread 0x000001abed783690 Uncommon trap: trap_request=0xffffff45 fr.pc=0x000001abda1b20a0 relative=0x0000000000000080
Event: 261.124 Thread 0x000001abed783690 Uncommon trap: reason=unstable_if action=reinterpret pc=0x000001abda1b20a0 method=org.jetbrains.kotlin.fir.java.FirJavaTypeConversionMode.getInsideAnnotation()Z @ 11 c2
Event: 261.124 Thread 0x000001abed783690 DEOPT PACKING pc=0x000001abda1b20a0 sp=0x0000007536af9660
Event: 261.124 Thread 0x000001abed783690 DEOPT UNPACKING pc=0x000001abd90169a3 sp=0x0000007536af95f8 mode 2

Classes loaded (20 events):
Event: 236.875 Loading class sun/nio/cs/UTF_32LE
Event: 236.876 Loading class sun/nio/cs/UTF_32LE done
Event: 236.876 Loading class sun/nio/cs/MS1251
Event: 236.877 Loading class sun/nio/cs/MS1251 done
Event: 237.800 Loading class java/util/regex/Pattern$1
Event: 237.802 Loading class java/util/regex/Pattern$1 done
Event: 238.508 Loading class java/util/PriorityQueue
Event: 238.509 Loading class java/util/PriorityQueue done
Event: 239.242 Loading class java/text/StringCharacterIterator
Event: 239.243 Loading class java/text/StringCharacterIterator done
Event: 243.770 Loading class java/beans/PropertyChangeSupport
Event: 243.775 Loading class java/beans/PropertyChangeSupport done
Event: 243.775 Loading class java/beans/PropertyChangeSupport$PropertyChangeListenerMap
Event: 243.776 Loading class java/beans/ChangeListenerMap
Event: 243.779 Loading class java/beans/ChangeListenerMap done
Event: 243.779 Loading class java/beans/PropertyChangeSupport$PropertyChangeListenerMap done
Event: 249.798 Loading class java/text/MessageFormat
Event: 249.811 Loading class java/text/MessageFormat done
Event: 249.956 Loading class java/text/ChoiceFormat
Event: 249.962 Loading class java/text/ChoiceFormat done

Classes unloaded (0 events):
No events

Classes redefined (0 events):
No events

Internal exceptions (20 events):
Event: 245.638 Thread 0x000001abed783690 Exception <a 'java/lang/NoSuchMethodError'{0x00000000b5215748}: 'java.lang.Object java.lang.invoke.DirectMethodHandle$Holder.invokeSpecial(java.lang.Object, java.lang.Object, java.lang.Object, java.lang.Object, java.lang.Object, java.lang.Object, int)'> (0x00000000b5215748) 
thrown [s\src\hotspot\share\interpreter\linkResolver.cpp, line 759]
Event: 245.638 Thread 0x000001abed783690 Exception <a 'java/lang/NoSuchMethodError'{0x00000000b5219578}: 'java.lang.Object java.lang.invoke.Invokers$Holder.linkToTargetMethod(java.lang.Object, java.lang.Object, java.lang.Object, java.lang.Object, int, java.lang.Object)'> (0x00000000b5219578) 
thrown [s\src\hotspot\share\interpreter\linkResolver.cpp, line 759]
Event: 246.273 Thread 0x000001abed783690 Exception <a 'java/lang/NoSuchMethodError'{0x00000000b47e5428}: 'java.lang.Object java.lang.invoke.DirectMethodHandle$Holder.invokeStatic(java.lang.Object, int, java.lang.Object)'> (0x00000000b47e5428) 
thrown [s\src\hotspot\share\interpreter\linkResolver.cpp, line 759]
Event: 246.349 Thread 0x000001abed783690 Implicit null exception at 0x000001abd9cfd8cc to 0x000001abd9cfe194
Event: 250.050 Thread 0x000001abed783690 Exception <a 'java/lang/NoSuchMethodError'{0x00000000b4e48248}: 'java.lang.Object java.lang.invoke.DirectMethodHandle$Holder.invokeStatic(java.lang.Object, int, int, java.lang.Object)'> (0x00000000b4e48248) 
thrown [s\src\hotspot\share\interpreter\linkResolver.cpp, line 759]
Event: 250.051 Thread 0x000001abed783690 Exception <a 'java/lang/NoSuchMethodError'{0x00000000b4e4bdf0}: 'java.lang.Object java.lang.invoke.DirectMethodHandle$Holder.invokeStaticInit(java.lang.Object, int, int, java.lang.Object)'> (0x00000000b4e4bdf0) 
thrown [s\src\hotspot\share\interpreter\linkResolver.cpp, line 759]
Event: 250.480 Thread 0x000001abed783690 Implicit null exception at 0x000001abda10b8cc to 0x000001abda10b9a8
Event: 250.864 Thread 0x000001abed783690 Implicit null exception at 0x000001abda1a7bd5 to 0x000001abda1a7da4
Event: 250.893 Thread 0x000001abed783690 Exception <a 'java/lang/NoSuchMethodError'{0x00000000b561e888}: 'java.lang.Object java.lang.invoke.DirectMethodHandle$Holder.invokeStatic(java.lang.Object, java.lang.Object, java.lang.Object, java.lang.Object, java.lang.Object, int)'> (0x00000000b561e888) 
thrown [s\src\hotspot\share\interpreter\linkResolver.cpp, line 759]
Event: 251.630 Thread 0x000001abed783690 Exception <a 'java/lang/NoSuchMethodError'{0x00000000b54f3d18}: 'java.lang.Object java.lang.invoke.DirectMethodHandle$Holder.invokeStatic(java.lang.Object, java.lang.Object, int, java.lang.Object, java.lang.Object, java.lang.Object, java.lang.Object, java.lang.Object)'> (0x00000000b54f3d18) 
thrown [s\src\hotspot\share\interpreter\linkResolver.cpp, line 759]
Event: 251.645 Thread 0x000001abed783690 Exception <a 'java/lang/NoSuchMethodError'{0x00000000b54fe330}: 'java.lang.Object java.lang.invoke.DirectMethodHandle$Holder.newInvokeSpecial(java.lang.Object, java.lang.Object, int, java.lang.Object, java.lang.Object, java.lang.Object)'> (0x00000000b54fe330) 
thrown [s\src\hotspot\share\interpreter\linkResolver.cpp, line 759]
Event: 251.646 Thread 0x000001abed783690 Exception <a 'java/lang/NoSuchMethodError'{0x00000000b5302618}: 'java.lang.Object java.lang.invoke.DirectMethodHandle$Holder.invokeSpecial(java.lang.Object, java.lang.Object, java.lang.Object, int, java.lang.Object, java.lang.Object, java.lang.Object)'> (0x00000000b5302618) 
thrown [s\src\hotspot\share\interpreter\linkResolver.cpp, line 759]
Event: 251.646 Thread 0x000001abed783690 Exception <a 'java/lang/NoSuchMethodError'{0x00000000b5305ef8}: 'java.lang.Object java.lang.invoke.Invokers$Holder.linkToTargetMethod(java.lang.Object, int, java.lang.Object, java.lang.Object, java.lang.Object, java.lang.Object)'> (0x00000000b5305ef8) 
thrown [s\src\hotspot\share\interpreter\linkResolver.cpp, line 759]
Event: 251.816 Thread 0x000001abed783690 Implicit null exception at 0x000001abd9f676bb to 0x000001abd9f680b0
Event: 259.064 Thread 0x000001abed783690 Exception <a 'java/lang/NoSuchMethodError'{0x00000000c05f7888}: 'java.lang.Object java.lang.invoke.DirectMethodHandle$Holder.newInvokeSpecial(java.lang.Object, java.lang.Object, java.lang.Object, java.lang.Object, java.lang.Object, java.lang.Object, java.lang.Object, java.lang.Object, int)'> (0x00000000c05f7888) 
thrown [s\src\hotspot\share\interpreter\linkResolver.cpp, line 759]
Event: 259.064 Thread 0x000001abed783690 Exception <a 'java/lang/NoSuchMethodError'{0x00000000c05fd050}: 'java.lang.Object java.lang.invoke.DirectMethodHandle$Holder.invokeSpecial(java.lang.Object, java.lang.Object, java.lang.Object, java.lang.Object, java.lang.Object, java.lang.Object, java.lang.Object, java.lang.Object, java.lang.Object, int)'> (0x00000000c05fd050) 
thrown [s\src\hotspot\share\interpreter\linkResolver.cpp, line 759]
Event: 259.064 Thread 0x000001abed783690 Exception <a 'java/lang/NoSuchMethodError'{0x00000000c0402248}: 'java.lang.Object java.lang.invoke.Invokers$Holder.linkToTargetMethod(java.lang.Object, java.lang.Object, java.lang.Object, java.lang.Object, java.lang.Object, java.lang.Object, java.lang.Object, int, java.lang.Object)'> (0x00000000c0402248) 
thrown [s\src\hotspot\share\interpreter\linkResolver.cpp, line 759]
Event: 259.219 Thread 0x000001abed783690 Exception <a 'java/lang/NoSuchMethodError'{0x00000000c03ba378}: 'java.lang.Object java.lang.invoke.DirectMethodHandle$Holder.newInvokeSpecial(java.lang.Object, java.lang.Object, java.lang.Object, java.lang.Object, java.lang.Object, java.lang.Object, java.lang.Object, int)'> (0x00000000c03ba378) 
thrown [s\src\hotspot\share\interpreter\linkResolver.cpp, line 759]
Event: 259.220 Thread 0x000001abed783690 Exception <a 'java/lang/NoSuchMethodError'{0x00000000c03bf6e0}: 'java.lang.Object java.lang.invoke.DirectMethodHandle$Holder.invokeSpecial(java.lang.Object, java.lang.Object, java.lang.Object, java.lang.Object, java.lang.Object, java.lang.Object, java.lang.Object, java.lang.Object, int)'> (0x00000000c03bf6e0) 
thrown [s\src\hotspot\share\interpreter\linkResolver.cpp, line 759]
Event: 259.220 Thread 0x000001abed783690 Exception <a 'java/lang/NoSuchMethodError'{0x00000000c03c40a0}: 'java.lang.Object java.lang.invoke.Invokers$Holder.linkToTargetMethod(java.lang.Object, java.lang.Object, java.lang.Object, java.lang.Object, java.lang.Object, java.lang.Object, int, java.lang.Object)'> (0x00000000c03c40a0) 
thrown [s\src\hotspot\share\interpreter\linkResolver.cpp, line 759]

VM Operations (20 events):
Event: 258.468 Executing VM operation: HandshakeAllThreads
Event: 258.468 Executing VM operation: HandshakeAllThreads done
Event: 258.474 Executing VM operation: HandshakeAllThreads
Event: 258.475 Executing VM operation: HandshakeAllThreads done
Event: 258.690 Executing VM operation: G1CollectForAllocation
Event: 258.699 Executing VM operation: G1CollectForAllocation done
Event: 258.723 Executing VM operation: HandshakeAllThreads
Event: 258.723 Executing VM operation: HandshakeAllThreads done
Event: 258.978 Executing VM operation: HandshakeAllThreads
Event: 258.978 Executing VM operation: HandshakeAllThreads done
Event: 259.848 Executing VM operation: ICBufferFull
Event: 259.849 Executing VM operation: ICBufferFull done
Event: 260.249 Executing VM operation: G1CollectForAllocation
Event: 260.265 Executing VM operation: G1CollectForAllocation done
Event: 260.584 Executing VM operation: HandshakeAllThreads
Event: 260.585 Executing VM operation: HandshakeAllThreads done
Event: 260.956 Executing VM operation: ICBufferFull
Event: 260.957 Executing VM operation: ICBufferFull done
Event: 261.964 Executing VM operation: Cleanup
Event: 261.964 Executing VM operation: Cleanup done

Memory protections (0 events):
No events

Nmethod flushes (20 events):
Event: 257.284 Thread 0x000001abe75534b0 flushing  nmethod 0x000001abd4387390
Event: 257.284 Thread 0x000001abe75534b0 flushing  nmethod 0x000001abd438ec10
Event: 257.284 Thread 0x000001abe75534b0 flushing  nmethod 0x000001abd438f110
Event: 257.284 Thread 0x000001abe75534b0 flushing  nmethod 0x000001abd43dba10
Event: 257.284 Thread 0x000001abe75534b0 flushing  nmethod 0x000001abd43e5b10
Event: 257.284 Thread 0x000001abe75534b0 flushing  nmethod 0x000001abd43e6090
Event: 257.284 Thread 0x000001abe75534b0 flushing  nmethod 0x000001abd43e9310
Event: 257.284 Thread 0x000001abe75534b0 flushing  nmethod 0x000001abd43f5410
Event: 257.284 Thread 0x000001abe75534b0 flushing  nmethod 0x000001abd440ad90
Event: 257.287 Thread 0x000001abe75534b0 flushing  nmethod 0x000001abd45d8b90
Event: 257.287 Thread 0x000001abe75534b0 flushing  nmethod 0x000001abd45d9810
Event: 257.290 Thread 0x000001abe75534b0 flushing  nmethod 0x000001abd481bf90
Event: 260.587 Thread 0x000001abe75534b0 flushing  nmethod 0x000001abd9749610
Event: 260.595 Thread 0x000001abe75534b0 flushing  nmethod 0x000001abd9cdd010
Event: 260.623 Thread 0x000001abe75534b0 flushing  nmethod 0x000001abd2508090
Event: 260.657 Thread 0x000001abe75534b0 flushing  nmethod 0x000001abd3b53d10
Event: 260.662 Thread 0x000001abe75534b0 flushing  nmethod 0x000001abd3e86610
Event: 260.666 Thread 0x000001abe75534b0 flushing  nmethod 0x000001abd4076090
Event: 260.667 Thread 0x000001abe75534b0 flushing  nmethod 0x000001abd41e6b90
Event: 260.676 Thread 0x000001abe75534b0 flushing  nmethod 0x000001abd47d8e10

Events (20 events):
Event: 171.572 Thread 0x000001abf1740560 Thread added: 0x000001abf1740a70
Event: 174.396 Thread 0x000001abf0e1dc10 Thread added: 0x000001abf1740f80
Event: 182.432 Thread 0x000001abed5b0980 Thread added: 0x000001abf173d2c0
Event: 182.435 Thread 0x000001abed5b0980 Thread added: 0x000001abf17423c0
Event: 182.451 Thread 0x000001abed5b0980 Thread added: 0x000001abf17428d0
Event: 182.526 Thread 0x000001abf17428d0 Thread added: 0x000001abf1742de0
Event: 224.630 Thread 0x000001abf17428d0 Thread added: 0x000001abed782760
Event: 225.095 Thread 0x000001abed782760 Thread added: 0x000001abed783690
Event: 233.860 Thread 0x000001abf173cdb0 Thread exited: 0x000001abf173cdb0
Event: 233.860 Thread 0x000001abf1740a70 Thread exited: 0x000001abf1740a70
Event: 233.870 Thread 0x000001abf1740560 Thread exited: 0x000001abf1740560
Event: 238.628 Thread 0x000001abf0e1b390 Thread exited: 0x000001abf0e1b390
Event: 251.883 Thread 0x000001abe7552400 Thread added: 0x000001abf9028560
Event: 251.885 Thread 0x000001abe7552400 Thread added: 0x000001abf9029aa0
Event: 258.855 Thread 0x000001abf9028560 Thread exited: 0x000001abf9028560
Event: 258.855 Thread 0x000001abf9029aa0 Thread exited: 0x000001abf9029aa0
Event: 259.302 Thread 0x000001abe7552400 Thread added: 0x000001abf9028560
Event: 259.614 Thread 0x000001abf9028560 Thread exited: 0x000001abf9028560
Event: 259.819 Thread 0x000001abe7552400 Thread added: 0x000001abf9029aa0
Event: 260.460 Thread 0x000001abe7552400 Thread added: 0x000001abf0ab9bc0


Dynamic libraries:
0x00007ff6a4890000 - 0x00007ff6a489e000 	C:\Program Files\Microsoft\jdk-17.0.19.10-hotspot\bin\java.exe
0x00007ffd1f820000 - 0x00007ffd1fa86000 	C:\WINDOWS\SYSTEM32\ntdll.dll
0x00007ffd1f5f0000 - 0x00007ffd1f6b9000 	C:\WINDOWS\System32\KERNEL32.DLL
0x00007ffd1d010000 - 0x00007ffd1d40e000 	C:\WINDOWS\System32\KERNELBASE.dll
0x00007ffd1cd40000 - 0x00007ffd1ce8c000 	C:\WINDOWS\System32\ucrtbase.dll
0x00007ffd01310000 - 0x00007ffd0132e000 	C:\Program Files\Microsoft\jdk-17.0.19.10-hotspot\bin\VCRUNTIME140.dll
0x00007ffd012f0000 - 0x00007ffd01308000 	C:\Program Files\Microsoft\jdk-17.0.19.10-hotspot\bin\jli.dll
0x00007ffd1d740000 - 0x00007ffd1d907000 	C:\WINDOWS\System32\USER32.dll
0x00007ffd06b90000 - 0x00007ffd06e22000 	C:\WINDOWS\WinSxS\amd64_microsoft.windows.common-controls_6595b64144ccf1df_6.0.26100.8894_none_3e0f749ee32e02ea\COMCTL32.dll
0x00007ffd1cea0000 - 0x00007ffd1cec7000 	C:\WINDOWS\System32\win32u.dll
0x00007ffd1f6c0000 - 0x00007ffd1f6eb000 	C:\WINDOWS\System32\GDI32.dll
0x00007ffd1d420000 - 0x00007ffd1d54a000 	C:\WINDOWS\System32\gdi32full.dll
0x00007ffd1ef90000 - 0x00007ffd1f039000 	C:\WINDOWS\System32\msvcrt.dll
0x00007ffd1cf60000 - 0x00007ffd1d003000 	C:\WINDOWS\System32\msvcp_win.dll
0x00007ffd1dca0000 - 0x00007ffd1dcd2000 	C:\WINDOWS\System32\IMM32.DLL
0x00007ffd0cce0000 - 0x00007ffd0ccec000 	C:\Program Files\Microsoft\jdk-17.0.19.10-hotspot\bin\vcruntime140_1.dll
0x00007ffcce1f0000 - 0x00007ffcce279000 	C:\Program Files\Microsoft\jdk-17.0.19.10-hotspot\bin\msvcp140.dll
0x00007ffc5c6a0000 - 0x00007ffc5d31b000 	C:\Program Files\Microsoft\jdk-17.0.19.10-hotspot\bin\server\jvm.dll
0x00007ffd1eba0000 - 0x00007ffd1ec57000 	C:\WINDOWS\System32\ADVAPI32.dll
0x00007ffd1d550000 - 0x00007ffd1d5fa000 	C:\WINDOWS\System32\sechost.dll
0x00007ffd1dce0000 - 0x00007ffd1ddf8000 	C:\WINDOWS\System32\RPCRT4.dll
0x00007ffd1f700000 - 0x00007ffd1f780000 	C:\WINDOWS\System32\WS2_32.dll
0x00007ffd1c890000 - 0x00007ffd1c8ee000 	C:\WINDOWS\SYSTEM32\POWRPROF.dll
0x00007ffd15fb0000 - 0x00007ffd15fe6000 	C:\WINDOWS\SYSTEM32\WINMM.dll
0x00007ffd15ff0000 - 0x00007ffd15ffb000 	C:\WINDOWS\SYSTEM32\VERSION.dll
0x00007ffd1c870000 - 0x00007ffd1c884000 	C:\WINDOWS\SYSTEM32\UMPDC.dll
0x00007ffd1b720000 - 0x00007ffd1b73b000 	C:\WINDOWS\SYSTEM32\kernel.appcore.dll
0x00007ffd03ad0000 - 0x00007ffd03ada000 	C:\Program Files\Microsoft\jdk-17.0.19.10-hotspot\bin\jimage.dll
0x00007ffd1a250000 - 0x00007ffd1a492000 	C:\WINDOWS\SYSTEM32\DBGHELP.DLL
0x00007ffd1d910000 - 0x00007ffd1dc93000 	C:\WINDOWS\System32\combase.dll
0x00007ffd1eac0000 - 0x00007ffd1eb99000 	C:\WINDOWS\System32\OLEAUT32.dll
0x00007ffd054b0000 - 0x00007ffd054eb000 	C:\WINDOWS\SYSTEM32\dbgcore.DLL
0x00007ffd1cbc0000 - 0x00007ffd1cc6c000 	C:\WINDOWS\System32\bcryptPrimitives.dll
0x00007ffcf9200000 - 0x00007ffcf920f000 	C:\Program Files\Microsoft\jdk-17.0.19.10-hotspot\bin\instrument.dll
0x00007ffcf98a0000 - 0x00007ffcf98c6000 	C:\Program Files\Microsoft\jdk-17.0.19.10-hotspot\bin\java.dll
0x00007ffcace70000 - 0x00007ffcacf46000 	C:\Program Files\Microsoft\jdk-17.0.19.10-hotspot\bin\jsvml.dll
0x00007ffd1de30000 - 0x00007ffd1e5c2000 	C:\WINDOWS\System32\SHELL32.dll
0x00007ffd1a4d0000 - 0x00007ffd1ad62000 	C:\WINDOWS\SYSTEM32\windows.storage.dll
0x00007ffd1f0f0000 - 0x00007ffd1f1e7000 	C:\WINDOWS\System32\SHCORE.dll
0x00007ffd1d600000 - 0x00007ffd1d667000 	C:\WINDOWS\System32\shlwapi.dll
0x00007ffd1c960000 - 0x00007ffd1c989000 	C:\WINDOWS\SYSTEM32\profapi.dll
0x00007ffcf9310000 - 0x00007ffcf9328000 	C:\Program Files\Microsoft\jdk-17.0.19.10-hotspot\bin\zip.dll
0x00007ffcf9860000 - 0x00007ffcf987b000 	C:\Program Files\Microsoft\jdk-17.0.19.10-hotspot\bin\net.dll
0x00007ffd12ba0000 - 0x00007ffd12cc7000 	C:\WINDOWS\SYSTEM32\WINHTTP.dll
0x00007ffd1bcd0000 - 0x00007ffd1bd3c000 	C:\WINDOWS\system32\mswsock.dll
0x00007ffcf9740000 - 0x00007ffcf9756000 	C:\Program Files\Microsoft\jdk-17.0.19.10-hotspot\bin\nio.dll
0x00007ffcf9210000 - 0x00007ffcf9220000 	C:\Program Files\Microsoft\jdk-17.0.19.10-hotspot\bin\verify.dll
0x00007ffcd1f20000 - 0x00007ffcd1f47000 	C:\Users\prath\.gradle\native\660c5614fbf4a5f2a75b1949f50a0caf5cd603558e7d8a26e50b933a0cfb79d1\windows-amd64\native-platform.dll
0x00007ffca69e0000 - 0x00007ffca6a57000 	C:\Users\prath\.gradle\native\0.2.8\x86_64-windows-gnu\gradle-fileevents.dll
0x00007ffcf9970000 - 0x00007ffcf997a000 	C:\Program Files\Microsoft\jdk-17.0.19.10-hotspot\bin\management.dll
0x00007ffcf9850000 - 0x00007ffcf985c000 	C:\Program Files\Microsoft\jdk-17.0.19.10-hotspot\bin\management_ext.dll
0x00007ffd1f1f0000 - 0x00007ffd1f1f8000 	C:\WINDOWS\System32\PSAPI.DLL
0x00007ffd1b0a0000 - 0x00007ffd1b0d3000 	C:\WINDOWS\SYSTEM32\IPHLPAPI.DLL
0x00007ffd1d730000 - 0x00007ffd1d73a000 	C:\WINDOWS\System32\NSI.dll
0x00007ffd126b0000 - 0x00007ffd126cd000 	C:\WINDOWS\SYSTEM32\dhcpcsvc6.DLL
0x00007ffd12680000 - 0x00007ffd126a5000 	C:\WINDOWS\SYSTEM32\dhcpcsvc.DLL
0x00007ffd1b130000 - 0x00007ffd1b286000 	C:\WINDOWS\SYSTEM32\DNSAPI.dll
0x00007ffd1bab0000 - 0x00007ffd1babd000 	C:\WINDOWS\SYSTEM32\DSPARSE.dll
0x00007ffcf9730000 - 0x00007ffcf9739000 	C:\Program Files\Microsoft\jdk-17.0.19.10-hotspot\bin\extnet.dll
0x00007ffd1bfd0000 - 0x00007ffd1bfeb000 	C:\WINDOWS\SYSTEM32\CRYPTSP.dll
0x00007ffd1b680000 - 0x00007ffd1b6b9000 	C:\WINDOWS\system32\rsaenh.dll
0x00007ffd1bd90000 - 0x00007ffd1bdc2000 	C:\WINDOWS\SYSTEM32\USERENV.dll
0x00007ffd1c930000 - 0x00007ffd1c95a000 	C:\WINDOWS\SYSTEM32\bcrypt.dll
0x00007ffd1bff0000 - 0x00007ffd1bffc000 	C:\WINDOWS\SYSTEM32\CRYPTBASE.dll
0x00007ffcf8e80000 - 0x00007ffcf8e8e000 	C:\Program Files\Microsoft\jdk-17.0.19.10-hotspot\bin\sunmscapi.dll
0x00007ffd1ca40000 - 0x00007ffd1cbb8000 	C:\WINDOWS\System32\CRYPT32.dll
0x00007ffd1c210000 - 0x00007ffd1c240000 	C:\WINDOWS\SYSTEM32\ncrypt.dll
0x00007ffd1c1c0000 - 0x00007ffd1c1ff000 	C:\WINDOWS\SYSTEM32\NTASN1.dll
0x00007ffcdedb0000 - 0x00007ffcdedb8000 	C:\WINDOWS\system32\wshunix.dll

dbghelp: loaded successfully - version: 4.0.5 - missing functions: none
symbol engine: initialized successfully - sym options: 0x614 - pdb path: .;C:\Program Files\Microsoft\jdk-17.0.19.10-hotspot\bin;C:\WINDOWS\SYSTEM32;C:\WINDOWS\WinSxS\amd64_microsoft.windows.common-controls_6595b64144ccf1df_6.0.26100.8894_none_3e0f749ee32e02ea;C:\Program Files\Microsoft\jdk-17.0.19.10-hotspot\bin\server;C:\Users\prath\.gradle\native\660c5614fbf4a5f2a75b1949f50a0caf5cd603558e7d8a26e50b933a0cfb79d1\windows-amd64;C:\Users\prath\.gradle\native\0.2.8\x86_64-windows-gnu

VM Arguments:
jvm_args: --add-opens=java.base/java.lang=ALL-UNNAMED --add-opens=java.base/java.lang.invoke=ALL-UNNAMED --add-opens=java.base/java.util=ALL-UNNAMED --add-opens=java.prefs/java.util.prefs=ALL-UNNAMED --add-exports=jdk.compiler/com.sun.tools.javac.api=ALL-UNNAMED --add-exports=jdk.compiler/com.sun.tools.javac.util=ALL-UNNAMED --add-opens=java.base/java.util=ALL-UNNAMED --add-opens=java.prefs/java.util.prefs=ALL-UNNAMED --add-opens=java.base/java.nio.charset=ALL-UNNAMED --add-opens=java.base/java.net=ALL-UNNAMED --add-opens=java.base/java.util.concurrent=ALL-UNNAMED --add-opens=java.base/java.util.concurrent.atomic=ALL-UNNAMED --add-opens=java.xml/javax.xml.namespace=ALL-UNNAMED --add-opens=java.base/java.time=ALL-UNNAMED -XX:MaxMetaspaceSize=512m -Xmx1536m -Dfile.encoding=UTF-8 -Duser.country=US -Duser.language=en -Duser.variant -javaagent:C:\Users\prath\.gradle\wrapper\dists\gradle-9.3.1-bin\23ovyewtku6u96viwx3xl3oks\gradle-9.3.1\lib\agents\gradle-instrumentation-agent-9.3.1.jar 
java_command: org.gradle.launcher.daemon.bootstrap.GradleDaemon 9.3.1
java_class_path (initial): C:\Users\prath\.gradle\wrapper\dists\gradle-9.3.1-bin\23ovyewtku6u96viwx3xl3oks\gradle-9.3.1\lib\gradle-daemon-main-9.3.1.jar
Launcher Type: SUN_STANDARD

[Global flags]
     intx CICompilerCount                          = 4                                         {product} {ergonomic}
   size_t CompressedClassSpaceSize                 = 436207616                                 {product} {ergonomic}
     uint ConcGCThreads                            = 3                                         {product} {ergonomic}
     uint G1ConcRefinementThreads                  = 10                                        {product} {ergonomic}
   size_t G1HeapRegionSize                         = 1048576                                   {product} {ergonomic}
    uintx GCDrainStackTargetSize                   = 64                                        {product} {ergonomic}
   size_t InitialHeapSize                          = 98566144                                  {product} {ergonomic}
   size_t MarkStackSize                            = 4194304                                   {product} {ergonomic}
   size_t MaxHeapSize                              = 1610612736                                {product} {command line}
   size_t MaxMetaspaceSize                         = 536870912                                 {product} {command line}
   size_t MaxNewSize                               = 965738496                                 {product} {ergonomic}
   size_t MinHeapDeltaBytes                        = 1048576                                   {product} {ergonomic}
   size_t MinHeapSize                              = 8388608                                   {product} {ergonomic}
    uintx NonNMethodCodeHeapSize                   = 5839372                                {pd product} {ergonomic}
    uintx NonProfiledCodeHeapSize                  = 122909434                              {pd product} {ergonomic}
    uintx ProfiledCodeHeapSize                     = 122909434                              {pd product} {ergonomic}
    uintx ReservedCodeCacheSize                    = 251658240                              {pd product} {ergonomic}
     bool SegmentedCodeCache                       = true                                      {product} {ergonomic}
   size_t SoftMaxHeapSize                          = 1610612736                             {manageable} {ergonomic}
     bool UseCompressedClassPointers               = true                           {product lp64_product} {ergonomic}
     bool UseCompressedOops                        = true                           {product lp64_product} {ergonomic}
     bool UseG1GC                                  = true                                      {product} {ergonomic}
     bool UseLargePagesIndividualAllocation        = false                                  {pd product} {ergonomic}

Logging:
Log output configuration:
 #0: stdout all=warning uptime,level,tags
 #1: stderr all=off uptime,level,tags

Environment Variables:
JAVA_HOME=C:\Program Files\Microsoft\jdk-17.0.19.10-hotspot
CLASSPATH=.;D:\Training\java\mysql-connector-j-9.5.0.jar
PATH=D:\Training\project-a\projectvideo-app\projectvideo-frontend\node_modules\.bin;D:\Training\project-a\projectvideo-app\projectvideo-frontend\node_modules\.bin;D:\Training\project-a\projectvideo-app\node_modules\.bin;D:\Training\project-a\node_modules\.bin;D:\Training\node_modules\.bin;D:\node_modules\.bin;C:\Users\prath\AppData\Local\nvm\v20.20.2\node_modules\npm\node_modules\@npmcli\run-script\lib\node-gyp-bin;C:\Users\prath\AppData\Local\Android\Sdk;C:\Users\prath\AppData\Local\Android\Sdk\platform-tools;C:\Users\prath\AppData\Local\Android\Sdk\emulator;C:\Program Files\Microsoft\jdk-17.0.19.10-hotspot\bin;C:\Windows\Microsoft.NET\Framework64\v4.0.30319;C:\Program Files (x86)\SQlite;C:\Program Files\MySQL\MySQL Server 8.0\bin;C:\Program Files\VideoLAN\VLC\;D:\Users\prath\AppData\Roaming\Python\Python311\Scripts;C:\Program Files\Python311\Scripts\;C:\Program Files\Python311\;C:\Program Files\Common Files\Oracle\Java\javapath;C:\WINDOWS\system32;C:\WINDOWS;C:\WINDOWS\System32\Wbem;C:\WINDOWS\System32\WindowsPowerShell\v1.0\;C:\WINDOWS\System32\OpenSSH\;C:\Program Files\Java\jdk-18.0.2.1\bin;C:\Program Files\Microsoft SQL Server\140\Tools\Binn\;C:\Program Files\Git\cmd;C:\Program Files\Microsoft SQL Server\150\Tools\Binn\;C:\Program Files\Microsoft SQL Server\Client SDK\ODBC\170\Tools\Binn\;C:\Program Files\dotnet\;C:\Users\prath\AppData\Roaming\Python\Python311\Scripts;C:\Program Files\WireGuard\;C:\Program Files\CodeBlocks\MinGW\bin;C:\Program Files\mysql-connector\mysql-connector-j-9.5.0\mysql-connector-j-9.5.0.jar;C:\Program Files\PostgreSQL\13\bin;C:\Program Files\PostgreSQL\18\bin;C:\Users\prath\AppData\Local\nvm;C:\nvm4w\nodejs;C:\ProgramData\chocolatey\bin;C:\Program Files\nodejs\;C:\Users\prath\AppData\Local\Android\Sdk\platform-tools;C:\Users\prath\AppData\Local\Android\Sdk\emulator;C:\Program Files\Microsoft\jdk-17.0.19.10-hotspot\bin;C:\Users\prath\AppData\Local\Android\Sdk\platform-tools;C:\Users\prath\AppData\Local\Android\Sdk\emulator;C:\Users\prath\AppData\Local\Android\Sdk;C:\Users\prath\AppData\Local\Microsoft\WindowsApps;C:\Users\prath\.dotnet\tools;C:\Users\prath\AppData\Local\Programs\Microsoft VS Code\bin;C:\Users\prath\AppData\Local\Microsoft\GitHubDesktop\bin;C:\Users\prath\AppData\Local\GitHubDesktop\bin;C:\Users\prath\AppData\Local\Programs\Hyper\resources\bin;C:\Program Files\sf\bin;C:\Program Files\Common Files\Oracle\Java\javapath\sf\bin;C:\Users\prath\Downloads\flutter\bin;C:\Users\prath\AppData\Local\nvm;C:\nvm4w\nodejs;C:\Users\prath\AppData\Roaming\npm;C:\Users\prath\AppData\Local\Programs\Antigravity IDE\bin;C:\Users\prath\AppData\Local\Microsoft\WinGet\Packages\Gyan.FFmpeg_Microsoft.Winget.Source_8wekyb3d8bbwe\ffmpeg-8.1.2-full_build\bin;
USERNAME=prath
OS=Windows_NT
PROCESSOR_IDENTIFIER=AMD64 Family 23 Model 104 Stepping 1, AuthenticAMD
TMP=C:\Users\prath\AppData\Local\Temp
TEMP=C:\Users\prath\AppData\Local\Temp



Periodic native trim disabled


---------------  S Y S T E M  ---------------

OS:
 Windows 11 , 64 bit Build 26100 (10.0.26100.8875)
OS uptime: 0 days 5:49 hours
Hyper-V role detected

CPU: total 12 (initial active 12) (12 cores per cpu, 2 threads per core) family 23 model 104 stepping 1 microcode 0x8608103, cx8, cmov, fxsr, ht, mmx, 3dnowpref, sse, sse2, sse3, ssse3, sse4a, sse4.1, sse4.2, popcnt, lzcnt, tsc, tscinvbit, avx, avx2, aes, clmul, bmi1, bmi2, adx, sha, fma, vzeroupper, clflush, clflushopt, hv
Processor Information for the first 12 processors :
  Max Mhz: 2100, Current Mhz: 1686, Mhz Limit: 2100

Memory: 4k page, system-wide physical 5989M (469M free)
TotalPageFile size 24421M (AvailPageFile size 12M)
current process WorkingSet (physical memory assigned to process): 631M, peak: 632M
current process commit charge ("private bytes"): 1044M, peak: 1046M

vm_info: OpenJDK 64-Bit Server VM (17.0.19+10-LTS) for windows-amd64 JRE (17.0.19+10-LTS), built on Apr 18 2026 18:24:40 by "MicrosoftCorporation" with MS VC++ 17.14 (VS2022)

END.
