#
# There is insufficient memory for the Java Runtime Environment to continue.
# Native memory allocation (malloc) failed to allocate 1659376 bytes. Error detail: Chunk::new
# Possible reasons:
#   The system is out of physical RAM or swap space
#   This process is running with CompressedOops enabled, and the Java Heap may be blocking the growth of the native heap
# Possible solutions:
#   Reduce memory load on the system
#   Increase physical memory or swap space
#   Check if swap backing store is full
#   Decrease Java heap size (-Xmx/-Xms)
#   Decrease number of Java threads
#   Decrease Java thread stack sizes (-Xss)
#   Set larger code cache with -XX:ReservedCodeCacheSize=
#   JVM is running with Unscaled Compressed Oops mode in which the Java heap is
#     placed in the first 4GB address space. The Java Heap base address is the
#     maximum limit for the native heap growth. Please use -XX:HeapBaseMinAddress
#     to set the Java Heap base and to place the Java Heap above 4GB virtual address.
# This output file may be truncated or incomplete.
#
#  Out of Memory Error (arena.cpp:191), pid=16380, tid=3584
#
# JRE version: OpenJDK Runtime Environment Microsoft-13877129 (17.0.19+10) (build 17.0.19+10-LTS)
# Java VM: OpenJDK 64-Bit Server VM Microsoft-13877129 (17.0.19+10-LTS, mixed mode, sharing, tiered, compressed oops, compressed class ptrs, g1 gc, windows-amd64)
# No core dump will be written. Minidumps are not enabled by default on client versions of Windows
#

---------------  S U M M A R Y ------------

Command Line: --add-opens=java.base/java.lang=ALL-UNNAMED --add-opens=java.base/java.lang.invoke=ALL-UNNAMED --add-opens=java.base/java.util=ALL-UNNAMED --add-opens=java.prefs/java.util.prefs=ALL-UNNAMED --add-exports=jdk.compiler/com.sun.tools.javac.api=ALL-UNNAMED --add-exports=jdk.compiler/com.sun.tools.javac.util=ALL-UNNAMED --add-opens=java.base/java.util=ALL-UNNAMED --add-opens=java.prefs/java.util.prefs=ALL-UNNAMED --add-opens=java.base/java.nio.charset=ALL-UNNAMED --add-opens=java.base/java.net=ALL-UNNAMED --add-opens=java.base/java.util.concurrent=ALL-UNNAMED --add-opens=java.base/java.util.concurrent.atomic=ALL-UNNAMED --add-opens=java.xml/javax.xml.namespace=ALL-UNNAMED --add-opens=java.base/java.time=ALL-UNNAMED -XX:MaxMetaspaceSize=512m -Xmx1536m -Dfile.encoding=UTF-8 -Duser.country=US -Duser.language=en -Duser.variant -javaagent:C:\Users\prath\.gradle\wrapper\dists\gradle-9.3.1-bin\23ovyewtku6u96viwx3xl3oks\gradle-9.3.1\lib\agents\gradle-instrumentation-agent-9.3.1.jar org.gradle.launcher.daemon.bootstrap.GradleDaemon 9.3.1

Host: AMD Ryzen 5 5500U with Radeon Graphics         , 12 cores, 5G,  Windows 11 , 64 bit Build 26100 (10.0.26100.8875)
Time: Tue Jul 28 18:23:00 2026 India Standard Time elapsed time: 138.933535 seconds (0d 0h 2m 18s)

---------------  T H R E A D  ---------------

Current thread (0x0000023f7f3e8290):  JavaThread "C2 CompilerThread0" daemon [_thread_in_native, id=3584, stack(0x000000825ac00000,0x000000825ad00000)]


Current CompileTask:
C2:138934 18273   !   4       java.nio.file.Files::walkFileTree (297 bytes)

Stack: [0x000000825ac00000,0x000000825ad00000]
Native frames: (J=compiled Java code, j=interpreted, Vv=VM code, C=native code)
V  [jvm.dll+0x68cc89]  (no source info available)
V  [jvm.dll+0x845d89]  (no source info available)
V  [jvm.dll+0x847af8]  (no source info available)
V  [jvm.dll+0x848183]  (no source info available)
V  [jvm.dll+0x24d0bf]  (no source info available)
V  [jvm.dll+0xaed56]  (no source info available)
V  [jvm.dll+0xaf3fc]  (no source info available)
V  [jvm.dll+0x37186f]  (no source info available)
V  [jvm.dll+0x33baf5]  (no source info available)
V  [jvm.dll+0x33af5a]  (no source info available)
V  [jvm.dll+0x21dfc9]  (no source info available)
V  [jvm.dll+0x21d412]  (no source info available)
V  [jvm.dll+0x1a8db6]  (no source info available)
V  [jvm.dll+0x22dc6b]  (no source info available)
V  [jvm.dll+0x22bdf6]  (no source info available)
V  [jvm.dll+0x7fbecb]  (no source info available)
V  [jvm.dll+0x7f62cc]  (no source info available)
V  [jvm.dll+0x68e227]  (no source info available)
C  [ucrtbase.dll+0x2cd30]  (no source info available)
C  [KERNEL32.DLL+0x2e957]  (no source info available)
C  [ntdll.dll+0xaad6c]  (no source info available)


---------------  P R O C E S S  ---------------

Threads class SMR info:
_java_thread_list=0x0000023f38120550, length=81, elements={
0x0000023f7a88d390, 0x0000023f7f3a1af0, 0x0000023f7f3a5150, 0x0000023f7f3ccdd0,
0x0000023f7f3cd6a0, 0x0000023f7f3ceae0, 0x0000023f7f3dcec0, 0x0000023f7f3e8290,
0x0000023f7f3ec8a0, 0x0000023f7f3ed1b0, 0x0000023f18baaad0, 0x0000023f18c98bc0,
0x0000023f391d14c0, 0x0000023f18af7930, 0x0000023f39530e00, 0x0000023f38030c70,
0x0000023f38169df0, 0x0000023f395a48f0, 0x0000023f395a6240, 0x0000023f395a6c60,
0x0000023f395a7170, 0x0000023f395a5820, 0x0000023f395a7680, 0x0000023f395a5310,
0x0000023f395a6750, 0x0000023f395a3ed0, 0x0000023f395a43e0, 0x0000023f395a5d30,
0x0000023f395a4e00, 0x0000023f39e360f0, 0x0000023f39e33d80, 0x0000023f39e32940,
0x0000023f39e32e50, 0x0000023f39e34290, 0x0000023f39e36600, 0x0000023f39e35be0,
0x0000023f39e36b10, 0x0000023f39e347a0, 0x0000023f39e33360, 0x0000023f39e351c0,
0x0000023f39e356d0, 0x0000023f39e37020, 0x0000023f39e33870, 0x0000023f39e38460,
0x0000023f39e39db0, 0x0000023f39e37a40, 0x0000023f39e3a2c0, 0x0000023f39e37f50,
0x0000023f39e38970, 0x0000023f39e38e80, 0x0000023f39e39390, 0x0000023f3baf9e80,
0x0000023f3baf8f50, 0x0000023f3baf8020, 0x0000023f3bafa8a0, 0x0000023f3bafadb0,
0x0000023f3baf8530, 0x0000023f3baf9460, 0x0000023f3bafc1f0, 0x0000023f3bafd120,
0x0000023f3bafe050, 0x0000023f3bafe560, 0x0000023f3baff490, 0x0000023f3d33d2a0,
0x0000023f3d33af30, 0x0000023f3d33a000, 0x0000023f3d33cd90, 0x0000023f3d33a510,
0x0000023f3d76efa0, 0x0000023f3d7703e0, 0x0000023f3d7708f0, 0x0000023f3d76e580,
0x0000023f3d76f9c0, 0x0000023f3d76f4b0, 0x0000023f3d771310, 0x0000023f3d771d30,
0x0000023f3d772240, 0x0000023f3d772750, 0x0000023f3d7740a0, 0x0000023f3d772c60,
0x0000023f3d7745b0
}

Java Threads: ( => current thread )
  0x0000023f7a88d390 JavaThread "main" [_thread_blocked, id=6660, stack(0x0000008259f00000,0x000000825a000000)]
  0x0000023f7f3a1af0 JavaThread "Reference Handler" daemon [_thread_blocked, id=24272, stack(0x000000825a600000,0x000000825a700000)]
  0x0000023f7f3a5150 JavaThread "Finalizer" daemon [_thread_blocked, id=25192, stack(0x000000825a700000,0x000000825a800000)]
  0x0000023f7f3ccdd0 JavaThread "Signal Dispatcher" daemon [_thread_blocked, id=10864, stack(0x000000825a800000,0x000000825a900000)]
  0x0000023f7f3cd6a0 JavaThread "Attach Listener" daemon [_thread_blocked, id=22484, stack(0x000000825a900000,0x000000825aa00000)]
  0x0000023f7f3ceae0 JavaThread "Service Thread" daemon [_thread_blocked, id=2108, stack(0x000000825aa00000,0x000000825ab00000)]
  0x0000023f7f3dcec0 JavaThread "Monitor Deflation Thread" daemon [_thread_blocked, id=27148, stack(0x000000825ab00000,0x000000825ac00000)]
=>0x0000023f7f3e8290 JavaThread "C2 CompilerThread0" daemon [_thread_in_native, id=3584, stack(0x000000825ac00000,0x000000825ad00000)]
  0x0000023f7f3ec8a0 JavaThread "C1 CompilerThread0" daemon [_thread_blocked, id=29068, stack(0x000000825ad00000,0x000000825ae00000)]
  0x0000023f7f3ed1b0 JavaThread "Sweeper thread" daemon [_thread_blocked, id=15620, stack(0x000000825ae00000,0x000000825af00000)]
  0x0000023f18baaad0 JavaThread "Common-Cleaner" daemon [_thread_blocked, id=29364, stack(0x000000825af00000,0x000000825b000000)]
  0x0000023f18c98bc0 JavaThread "Notification Thread" daemon [_thread_blocked, id=30516, stack(0x000000825b000000,0x000000825b100000)]
  0x0000023f391d14c0 JavaThread "Daemon health stats" [_thread_blocked, id=25456, stack(0x000000825b600000,0x000000825b700000)]
  0x0000023f18af7930 JavaThread "Incoming local TCP Connector on port 51949" [_thread_in_native, id=18964, stack(0x000000825b700000,0x000000825b800000)]
  0x0000023f39530e00 JavaThread "Daemon periodic checks" [_thread_blocked, id=27740, stack(0x000000825b800000,0x000000825b900000)]
  0x0000023f38030c70 JavaThread "Daemon" [_thread_blocked, id=18748, stack(0x000000825b900000,0x000000825ba00000)]
  0x0000023f38169df0 JavaThread "Handler for socket connection from /127.0.0.1:51949 to /127.0.0.1:51950" [_thread_in_native, id=22444, stack(0x000000825ba00000,0x000000825bb00000)]
  0x0000023f395a48f0 JavaThread "Cancel handler" [_thread_blocked, id=2520, stack(0x000000825bb00000,0x000000825bc00000)]
  0x0000023f395a6240 JavaThread "Daemon worker" [_thread_blocked, id=28864, stack(0x000000825bc00000,0x000000825bd00000)]
  0x0000023f395a6c60 JavaThread "Asynchronous log dispatcher for DefaultDaemonConnection: socket connection from /127.0.0.1:51949 to /127.0.0.1:51950" [_thread_blocked, id=14656, stack(0x000000825bd00000,0x000000825be00000)]
  0x0000023f395a7170 JavaThread "Stdin handler" [_thread_blocked, id=13516, stack(0x000000825be00000,0x000000825bf00000)]
  0x0000023f395a5820 JavaThread "Daemon client event forwarder" [_thread_blocked, id=6972, stack(0x000000825bf00000,0x000000825c000000)]
  0x0000023f395a7680 JavaThread "Cache worker for journal cache (C:\Users\prath\.gradle\caches\journal-1)" [_thread_blocked, id=11136, stack(0x000000825c500000,0x000000825c600000)]
  0x0000023f395a5310 JavaThread "File lock request listener" [_thread_in_native, id=29880, stack(0x000000825c600000,0x000000825c700000)]
  0x0000023f395a6750 JavaThread "Cache worker for file hash cache (C:\Users\prath\.gradle\caches\9.3.1\fileHashes)" [_thread_blocked, id=13572, stack(0x000000825c700000,0x000000825c800000)]
  0x0000023f395a3ed0 JavaThread "Cache worker for file hash cache (D:\Training\project-a\projectvideo-app\projectvideo-frontend\android\.gradle\9.3.1\fileHashes)" [_thread_blocked, id=25892, stack(0x000000825ca00000,0x000000825cb00000)]
  0x0000023f395a43e0 JavaThread "Cache worker for Build Output Cleanup Cache (D:\Training\project-a\projectvideo-app\projectvideo-frontend\android\.gradle\buildOutputCleanup)" [_thread_blocked, id=21584, stack(0x000000825cb00000,0x000000825cc00000)]
  0x0000023f395a5d30 JavaThread "File watcher server" daemon [_thread_in_native, id=17936, stack(0x000000825cc00000,0x000000825cd00000)]
  0x0000023f395a4e00 JavaThread "File watcher consumer" daemon [_thread_blocked, id=8172, stack(0x000000825cd00000,0x000000825ce00000)]
  0x0000023f39e360f0 JavaThread "Cache worker for checksums cache (D:\Training\project-a\projectvideo-app\projectvideo-frontend\android\.gradle\9.3.1\checksums)" [_thread_blocked, id=26032, stack(0x000000825ce00000,0x000000825cf00000)]
  0x0000023f39e33d80 JavaThread "Cache worker for file content cache (C:\Users\prath\.gradle\caches\9.3.1\fileContent)" [_thread_blocked, id=17796, stack(0x000000825cf00000,0x000000825d000000)]
  0x0000023f39e32940 JavaThread "Cache worker for cache directory md-supplier (C:\Users\prath\.gradle\caches\9.3.1\md-supplier)" [_thread_blocked, id=24796, stack(0x000000825d000000,0x000000825d100000)]
  0x0000023f39e32e50 JavaThread "Cache worker for cache directory md-rule (C:\Users\prath\.gradle\caches\9.3.1\md-rule)" [_thread_blocked, id=22968, stack(0x000000825d100000,0x000000825d200000)]
  0x0000023f39e34290 JavaThread "jar transforms" [_thread_blocked, id=7636, stack(0x000000825d200000,0x000000825d300000)]
  0x0000023f39e36600 JavaThread "Cache worker for Build Output Cleanup Cache (D:\Training\project-a\projectvideo-app\projectvideo-frontend\node_modules\@react-native\gradle-plugin\.gradle\buildOutputCleanup)" [_thread_blocked, id=2088, stack(0x000000825d300000,0x000000825d400000)]
  0x0000023f39e35be0 JavaThread "Unconstrained build operations" [_thread_blocked, id=28524, stack(0x000000825d400000,0x000000825d500000)]
  0x0000023f39e36b10 JavaThread "Unconstrained build operations Thread 2" [_thread_blocked, id=30080, stack(0x000000825d500000,0x000000825d600000)]
  0x0000023f39e347a0 JavaThread "Unconstrained build operations Thread 3" [_thread_blocked, id=16156, stack(0x000000825d600000,0x000000825d700000)]
  0x0000023f39e33360 JavaThread "Unconstrained build operations Thread 4" [_thread_blocked, id=12116, stack(0x000000825d700000,0x000000825d800000)]
  0x0000023f39e351c0 JavaThread "Unconstrained build operations Thread 5" [_thread_blocked, id=1252, stack(0x000000825d800000,0x000000825d900000)]
  0x0000023f39e356d0 JavaThread "Unconstrained build operations Thread 6" [_thread_blocked, id=12448, stack(0x000000825d900000,0x000000825da00000)]
  0x0000023f39e37020 JavaThread "build event listener" [_thread_blocked, id=27656, stack(0x000000825db00000,0x000000825dc00000)]
  0x0000023f39e33870 JavaThread "Memory manager" [_thread_blocked, id=9896, stack(0x000000825dc00000,0x000000825dd00000)]
  0x0000023f39e38460 JavaThread "Problems report writer" [_thread_blocked, id=3908, stack(0x000000825dd00000,0x000000825de00000)]
  0x0000023f39e39db0 JavaThread "ForkJoinPool.commonPool-worker-1" daemon [_thread_blocked, id=6156, stack(0x000000825de00000,0x000000825df00000)]
  0x0000023f39e37a40 JavaThread "ForkJoinPool.commonPool-worker-2" daemon [_thread_blocked, id=30504, stack(0x000000825df00000,0x000000825e000000)]
  0x0000023f39e3a2c0 JavaThread "ForkJoinPool.commonPool-worker-3" daemon [_thread_blocked, id=29980, stack(0x000000825e000000,0x000000825e100000)]
  0x0000023f39e37f50 JavaThread "ForkJoinPool.commonPool-worker-5" daemon [_thread_blocked, id=28152, stack(0x000000825e200000,0x000000825e300000)]
  0x0000023f39e38970 JavaThread "ForkJoinPool.commonPool-worker-6" daemon [_thread_blocked, id=5724, stack(0x000000825e300000,0x000000825e400000)]
  0x0000023f39e38e80 JavaThread "ForkJoinPool.commonPool-worker-8" daemon [_thread_blocked, id=4800, stack(0x000000825e400000,0x000000825e500000)]
  0x0000023f39e39390 JavaThread "ForkJoinPool.commonPool-worker-7" daemon [_thread_blocked, id=12384, stack(0x000000825e500000,0x000000825e600000)]
  0x0000023f3baf9e80 JavaThread "ForkJoinPool.commonPool-worker-9" daemon [_thread_blocked, id=29260, stack(0x000000825e600000,0x000000825e700000)]
  0x0000023f3baf8f50 JavaThread "ForkJoinPool.commonPool-worker-10" daemon [_thread_blocked, id=12124, stack(0x000000825e700000,0x000000825e800000)]
  0x0000023f3baf8020 JavaThread "Cache worker for execution history cache (D:\Training\project-a\projectvideo-app\projectvideo-frontend\node_modules\@react-native\gradle-plugin\.gradle\9.3.1\executionHistory)" [_thread_blocked, id=30064, stack(0x000000825ec00000,0x000000825ed00000)]
  0x0000023f3bafa8a0 JavaThread "Unconstrained build operations Thread 7" [_thread_blocked, id=12420, stack(0x000000825ed00000,0x000000825ee00000)]
  0x0000023f3bafadb0 JavaThread "Unconstrained build operations Thread 8" [_thread_blocked, id=14324, stack(0x000000825ee00000,0x000000825ef00000)]
  0x0000023f3baf8530 JavaThread "Unconstrained build operations Thread 9" [_thread_blocked, id=9040, stack(0x000000825ef00000,0x000000825f000000)]
  0x0000023f3baf9460 JavaThread "Unconstrained build operations Thread 10" [_thread_blocked, id=29412, stack(0x000000825f000000,0x000000825f100000)]
  0x0000023f3bafc1f0 JavaThread "jar transforms Thread 2" [_thread_blocked, id=12928, stack(0x000000825f300000,0x000000825f400000)]
  0x0000023f3bafd120 JavaThread "jar transforms Thread 3" [_thread_blocked, id=16112, stack(0x000000825f400000,0x000000825f500000)]
  0x0000023f3bafe050 JavaThread "jar transforms Thread 4" [_thread_blocked, id=29084, stack(0x000000825f500000,0x000000825f600000)]
  0x0000023f3bafe560 JavaThread "jar transforms Thread 5" [_thread_blocked, id=29392, stack(0x000000825f600000,0x000000825f700000)]
  0x0000023f3baff490 JavaThread "jar transforms Thread 6" [_thread_blocked, id=30284, stack(0x000000825f700000,0x000000825f800000)]
  0x0000023f3d33d2a0 JavaThread "build event listener" [_thread_blocked, id=3084, stack(0x000000825f800000,0x000000825f900000)]
  0x0000023f3d33af30 JavaThread "jar transforms Thread 7" [_thread_blocked, id=29852, stack(0x0000008259c00000,0x0000008259d00000)]
  0x0000023f3d33a000 JavaThread "jar transforms Thread 8" [_thread_blocked, id=14896, stack(0x0000008259d00000,0x0000008259e00000)]
  0x0000023f3d33cd90 JavaThread "File lock release action executor" [_thread_blocked, id=30256, stack(0x0000008259e00000,0x0000008259f00000)]
  0x0000023f3d33a510 JavaThread "jar transforms Thread 9" [_thread_blocked, id=12492, stack(0x000000825f900000,0x000000825fa00000)]
  0x0000023f3d76efa0 JavaThread "jar transforms Thread 10" [_thread_blocked, id=13152, stack(0x000000825fa00000,0x000000825fb00000)]
  0x0000023f3d7703e0 JavaThread "jar transforms Thread 11" [_thread_blocked, id=5148, stack(0x000000825fb00000,0x000000825fc00000)]
  0x0000023f3d7708f0 JavaThread "File lock release action executor Thread 2" [_thread_blocked, id=9576, stack(0x000000825e100000,0x000000825e200000)]
  0x0000023f3d76e580 JavaThread "jar transforms Thread 12" [_thread_blocked, id=30164, stack(0x000000825e800000,0x000000825e900000)]
  0x0000023f3d76f9c0 JavaThread "Exec process" [_thread_blocked, id=6656, stack(0x000000825e900000,0x000000825ea00000)]
  0x0000023f3d76f4b0 JavaThread "Exec process Thread 2" [_thread_blocked, id=28012, stack(0x000000825ea00000,0x000000825eb00000)]
  0x0000023f3d771310 JavaThread "Exec process Thread 3" [_thread_blocked, id=29608, stack(0x000000825eb00000,0x000000825ec00000)]
  0x0000023f3d771d30 JavaThread "ForkJoinPool.commonPool-worker-11" daemon [_thread_blocked, id=23196, stack(0x000000825fc00000,0x000000825fd00000)]
  0x0000023f3d772240 JavaThread "ForkJoinPool.commonPool-worker-12" daemon [_thread_blocked, id=22672, stack(0x000000825fd00000,0x000000825fe00000)]
  0x0000023f3d772750 JavaThread "pool-3-thread-1" [_thread_blocked, id=13848, stack(0x000000825fe00000,0x000000825ff00000)]
  0x0000023f3d7740a0 JavaThread "build event listener" [_thread_blocked, id=7876, stack(0x000000825ff00000,0x0000008260000000)]
  0x0000023f3d772c60 JavaThread "included builds Thread 2" [_thread_in_native, id=224, stack(0x0000008260000000,0x0000008260100000)]
  0x0000023f3d7745b0 JavaThread "Cache worker for execution history cache (D:\Training\project-a\projectvideo-app\projectvideo-frontend\android\.gradle\9.3.1\executionHistory)" [_thread_blocked, id=1420, stack(0x0000008260100000,0x0000008260200000)]

Other Threads:
  0x0000023f7f39de90 VMThread "VM Thread" [stack: 0x000000825a500000,0x000000825a600000] [id=3288]
  0x0000023f7a88e120 WatcherThread [stack: 0x000000825b100000,0x000000825b200000] [id=14068]
  0x0000023f7a8da900 GCTaskThread "GC Thread#0" [stack: 0x000000825a000000,0x000000825a100000] [id=22884]
  0x0000023f381ab410 GCTaskThread "GC Thread#1" [stack: 0x000000825b200000,0x000000825b300000] [id=27768]
  0x0000023f380d16d0 GCTaskThread "GC Thread#2" [stack: 0x000000825b300000,0x000000825b400000] [id=15616]
  0x0000023f381a6750 GCTaskThread "GC Thread#3" [stack: 0x000000825b400000,0x000000825b500000] [id=30296]
  0x0000023f381a6fc0 GCTaskThread "GC Thread#4" [stack: 0x000000825b500000,0x000000825b600000] [id=29700]
  0x0000023f381a7dd0 GCTaskThread "GC Thread#5" [stack: 0x000000825c000000,0x000000825c100000] [id=23624]
  0x0000023f381a6a20 GCTaskThread "GC Thread#6" [stack: 0x000000825c100000,0x000000825c200000] [id=26912]
  0x0000023f381a7560 GCTaskThread "GC Thread#7" [stack: 0x000000825c200000,0x000000825c300000] [id=25244]
  0x0000023f381a7830 GCTaskThread "GC Thread#8" [stack: 0x000000825c300000,0x000000825c400000] [id=23936]
  0x0000023f381a8370 GCTaskThread "GC Thread#9" [stack: 0x000000825c400000,0x000000825c500000] [id=29780]
  0x0000023f7a8e58d0 ConcurrentGCThread "G1 Main Marker" [stack: 0x000000825a100000,0x000000825a200000] [id=13132]
  0x0000023f7a8e6c10 ConcurrentGCThread "G1 Conc#0" [stack: 0x000000825a200000,0x000000825a300000] [id=12052]
  0x0000023f39d0d5d0 ConcurrentGCThread "G1 Conc#1" [stack: 0x000000825c800000,0x000000825c900000] [id=15564]
  0x0000023f39d102d0 ConcurrentGCThread "G1 Conc#2" [stack: 0x000000825c900000,0x000000825ca00000] [id=24396]
  0x0000023f7a92e0c0 ConcurrentGCThread "G1 Refine#0" [stack: 0x000000825a300000,0x000000825a400000] [id=24488]
  0x0000023f3bcf7f40 ConcurrentGCThread "G1 Refine#1" [stack: 0x000000825da00000,0x000000825db00000] [id=28380]
  0x0000023f7a92e8b0 ConcurrentGCThread "G1 Service" [stack: 0x000000825a400000,0x000000825a500000] [id=22344]

Threads with active compile tasks:
C2 CompilerThread0  139068 18273   !   4       java.nio.file.Files::walkFileTree (297 bytes)

VM state: not at safepoint (normal execution)

VM Mutex/Monitor currently owned by a thread: None

Heap address: 0x00000000a0000000, size: 1536 MB, Compressed Oops mode: 32-bit

CDS archive(s) mapped at: [0x0000023f19000000-0x0000023f19bb0000-0x0000023f19bb0000), size 12255232, SharedBaseAddress: 0x0000023f19000000, ArchiveRelocationMode: 1.
Compressed class space mapped at: 0x0000023f1a000000-0x0000023f34000000, reserved size: 436207616
Narrow klass base: 0x0000023f19000000, Narrow klass shift: 0, Narrow klass range: 0x100000000

GC Precious Log:
 CPUs: 12 total, 12 available
 Memory: 5989M
 Large Page Support: Disabled
 NUMA Support: Disabled
 Compressed Oops: Enabled (32-bit)
 Heap Region Size: 1M
 Heap Min Capacity: 8M
 Heap Initial Capacity: 94M
 Heap Max Capacity: 1536M
 Pre-touch: Disabled
 Parallel Workers: 10
 Concurrent Workers: 3
 Concurrent Refinement Workers: 10
 Periodic GC: Disabled

Heap:
 garbage-first heap   total 563200K, used 325970K [0x00000000a0000000, 0x0000000100000000)
  region size 1024K, 113 young (115712K), 3 survivors (3072K)
 Metaspace       used 118554K, committed 120064K, reserved 557056K
  class space    used 16268K, committed 17024K, reserved 425984K

Heap Regions: E=young(eden), S=young(survivor), O=old, HS=humongous(starts), HC=humongous(continues), CS=collection set, F=free, OA=open archive, CA=closed archive, TAMS=top-at-mark-start (previous, next)
|   0|0x00000000a0000000, 0x00000000a0100000, 0x00000000a0100000|100%|HS|  |TAMS 0x00000000a0100000, 0x00000000a0000000| Complete 
|   1|0x00000000a0100000, 0x00000000a0200000, 0x00000000a0200000|100%|HC|  |TAMS 0x00000000a0200000, 0x00000000a0100000| Complete 
|   2|0x00000000a0200000, 0x00000000a0300000, 0x00000000a0300000|100%|HC|  |TAMS 0x00000000a0300000, 0x00000000a0200000| Complete 
|   3|0x00000000a0300000, 0x00000000a0400000, 0x00000000a0400000|100%|HC|  |TAMS 0x00000000a0400000, 0x00000000a0300000| Complete 
|   4|0x00000000a0400000, 0x00000000a0500000, 0x00000000a0500000|100%| O|  |TAMS 0x00000000a0500000, 0x00000000a0400000| Untracked 
|   5|0x00000000a0500000, 0x00000000a0600000, 0x00000000a0600000|100%| O|  |TAMS 0x00000000a0600000, 0x00000000a0500000| Untracked 
|   6|0x00000000a0600000, 0x00000000a0700000, 0x00000000a0700000|100%| O|  |TAMS 0x00000000a0700000, 0x00000000a0600000| Untracked 
|   7|0x00000000a0700000, 0x00000000a0800000, 0x00000000a0800000|100%|HS|  |TAMS 0x00000000a0800000, 0x00000000a0700000| Complete 
|   8|0x00000000a0800000, 0x00000000a0900000, 0x00000000a0900000|100%| O|  |TAMS 0x00000000a0900000, 0x00000000a0800000| Untracked 
|   9|0x00000000a0900000, 0x00000000a0a00000, 0x00000000a0a00000|100%| O|  |TAMS 0x00000000a0a00000, 0x00000000a0900000| Untracked 
|  10|0x00000000a0a00000, 0x00000000a0b00000, 0x00000000a0b00000|100%| O|  |TAMS 0x00000000a0b00000, 0x00000000a0a00000| Untracked 
|  11|0x00000000a0b00000, 0x00000000a0c00000, 0x00000000a0c00000|100%| O|  |TAMS 0x00000000a0c00000, 0x00000000a0b00000| Untracked 
|  12|0x00000000a0c00000, 0x00000000a0d00000, 0x00000000a0d00000|100%| O|  |TAMS 0x00000000a0d00000, 0x00000000a0c00000| Untracked 
|  13|0x00000000a0d00000, 0x00000000a0e00000, 0x00000000a0e00000|100%| O|  |TAMS 0x00000000a0e00000, 0x00000000a0d00000| Untracked 
|  14|0x00000000a0e00000, 0x00000000a0f00000, 0x00000000a0f00000|100%| O|  |TAMS 0x00000000a0f00000, 0x00000000a0e00000| Untracked 
|  15|0x00000000a0f00000, 0x00000000a1000000, 0x00000000a1000000|100%| O|  |TAMS 0x00000000a1000000, 0x00000000a0f00000| Untracked 
|  16|0x00000000a1000000, 0x00000000a1100000, 0x00000000a1100000|100%| O|  |TAMS 0x00000000a1100000, 0x00000000a1000000| Untracked 
|  17|0x00000000a1100000, 0x00000000a1200000, 0x00000000a1200000|100%| O|  |TAMS 0x00000000a1200000, 0x00000000a1100000| Untracked 
|  18|0x00000000a1200000, 0x00000000a1300000, 0x00000000a1300000|100%| O|  |TAMS 0x00000000a1300000, 0x00000000a1200000| Untracked 
|  19|0x00000000a1300000, 0x00000000a1400000, 0x00000000a1400000|100%| O|  |TAMS 0x00000000a1400000, 0x00000000a1300000| Untracked 
|  20|0x00000000a1400000, 0x00000000a1500000, 0x00000000a1500000|100%| O|  |TAMS 0x00000000a1500000, 0x00000000a1400000| Untracked 
|  21|0x00000000a1500000, 0x00000000a1600000, 0x00000000a1600000|100%| O|  |TAMS 0x00000000a1600000, 0x00000000a1500000| Untracked 
|  22|0x00000000a1600000, 0x00000000a1700000, 0x00000000a1700000|100%| O|  |TAMS 0x00000000a1700000, 0x00000000a1600000| Untracked 
|  23|0x00000000a1700000, 0x00000000a1800000, 0x00000000a1800000|100%| O|  |TAMS 0x00000000a1800000, 0x00000000a1700000| Untracked 
|  24|0x00000000a1800000, 0x00000000a1900000, 0x00000000a1900000|100%| O|  |TAMS 0x00000000a1900000, 0x00000000a1800000| Untracked 
|  25|0x00000000a1900000, 0x00000000a1a00000, 0x00000000a1a00000|100%| O|  |TAMS 0x00000000a1a00000, 0x00000000a1900000| Untracked 
|  26|0x00000000a1a00000, 0x00000000a1b00000, 0x00000000a1b00000|100%| O|  |TAMS 0x00000000a1b00000, 0x00000000a1a00000| Untracked 
|  27|0x00000000a1b00000, 0x00000000a1c00000, 0x00000000a1c00000|100%| O|  |TAMS 0x00000000a1c00000, 0x00000000a1b00000| Untracked 
|  28|0x00000000a1c00000, 0x00000000a1d00000, 0x00000000a1d00000|100%| O|  |TAMS 0x00000000a1d00000, 0x00000000a1c00000| Untracked 
|  29|0x00000000a1d00000, 0x00000000a1e00000, 0x00000000a1e00000|100%| O|  |TAMS 0x00000000a1e00000, 0x00000000a1d00000| Untracked 
|  30|0x00000000a1e00000, 0x00000000a1f00000, 0x00000000a1f00000|100%| O|  |TAMS 0x00000000a1f00000, 0x00000000a1e00000| Untracked 
|  31|0x00000000a1f00000, 0x00000000a2000000, 0x00000000a2000000|100%|HS|  |TAMS 0x00000000a2000000, 0x00000000a1f00000| Complete 
|  32|0x00000000a2000000, 0x00000000a2100000, 0x00000000a2100000|100%|HC|  |TAMS 0x00000000a2100000, 0x00000000a2000000| Complete 
|  33|0x00000000a2100000, 0x00000000a2200000, 0x00000000a2200000|100%|HC|  |TAMS 0x00000000a2200000, 0x00000000a2100000| Complete 
|  34|0x00000000a2200000, 0x00000000a2300000, 0x00000000a2300000|100%|HS|  |TAMS 0x00000000a2300000, 0x00000000a2200000| Complete 
|  35|0x00000000a2300000, 0x00000000a2400000, 0x00000000a2400000|100%|HC|  |TAMS 0x00000000a2400000, 0x00000000a2300000| Complete 
|  36|0x00000000a2400000, 0x00000000a2500000, 0x00000000a2500000|100%|HC|  |TAMS 0x00000000a2500000, 0x00000000a2400000| Complete 
|  37|0x00000000a2500000, 0x00000000a2600000, 0x00000000a2600000|100%| O|  |TAMS 0x00000000a2600000, 0x00000000a2500000| Untracked 
|  38|0x00000000a2600000, 0x00000000a2700000, 0x00000000a2700000|100%| O|  |TAMS 0x00000000a2700000, 0x00000000a2600000| Untracked 
|  39|0x00000000a2700000, 0x00000000a2800000, 0x00000000a2800000|100%| O|  |TAMS 0x00000000a2800000, 0x00000000a2700000| Untracked 
|  40|0x00000000a2800000, 0x00000000a2900000, 0x00000000a2900000|100%| O|  |TAMS 0x00000000a2900000, 0x00000000a2800000| Untracked 
|  41|0x00000000a2900000, 0x00000000a2a00000, 0x00000000a2a00000|100%| O|  |TAMS 0x00000000a2a00000, 0x00000000a2900000| Untracked 
|  42|0x00000000a2a00000, 0x00000000a2b00000, 0x00000000a2b00000|100%| O|  |TAMS 0x00000000a2b00000, 0x00000000a2a00000| Untracked 
|  43|0x00000000a2b00000, 0x00000000a2c00000, 0x00000000a2c00000|100%| O|  |TAMS 0x00000000a2c00000, 0x00000000a2b00000| Untracked 
|  44|0x00000000a2c00000, 0x00000000a2d00000, 0x00000000a2d00000|100%| O|  |TAMS 0x00000000a2d00000, 0x00000000a2c00000| Untracked 
|  45|0x00000000a2d00000, 0x00000000a2d00000, 0x00000000a2e00000|  0%| F|  |TAMS 0x00000000a2d00000, 0x00000000a2d00000| Untracked 
|  46|0x00000000a2e00000, 0x00000000a2f00000, 0x00000000a2f00000|100%| O|  |TAMS 0x00000000a2f00000, 0x00000000a2e00000| Untracked 
|  47|0x00000000a2f00000, 0x00000000a3000000, 0x00000000a3000000|100%| O|  |TAMS 0x00000000a3000000, 0x00000000a2f00000| Untracked 
|  48|0x00000000a3000000, 0x00000000a3100000, 0x00000000a3100000|100%| O|  |TAMS 0x00000000a3100000, 0x00000000a3000000| Untracked 
|  49|0x00000000a3100000, 0x00000000a3200000, 0x00000000a3200000|100%| O|  |TAMS 0x00000000a3200000, 0x00000000a3100000| Untracked 
|  50|0x00000000a3200000, 0x00000000a3300000, 0x00000000a3300000|100%| O|  |TAMS 0x00000000a3300000, 0x00000000a3200000| Untracked 
|  51|0x00000000a3300000, 0x00000000a3400000, 0x00000000a3400000|100%| O|  |TAMS 0x00000000a3400000, 0x00000000a3300000| Untracked 
|  52|0x00000000a3400000, 0x00000000a3500000, 0x00000000a3500000|100%| O|  |TAMS 0x00000000a3500000, 0x00000000a3400000| Untracked 
|  53|0x00000000a3500000, 0x00000000a3600000, 0x00000000a3600000|100%| O|  |TAMS 0x00000000a3600000, 0x00000000a3500000| Untracked 
|  54|0x00000000a3600000, 0x00000000a3700000, 0x00000000a3700000|100%| O|  |TAMS 0x00000000a3700000, 0x00000000a3600000| Untracked 
|  55|0x00000000a3700000, 0x00000000a3800000, 0x00000000a3800000|100%| O|  |TAMS 0x00000000a3800000, 0x00000000a3700000| Untracked 
|  56|0x00000000a3800000, 0x00000000a3900000, 0x00000000a3900000|100%| O|  |TAMS 0x00000000a3900000, 0x00000000a3800000| Untracked 
|  57|0x00000000a3900000, 0x00000000a3a00000, 0x00000000a3a00000|100%| O|  |TAMS 0x00000000a3a00000, 0x00000000a3900000| Untracked 
|  58|0x00000000a3a00000, 0x00000000a3b00000, 0x00000000a3b00000|100%| O|  |TAMS 0x00000000a3b00000, 0x00000000a3a00000| Untracked 
|  59|0x00000000a3b00000, 0x00000000a3c00000, 0x00000000a3c00000|100%| O|  |TAMS 0x00000000a3c00000, 0x00000000a3b00000| Untracked 
|  60|0x00000000a3c00000, 0x00000000a3d00000, 0x00000000a3d00000|100%| O|  |TAMS 0x00000000a3d00000, 0x00000000a3c00000| Untracked 
|  61|0x00000000a3d00000, 0x00000000a3e00000, 0x00000000a3e00000|100%| O|  |TAMS 0x00000000a3e00000, 0x00000000a3d00000| Untracked 
|  62|0x00000000a3e00000, 0x00000000a3f00000, 0x00000000a3f00000|100%| O|  |TAMS 0x00000000a3f00000, 0x00000000a3e00000| Untracked 
|  63|0x00000000a3f00000, 0x00000000a4000000, 0x00000000a4000000|100%| O|  |TAMS 0x00000000a4000000, 0x00000000a3f00000| Untracked 
|  64|0x00000000a4000000, 0x00000000a4100000, 0x00000000a4100000|100%| O|  |TAMS 0x00000000a4100000, 0x00000000a4000000| Untracked 
|  65|0x00000000a4100000, 0x00000000a4200000, 0x00000000a4200000|100%| O|  |TAMS 0x00000000a4200000, 0x00000000a4100000| Untracked 
|  66|0x00000000a4200000, 0x00000000a4300000, 0x00000000a4300000|100%| O|  |TAMS 0x00000000a4300000, 0x00000000a4200000| Untracked 
|  67|0x00000000a4300000, 0x00000000a4400000, 0x00000000a4400000|100%| O|  |TAMS 0x00000000a4400000, 0x00000000a4300000| Untracked 
|  68|0x00000000a4400000, 0x00000000a4500000, 0x00000000a4500000|100%| O|  |TAMS 0x00000000a4500000, 0x00000000a4400000| Untracked 
|  69|0x00000000a4500000, 0x00000000a4600000, 0x00000000a4600000|100%| O|  |TAMS 0x00000000a4600000, 0x00000000a4500000| Untracked 
|  70|0x00000000a4600000, 0x00000000a4700000, 0x00000000a4700000|100%| O|  |TAMS 0x00000000a4700000, 0x00000000a4600000| Untracked 
|  71|0x00000000a4700000, 0x00000000a4800000, 0x00000000a4800000|100%| O|  |TAMS 0x00000000a4800000, 0x00000000a4700000| Untracked 
|  72|0x00000000a4800000, 0x00000000a4900000, 0x00000000a4900000|100%| O|  |TAMS 0x00000000a4900000, 0x00000000a4800000| Untracked 
|  73|0x00000000a4900000, 0x00000000a4a00000, 0x00000000a4a00000|100%| O|  |TAMS 0x00000000a4a00000, 0x00000000a4900000| Untracked 
|  74|0x00000000a4a00000, 0x00000000a4b00000, 0x00000000a4b00000|100%| O|  |TAMS 0x00000000a4b00000, 0x00000000a4a00000| Untracked 
|  75|0x00000000a4b00000, 0x00000000a4c00000, 0x00000000a4c00000|100%| O|  |TAMS 0x00000000a4c00000, 0x00000000a4b00000| Untracked 
|  76|0x00000000a4c00000, 0x00000000a4d00000, 0x00000000a4d00000|100%|HS|  |TAMS 0x00000000a4d00000, 0x00000000a4c00000| Complete 
|  77|0x00000000a4d00000, 0x00000000a4e00000, 0x00000000a4e00000|100%| O|  |TAMS 0x00000000a4e00000, 0x00000000a4d00000| Untracked 
|  78|0x00000000a4e00000, 0x00000000a4f00000, 0x00000000a4f00000|100%| O|  |TAMS 0x00000000a4f00000, 0x00000000a4e00000| Untracked 
|  79|0x00000000a4f00000, 0x00000000a5000000, 0x00000000a5000000|100%|HS|  |TAMS 0x00000000a5000000, 0x00000000a4f00000| Complete 
|  80|0x00000000a5000000, 0x00000000a5100000, 0x00000000a5100000|100%|HS|  |TAMS 0x00000000a5100000, 0x00000000a5000000| Complete 
|  81|0x00000000a5100000, 0x00000000a5200000, 0x00000000a5200000|100%|HS|  |TAMS 0x00000000a5200000, 0x00000000a5100000| Complete 
|  82|0x00000000a5200000, 0x00000000a5300000, 0x00000000a5300000|100%| O|  |TAMS 0x00000000a5300000, 0x00000000a5200000| Untracked 
|  83|0x00000000a5300000, 0x00000000a5300000, 0x00000000a5400000|  0%| F|  |TAMS 0x00000000a5300000, 0x00000000a5300000| Untracked 
|  84|0x00000000a5400000, 0x00000000a5500000, 0x00000000a5500000|100%| O|  |TAMS 0x00000000a5500000, 0x00000000a5400000| Untracked 
|  85|0x00000000a5500000, 0x00000000a5600000, 0x00000000a5600000|100%| O|  |TAMS 0x00000000a5600000, 0x00000000a5500000| Untracked 
|  86|0x00000000a5600000, 0x00000000a5600000, 0x00000000a5700000|  0%| F|  |TAMS 0x00000000a5600000, 0x00000000a5600000| Untracked 
|  87|0x00000000a5700000, 0x00000000a5800000, 0x00000000a5800000|100%|HS|  |TAMS 0x00000000a5800000, 0x00000000a5700000| Complete 
|  88|0x00000000a5800000, 0x00000000a5900000, 0x00000000a5900000|100%|HS|  |TAMS 0x00000000a5900000, 0x00000000a5800000| Complete 
|  89|0x00000000a5900000, 0x00000000a5a00000, 0x00000000a5a00000|100%| O|  |TAMS 0x00000000a5a00000, 0x00000000a5900000| Untracked 
|  90|0x00000000a5a00000, 0x00000000a5b00000, 0x00000000a5b00000|100%| O|  |TAMS 0x00000000a5b00000, 0x00000000a5a00000| Untracked 
|  91|0x00000000a5b00000, 0x00000000a5c00000, 0x00000000a5c00000|100%| O|  |TAMS 0x00000000a5c00000, 0x00000000a5b00000| Untracked 
|  92|0x00000000a5c00000, 0x00000000a5d00000, 0x00000000a5d00000|100%| O|  |TAMS 0x00000000a5d00000, 0x00000000a5c00000| Untracked 
|  93|0x00000000a5d00000, 0x00000000a5e00000, 0x00000000a5e00000|100%| O|  |TAMS 0x00000000a5e00000, 0x00000000a5d00000| Untracked 
|  94|0x00000000a5e00000, 0x00000000a5f00000, 0x00000000a5f00000|100%| O|  |TAMS 0x00000000a5f00000, 0x00000000a5e00000| Untracked 
|  95|0x00000000a5f00000, 0x00000000a6000000, 0x00000000a6000000|100%| O|  |TAMS 0x00000000a6000000, 0x00000000a5f00000| Untracked 
|  96|0x00000000a6000000, 0x00000000a6100000, 0x00000000a6100000|100%| O|  |TAMS 0x00000000a6100000, 0x00000000a6000000| Untracked 
|  97|0x00000000a6100000, 0x00000000a6200000, 0x00000000a6200000|100%| O|  |TAMS 0x00000000a6200000, 0x00000000a6100000| Untracked 
|  98|0x00000000a6200000, 0x00000000a6300000, 0x00000000a6300000|100%|HS|  |TAMS 0x00000000a6300000, 0x00000000a6200000| Complete 
|  99|0x00000000a6300000, 0x00000000a6400000, 0x00000000a6400000|100%| O|  |TAMS 0x00000000a6400000, 0x00000000a6300000| Untracked 
| 100|0x00000000a6400000, 0x00000000a6500000, 0x00000000a6500000|100%|HS|  |TAMS 0x00000000a6500000, 0x00000000a6400000| Complete 
| 101|0x00000000a6500000, 0x00000000a6600000, 0x00000000a6600000|100%|HC|  |TAMS 0x00000000a6600000, 0x00000000a6500000| Complete 
| 102|0x00000000a6600000, 0x00000000a6700000, 0x00000000a6700000|100%|HC|  |TAMS 0x00000000a6700000, 0x00000000a6600000| Complete 
| 103|0x00000000a6700000, 0x00000000a6800000, 0x00000000a6800000|100%| O|  |TAMS 0x00000000a6800000, 0x00000000a6700000| Untracked 
| 104|0x00000000a6800000, 0x00000000a6900000, 0x00000000a6900000|100%| O|  |TAMS 0x00000000a6900000, 0x00000000a6800000| Untracked 
| 105|0x00000000a6900000, 0x00000000a6a00000, 0x00000000a6a00000|100%| O|  |TAMS 0x00000000a6a00000, 0x00000000a6900000| Untracked 
| 106|0x00000000a6a00000, 0x00000000a6b00000, 0x00000000a6b00000|100%| O|  |TAMS 0x00000000a6b00000, 0x00000000a6a00000| Untracked 
| 107|0x00000000a6b00000, 0x00000000a6c00000, 0x00000000a6c00000|100%| O|  |TAMS 0x00000000a6c00000, 0x00000000a6b00000| Untracked 
| 108|0x00000000a6c00000, 0x00000000a6d00000, 0x00000000a6d00000|100%| O|  |TAMS 0x00000000a6d00000, 0x00000000a6c00000| Untracked 
| 109|0x00000000a6d00000, 0x00000000a6e00000, 0x00000000a6e00000|100%| O|  |TAMS 0x00000000a6e00000, 0x00000000a6d00000| Untracked 
| 110|0x00000000a6e00000, 0x00000000a6f00000, 0x00000000a6f00000|100%| O|  |TAMS 0x00000000a6f00000, 0x00000000a6e00000| Untracked 
| 111|0x00000000a6f00000, 0x00000000a7000000, 0x00000000a7000000|100%| O|  |TAMS 0x00000000a7000000, 0x00000000a6f00000| Untracked 
| 112|0x00000000a7000000, 0x00000000a7100000, 0x00000000a7100000|100%| O|  |TAMS 0x00000000a7100000, 0x00000000a7000000| Untracked 
| 113|0x00000000a7100000, 0x00000000a7200000, 0x00000000a7200000|100%| O|  |TAMS 0x00000000a7200000, 0x00000000a7100000| Untracked 
| 114|0x00000000a7200000, 0x00000000a7300000, 0x00000000a7300000|100%| O|  |TAMS 0x00000000a7300000, 0x00000000a7200000| Untracked 
| 115|0x00000000a7300000, 0x00000000a7400000, 0x00000000a7400000|100%| O|  |TAMS 0x00000000a7400000, 0x00000000a7300000| Untracked 
| 116|0x00000000a7400000, 0x00000000a7500000, 0x00000000a7500000|100%| O|  |TAMS 0x00000000a7500000, 0x00000000a7400000| Untracked 
| 117|0x00000000a7500000, 0x00000000a7600000, 0x00000000a7600000|100%| O|  |TAMS 0x00000000a7600000, 0x00000000a7500000| Untracked 
| 118|0x00000000a7600000, 0x00000000a7700000, 0x00000000a7700000|100%| O|  |TAMS 0x00000000a7700000, 0x00000000a7600000| Untracked 
| 119|0x00000000a7700000, 0x00000000a7800000, 0x00000000a7800000|100%| O|  |TAMS 0x00000000a7800000, 0x00000000a7700000| Untracked 
| 120|0x00000000a7800000, 0x00000000a7900000, 0x00000000a7900000|100%| O|  |TAMS 0x00000000a7900000, 0x00000000a7800000| Untracked 
| 121|0x00000000a7900000, 0x00000000a7a00000, 0x00000000a7a00000|100%| O|  |TAMS 0x00000000a7a00000, 0x00000000a7900000| Untracked 
| 122|0x00000000a7a00000, 0x00000000a7b00000, 0x00000000a7b00000|100%| O|  |TAMS 0x00000000a7b00000, 0x00000000a7a00000| Untracked 
| 123|0x00000000a7b00000, 0x00000000a7c00000, 0x00000000a7c00000|100%| O|  |TAMS 0x00000000a7c00000, 0x00000000a7b00000| Untracked 
| 124|0x00000000a7c00000, 0x00000000a7c00000, 0x00000000a7d00000|  0%| F|  |TAMS 0x00000000a7c00000, 0x00000000a7c00000| Untracked 
| 125|0x00000000a7d00000, 0x00000000a7e00000, 0x00000000a7e00000|100%| O|  |TAMS 0x00000000a7e00000, 0x00000000a7d00000| Untracked 
| 126|0x00000000a7e00000, 0x00000000a7e00000, 0x00000000a7f00000|  0%| F|  |TAMS 0x00000000a7e00000, 0x00000000a7e00000| Untracked 
| 127|0x00000000a7f00000, 0x00000000a7f00000, 0x00000000a8000000|  0%| F|  |TAMS 0x00000000a7f00000, 0x00000000a7f00000| Untracked 
| 128|0x00000000a8000000, 0x00000000a8100000, 0x00000000a8100000|100%| O|  |TAMS 0x00000000a8100000, 0x00000000a8000000| Untracked 
| 129|0x00000000a8100000, 0x00000000a8100000, 0x00000000a8200000|  0%| F|  |TAMS 0x00000000a8100000, 0x00000000a8100000| Untracked 
| 130|0x00000000a8200000, 0x00000000a8300000, 0x00000000a8300000|100%| O|  |TAMS 0x00000000a8300000, 0x00000000a8200000| Untracked 
| 131|0x00000000a8300000, 0x00000000a8300000, 0x00000000a8400000|  0%| F|  |TAMS 0x00000000a8300000, 0x00000000a8300000| Untracked 
| 132|0x00000000a8400000, 0x00000000a8500000, 0x00000000a8500000|100%| O|  |TAMS 0x00000000a8500000, 0x00000000a8400000| Untracked 
| 133|0x00000000a8500000, 0x00000000a8500000, 0x00000000a8600000|  0%| F|  |TAMS 0x00000000a8500000, 0x00000000a8500000| Untracked 
| 134|0x00000000a8600000, 0x00000000a8600000, 0x00000000a8700000|  0%| F|  |TAMS 0x00000000a8600000, 0x00000000a8600000| Untracked 
| 135|0x00000000a8700000, 0x00000000a8700000, 0x00000000a8800000|  0%| F|  |TAMS 0x00000000a8700000, 0x00000000a8700000| Untracked 
| 136|0x00000000a8800000, 0x00000000a8900000, 0x00000000a8900000|100%| O|  |TAMS 0x00000000a8900000, 0x00000000a8800000| Untracked 
| 137|0x00000000a8900000, 0x00000000a8a00000, 0x00000000a8a00000|100%|HS|  |TAMS 0x00000000a8a00000, 0x00000000a8900000| Complete 
| 138|0x00000000a8a00000, 0x00000000a8b00000, 0x00000000a8b00000|100%|HS|  |TAMS 0x00000000a8b00000, 0x00000000a8a00000| Complete 
| 139|0x00000000a8b00000, 0x00000000a8c00000, 0x00000000a8c00000|100%|HC|  |TAMS 0x00000000a8c00000, 0x00000000a8b00000| Complete 
| 140|0x00000000a8c00000, 0x00000000a8d00000, 0x00000000a8d00000|100%| O|  |TAMS 0x00000000a8d00000, 0x00000000a8c00000| Untracked 
| 141|0x00000000a8d00000, 0x00000000a8e00000, 0x00000000a8e00000|100%|HS|  |TAMS 0x00000000a8e00000, 0x00000000a8d00000| Complete 
| 142|0x00000000a8e00000, 0x00000000a8f00000, 0x00000000a8f00000|100%|HS|  |TAMS 0x00000000a8f00000, 0x00000000a8e00000| Complete 
| 143|0x00000000a8f00000, 0x00000000a9000000, 0x00000000a9000000|100%|HS|  |TAMS 0x00000000a9000000, 0x00000000a8f00000| Complete 
| 144|0x00000000a9000000, 0x00000000a9100000, 0x00000000a9100000|100%|HC|  |TAMS 0x00000000a9100000, 0x00000000a9000000| Complete 
| 145|0x00000000a9100000, 0x00000000a9200000, 0x00000000a9200000|100%|HC|  |TAMS 0x00000000a9200000, 0x00000000a9100000| Complete 
| 146|0x00000000a9200000, 0x00000000a9300000, 0x00000000a9300000|100%|HC|  |TAMS 0x00000000a9300000, 0x00000000a9200000| Complete 
| 147|0x00000000a9300000, 0x00000000a9400000, 0x00000000a9400000|100%|HS|  |TAMS 0x00000000a9400000, 0x00000000a9300000| Complete 
| 148|0x00000000a9400000, 0x00000000a9500000, 0x00000000a9500000|100%| O|  |TAMS 0x00000000a9500000, 0x00000000a9400000| Untracked 
| 149|0x00000000a9500000, 0x00000000a9600000, 0x00000000a9600000|100%| O|  |TAMS 0x00000000a9600000, 0x00000000a9500000| Untracked 
| 150|0x00000000a9600000, 0x00000000a9700000, 0x00000000a9700000|100%| O|  |TAMS 0x00000000a9700000, 0x00000000a9600000| Untracked 
| 151|0x00000000a9700000, 0x00000000a9800000, 0x00000000a9800000|100%| O|  |TAMS 0x00000000a9800000, 0x00000000a9700000| Untracked 
| 152|0x00000000a9800000, 0x00000000a9900000, 0x00000000a9900000|100%| O|  |TAMS 0x00000000a9900000, 0x00000000a9800000| Untracked 
| 153|0x00000000a9900000, 0x00000000a9a00000, 0x00000000a9a00000|100%| O|  |TAMS 0x00000000a9a00000, 0x00000000a9900000| Untracked 
| 154|0x00000000a9a00000, 0x00000000a9b00000, 0x00000000a9b00000|100%| O|  |TAMS 0x00000000a9b00000, 0x00000000a9a00000| Untracked 
| 155|0x00000000a9b00000, 0x00000000a9c00000, 0x00000000a9c00000|100%| O|  |TAMS 0x00000000a9c00000, 0x00000000a9b00000| Untracked 
| 156|0x00000000a9c00000, 0x00000000a9d00000, 0x00000000a9d00000|100%| O|  |TAMS 0x00000000a9d00000, 0x00000000a9c00000| Untracked 
| 157|0x00000000a9d00000, 0x00000000a9d00000, 0x00000000a9e00000|  0%| F|  |TAMS 0x00000000a9d00000, 0x00000000a9d00000| Untracked 
| 158|0x00000000a9e00000, 0x00000000a9f00000, 0x00000000a9f00000|100%| O|  |TAMS 0x00000000a9f00000, 0x00000000a9e00000| Untracked 
| 159|0x00000000a9f00000, 0x00000000aa000000, 0x00000000aa000000|100%| O|  |TAMS 0x00000000aa000000, 0x00000000a9f00000| Untracked 
| 160|0x00000000aa000000, 0x00000000aa100000, 0x00000000aa100000|100%| O|  |TAMS 0x00000000aa100000, 0x00000000aa000000| Untracked 
| 161|0x00000000aa100000, 0x00000000aa100000, 0x00000000aa200000|  0%| F|  |TAMS 0x00000000aa100000, 0x00000000aa100000| Untracked 
| 162|0x00000000aa200000, 0x00000000aa200000, 0x00000000aa300000|  0%| F|  |TAMS 0x00000000aa200000, 0x00000000aa200000| Untracked 
| 163|0x00000000aa300000, 0x00000000aa400000, 0x00000000aa400000|100%| O|  |TAMS 0x00000000aa400000, 0x00000000aa300000| Untracked 
| 164|0x00000000aa400000, 0x00000000aa500000, 0x00000000aa500000|100%| O|  |TAMS 0x00000000aa500000, 0x00000000aa400000| Untracked 
| 165|0x00000000aa500000, 0x00000000aa600000, 0x00000000aa600000|100%|HS|  |TAMS 0x00000000aa600000, 0x00000000aa500000| Complete 
| 166|0x00000000aa600000, 0x00000000aa700000, 0x00000000aa700000|100%|HS|  |TAMS 0x00000000aa700000, 0x00000000aa600000| Complete 
| 167|0x00000000aa700000, 0x00000000aa800000, 0x00000000aa800000|100%| O|  |TAMS 0x00000000aa800000, 0x00000000aa700000| Untracked 
| 168|0x00000000aa800000, 0x00000000aa900000, 0x00000000aa900000|100%|HS|  |TAMS 0x00000000aa900000, 0x00000000aa800000| Complete 
| 169|0x00000000aa900000, 0x00000000aaa00000, 0x00000000aaa00000|100%|HC|  |TAMS 0x00000000aaa00000, 0x00000000aa900000| Complete 
| 170|0x00000000aaa00000, 0x00000000aab00000, 0x00000000aab00000|100%| O|  |TAMS 0x00000000aab00000, 0x00000000aaa00000| Untracked 
| 171|0x00000000aab00000, 0x00000000aac00000, 0x00000000aac00000|100%| O|  |TAMS 0x00000000aac00000, 0x00000000aab00000| Untracked 
| 172|0x00000000aac00000, 0x00000000aad00000, 0x00000000aad00000|100%| O|  |TAMS 0x00000000aad00000, 0x00000000aac00000| Untracked 
| 173|0x00000000aad00000, 0x00000000aad00000, 0x00000000aae00000|  0%| F|  |TAMS 0x00000000aad00000, 0x00000000aad00000| Untracked 
| 174|0x00000000aae00000, 0x00000000aaf00000, 0x00000000aaf00000|100%| O|  |TAMS 0x00000000aaf00000, 0x00000000aae00000| Untracked 
| 175|0x00000000aaf00000, 0x00000000ab000000, 0x00000000ab000000|100%| O|  |TAMS 0x00000000ab000000, 0x00000000aaf00000| Untracked 
| 176|0x00000000ab000000, 0x00000000ab100000, 0x00000000ab100000|100%| O|  |TAMS 0x00000000ab100000, 0x00000000ab000000| Untracked 
| 177|0x00000000ab100000, 0x00000000ab200000, 0x00000000ab200000|100%| O|  |TAMS 0x00000000ab200000, 0x00000000ab100000| Untracked 
| 178|0x00000000ab200000, 0x00000000ab300000, 0x00000000ab300000|100%| O|  |TAMS 0x00000000ab300000, 0x00000000ab200000| Untracked 
| 179|0x00000000ab300000, 0x00000000ab400000, 0x00000000ab400000|100%| O|  |TAMS 0x00000000ab400000, 0x00000000ab300000| Untracked 
| 180|0x00000000ab400000, 0x00000000ab500000, 0x00000000ab500000|100%| O|  |TAMS 0x00000000ab500000, 0x00000000ab400000| Untracked 
| 181|0x00000000ab500000, 0x00000000ab600000, 0x00000000ab600000|100%| O|  |TAMS 0x00000000ab600000, 0x00000000ab500000| Untracked 
| 182|0x00000000ab600000, 0x00000000ab700000, 0x00000000ab700000|100%| O|  |TAMS 0x00000000ab700000, 0x00000000ab600000| Untracked 
| 183|0x00000000ab700000, 0x00000000ab800000, 0x00000000ab800000|100%| O|  |TAMS 0x00000000ab800000, 0x00000000ab700000| Untracked 
| 184|0x00000000ab800000, 0x00000000ab900000, 0x00000000ab900000|100%| O|  |TAMS 0x00000000ab900000, 0x00000000ab800000| Untracked 
| 185|0x00000000ab900000, 0x00000000aba00000, 0x00000000aba00000|100%| O|  |TAMS 0x00000000aba00000, 0x00000000ab900000| Untracked 
| 186|0x00000000aba00000, 0x00000000abb00000, 0x00000000abb00000|100%| O|  |TAMS 0x00000000abb00000, 0x00000000aba00000| Untracked 
| 187|0x00000000abb00000, 0x00000000abc00000, 0x00000000abc00000|100%| O|  |TAMS 0x00000000abc00000, 0x00000000abb00000| Untracked 
| 188|0x00000000abc00000, 0x00000000abd00000, 0x00000000abd00000|100%| O|  |TAMS 0x00000000abd00000, 0x00000000abc00000| Untracked 
| 189|0x00000000abd00000, 0x00000000abe00000, 0x00000000abe00000|100%| O|  |TAMS 0x00000000abe00000, 0x00000000abd00000| Untracked 
| 190|0x00000000abe00000, 0x00000000abf00000, 0x00000000abf00000|100%| O|  |TAMS 0x00000000abf00000, 0x00000000abe00000| Untracked 
| 191|0x00000000abf00000, 0x00000000ac000000, 0x00000000ac000000|100%| O|  |TAMS 0x00000000ac000000, 0x00000000abf00000| Untracked 
| 192|0x00000000ac000000, 0x00000000ac100000, 0x00000000ac100000|100%| O|  |TAMS 0x00000000ac100000, 0x00000000ac000000| Untracked 
| 193|0x00000000ac100000, 0x00000000ac200000, 0x00000000ac200000|100%| O|  |TAMS 0x00000000ac200000, 0x00000000ac100000| Untracked 
| 194|0x00000000ac200000, 0x00000000ac300000, 0x00000000ac300000|100%| O|  |TAMS 0x00000000ac300000, 0x00000000ac200000| Untracked 
| 195|0x00000000ac300000, 0x00000000ac400000, 0x00000000ac400000|100%| O|  |TAMS 0x00000000ac400000, 0x00000000ac300000| Untracked 
| 196|0x00000000ac400000, 0x00000000ac500000, 0x00000000ac500000|100%| O|  |TAMS 0x00000000ac500000, 0x00000000ac400000| Untracked 
| 197|0x00000000ac500000, 0x00000000ac600000, 0x00000000ac600000|100%| O|  |TAMS 0x00000000ac600000, 0x00000000ac500000| Untracked 
| 198|0x00000000ac600000, 0x00000000ac700000, 0x00000000ac700000|100%| O|  |TAMS 0x00000000ac700000, 0x00000000ac600000| Untracked 
| 199|0x00000000ac700000, 0x00000000ac800000, 0x00000000ac800000|100%| O|  |TAMS 0x00000000ac800000, 0x00000000ac700000| Untracked 
| 200|0x00000000ac800000, 0x00000000ac900000, 0x00000000ac900000|100%| O|  |TAMS 0x00000000ac900000, 0x00000000ac800000| Untracked 
| 201|0x00000000ac900000, 0x00000000aca00000, 0x00000000aca00000|100%| O|  |TAMS 0x00000000aca00000, 0x00000000ac900000| Untracked 
| 202|0x00000000aca00000, 0x00000000aca00000, 0x00000000acb00000|  0%| F|  |TAMS 0x00000000aca00000, 0x00000000aca00000| Untracked 
| 203|0x00000000acb00000, 0x00000000acc00000, 0x00000000acc00000|100%| O|  |TAMS 0x00000000acc00000, 0x00000000acb00000| Untracked 
| 204|0x00000000acc00000, 0x00000000acd00000, 0x00000000acd00000|100%| O|  |TAMS 0x00000000acd00000, 0x00000000acc00000| Untracked 
| 205|0x00000000acd00000, 0x00000000ace00000, 0x00000000ace00000|100%| O|  |TAMS 0x00000000ace00000, 0x00000000acd00000| Untracked 
| 206|0x00000000ace00000, 0x00000000acf00000, 0x00000000acf00000|100%| O|  |TAMS 0x00000000acf00000, 0x00000000ace00000| Untracked 
| 207|0x00000000acf00000, 0x00000000ad000000, 0x00000000ad000000|100%| O|  |TAMS 0x00000000ad000000, 0x00000000acf00000| Untracked 
| 208|0x00000000ad000000, 0x00000000ad100000, 0x00000000ad100000|100%| O|  |TAMS 0x00000000ad100000, 0x00000000ad000000| Untracked 
| 209|0x00000000ad100000, 0x00000000ad200000, 0x00000000ad200000|100%| O|  |TAMS 0x00000000ad200000, 0x00000000ad100000| Untracked 
| 210|0x00000000ad200000, 0x00000000ad300000, 0x00000000ad300000|100%| O|  |TAMS 0x00000000ad300000, 0x00000000ad200000| Untracked 
| 211|0x00000000ad300000, 0x00000000ad400000, 0x00000000ad400000|100%| O|  |TAMS 0x00000000ad400000, 0x00000000ad300000| Untracked 
| 212|0x00000000ad400000, 0x00000000ad500000, 0x00000000ad500000|100%| O|  |TAMS 0x00000000ad468e00, 0x00000000ad400000| Untracked 
| 213|0x00000000ad500000, 0x00000000ad600000, 0x00000000ad600000|100%| O|  |TAMS 0x00000000ad500000, 0x00000000ad500000| Untracked 
| 214|0x00000000ad600000, 0x00000000ad700000, 0x00000000ad700000|100%| O|  |TAMS 0x00000000ad600000, 0x00000000ad600000| Untracked 
| 215|0x00000000ad700000, 0x00000000ad800000, 0x00000000ad800000|100%| O|  |TAMS 0x00000000ad700000, 0x00000000ad700000| Untracked 
| 216|0x00000000ad800000, 0x00000000ad900000, 0x00000000ad900000|100%| O|  |TAMS 0x00000000ad800000, 0x00000000ad800000| Untracked 
| 217|0x00000000ad900000, 0x00000000ada00000, 0x00000000ada00000|100%| O|  |TAMS 0x00000000ad900000, 0x00000000ad900000| Untracked 
| 218|0x00000000ada00000, 0x00000000adb00000, 0x00000000adb00000|100%| O|  |TAMS 0x00000000ada00000, 0x00000000ada00000| Untracked 
| 219|0x00000000adb00000, 0x00000000adc00000, 0x00000000adc00000|100%| O|  |TAMS 0x00000000adb00000, 0x00000000adb00000| Untracked 
| 220|0x00000000adc00000, 0x00000000add00000, 0x00000000add00000|100%| O|  |TAMS 0x00000000adc00000, 0x00000000adc00000| Untracked 
| 221|0x00000000add00000, 0x00000000ade00000, 0x00000000ade00000|100%| O|  |TAMS 0x00000000add00000, 0x00000000add00000| Untracked 
| 222|0x00000000ade00000, 0x00000000ade68800, 0x00000000adf00000| 40%| O|  |TAMS 0x00000000ade00000, 0x00000000ade00000| Untracked 
| 223|0x00000000adf00000, 0x00000000adf00000, 0x00000000ae000000|  0%| F|  |TAMS 0x00000000adf00000, 0x00000000adf00000| Untracked 
| 224|0x00000000ae000000, 0x00000000ae000000, 0x00000000ae100000|  0%| F|  |TAMS 0x00000000ae000000, 0x00000000ae000000| Untracked 
| 225|0x00000000ae100000, 0x00000000ae100000, 0x00000000ae200000|  0%| F|  |TAMS 0x00000000ae100000, 0x00000000ae100000| Untracked 
| 226|0x00000000ae200000, 0x00000000ae200000, 0x00000000ae300000|  0%| F|  |TAMS 0x00000000ae200000, 0x00000000ae200000| Untracked 
| 227|0x00000000ae300000, 0x00000000ae300000, 0x00000000ae400000|  0%| F|  |TAMS 0x00000000ae300000, 0x00000000ae300000| Untracked 
| 228|0x00000000ae400000, 0x00000000ae400000, 0x00000000ae500000|  0%| F|  |TAMS 0x00000000ae400000, 0x00000000ae400000| Untracked 
| 229|0x00000000ae500000, 0x00000000ae500000, 0x00000000ae600000|  0%| F|  |TAMS 0x00000000ae500000, 0x00000000ae500000| Untracked 
| 230|0x00000000ae600000, 0x00000000ae600000, 0x00000000ae700000|  0%| F|  |TAMS 0x00000000ae600000, 0x00000000ae600000| Untracked 
| 231|0x00000000ae700000, 0x00000000ae700000, 0x00000000ae800000|  0%| F|  |TAMS 0x00000000ae700000, 0x00000000ae700000| Untracked 
| 232|0x00000000ae800000, 0x00000000ae800000, 0x00000000ae900000|  0%| F|  |TAMS 0x00000000ae800000, 0x00000000ae800000| Untracked 
| 233|0x00000000ae900000, 0x00000000ae900000, 0x00000000aea00000|  0%| F|  |TAMS 0x00000000ae900000, 0x00000000ae900000| Untracked 
| 234|0x00000000aea00000, 0x00000000aea00000, 0x00000000aeb00000|  0%| F|  |TAMS 0x00000000aea00000, 0x00000000aea00000| Untracked 
| 235|0x00000000aeb00000, 0x00000000aeb00000, 0x00000000aec00000|  0%| F|  |TAMS 0x00000000aeb00000, 0x00000000aeb00000| Untracked 
| 236|0x00000000aec00000, 0x00000000aec00000, 0x00000000aed00000|  0%| F|  |TAMS 0x00000000aec00000, 0x00000000aec00000| Untracked 
| 237|0x00000000aed00000, 0x00000000aed00000, 0x00000000aee00000|  0%| F|  |TAMS 0x00000000aed00000, 0x00000000aed00000| Untracked 
| 238|0x00000000aee00000, 0x00000000aee00000, 0x00000000aef00000|  0%| F|  |TAMS 0x00000000aee00000, 0x00000000aee00000| Untracked 
| 239|0x00000000aef00000, 0x00000000aef00000, 0x00000000af000000|  0%| F|  |TAMS 0x00000000aef00000, 0x00000000aef00000| Untracked 
| 240|0x00000000af000000, 0x00000000af000000, 0x00000000af100000|  0%| F|  |TAMS 0x00000000af000000, 0x00000000af000000| Untracked 
| 241|0x00000000af100000, 0x00000000af100000, 0x00000000af200000|  0%| F|  |TAMS 0x00000000af100000, 0x00000000af100000| Untracked 
| 242|0x00000000af200000, 0x00000000af200000, 0x00000000af300000|  0%| F|  |TAMS 0x00000000af200000, 0x00000000af200000| Untracked 
| 243|0x00000000af300000, 0x00000000af300000, 0x00000000af400000|  0%| F|  |TAMS 0x00000000af300000, 0x00000000af300000| Untracked 
| 244|0x00000000af400000, 0x00000000af400000, 0x00000000af500000|  0%| F|  |TAMS 0x00000000af400000, 0x00000000af400000| Untracked 
| 245|0x00000000af500000, 0x00000000af500000, 0x00000000af600000|  0%| F|  |TAMS 0x00000000af500000, 0x00000000af500000| Untracked 
| 246|0x00000000af600000, 0x00000000af600000, 0x00000000af700000|  0%| F|  |TAMS 0x00000000af600000, 0x00000000af600000| Untracked 
| 247|0x00000000af700000, 0x00000000af700000, 0x00000000af800000|  0%| F|  |TAMS 0x00000000af700000, 0x00000000af700000| Untracked 
| 248|0x00000000af800000, 0x00000000af800000, 0x00000000af900000|  0%| F|  |TAMS 0x00000000af800000, 0x00000000af800000| Untracked 
| 249|0x00000000af900000, 0x00000000af900000, 0x00000000afa00000|  0%| F|  |TAMS 0x00000000af900000, 0x00000000af900000| Untracked 
| 250|0x00000000afa00000, 0x00000000afa00000, 0x00000000afb00000|  0%| F|  |TAMS 0x00000000afa00000, 0x00000000afa00000| Untracked 
| 251|0x00000000afb00000, 0x00000000afb00000, 0x00000000afc00000|  0%| F|  |TAMS 0x00000000afb00000, 0x00000000afb00000| Untracked 
| 252|0x00000000afc00000, 0x00000000afc00000, 0x00000000afd00000|  0%| F|  |TAMS 0x00000000afc00000, 0x00000000afc00000| Untracked 
| 253|0x00000000afd00000, 0x00000000afd00000, 0x00000000afe00000|  0%| F|  |TAMS 0x00000000afd00000, 0x00000000afd00000| Untracked 
| 254|0x00000000afe00000, 0x00000000afe00000, 0x00000000aff00000|  0%| F|  |TAMS 0x00000000afe00000, 0x00000000afe00000| Untracked 
| 255|0x00000000aff00000, 0x00000000aff00000, 0x00000000b0000000|  0%| F|  |TAMS 0x00000000aff00000, 0x00000000aff00000| Untracked 
| 256|0x00000000b0000000, 0x00000000b0000000, 0x00000000b0100000|  0%| F|  |TAMS 0x00000000b0000000, 0x00000000b0000000| Untracked 
| 257|0x00000000b0100000, 0x00000000b0100000, 0x00000000b0200000|  0%| F|  |TAMS 0x00000000b0100000, 0x00000000b0100000| Untracked 
| 258|0x00000000b0200000, 0x00000000b0200000, 0x00000000b0300000|  0%| F|  |TAMS 0x00000000b0200000, 0x00000000b0200000| Untracked 
| 259|0x00000000b0300000, 0x00000000b0300000, 0x00000000b0400000|  0%| F|  |TAMS 0x00000000b0300000, 0x00000000b0300000| Untracked 
| 260|0x00000000b0400000, 0x00000000b0400000, 0x00000000b0500000|  0%| F|  |TAMS 0x00000000b0400000, 0x00000000b0400000| Untracked 
| 261|0x00000000b0500000, 0x00000000b0500000, 0x00000000b0600000|  0%| F|  |TAMS 0x00000000b0500000, 0x00000000b0500000| Untracked 
| 262|0x00000000b0600000, 0x00000000b0600000, 0x00000000b0700000|  0%| F|  |TAMS 0x00000000b0600000, 0x00000000b0600000| Untracked 
| 263|0x00000000b0700000, 0x00000000b0700000, 0x00000000b0800000|  0%| F|  |TAMS 0x00000000b0700000, 0x00000000b0700000| Untracked 
| 264|0x00000000b0800000, 0x00000000b0800000, 0x00000000b0900000|  0%| F|  |TAMS 0x00000000b0800000, 0x00000000b0800000| Untracked 
| 265|0x00000000b0900000, 0x00000000b0900000, 0x00000000b0a00000|  0%| F|  |TAMS 0x00000000b0900000, 0x00000000b0900000| Untracked 
| 266|0x00000000b0a00000, 0x00000000b0a00000, 0x00000000b0b00000|  0%| F|  |TAMS 0x00000000b0a00000, 0x00000000b0a00000| Untracked 
| 267|0x00000000b0b00000, 0x00000000b0b00000, 0x00000000b0c00000|  0%| F|  |TAMS 0x00000000b0b00000, 0x00000000b0b00000| Untracked 
| 268|0x00000000b0c00000, 0x00000000b0c00000, 0x00000000b0d00000|  0%| F|  |TAMS 0x00000000b0c00000, 0x00000000b0c00000| Untracked 
| 269|0x00000000b0d00000, 0x00000000b0d00000, 0x00000000b0e00000|  0%| F|  |TAMS 0x00000000b0d00000, 0x00000000b0d00000| Untracked 
| 270|0x00000000b0e00000, 0x00000000b0e00000, 0x00000000b0f00000|  0%| F|  |TAMS 0x00000000b0e00000, 0x00000000b0e00000| Untracked 
| 271|0x00000000b0f00000, 0x00000000b0f00000, 0x00000000b1000000|  0%| F|  |TAMS 0x00000000b0f00000, 0x00000000b0f00000| Untracked 
| 272|0x00000000b1000000, 0x00000000b1000000, 0x00000000b1100000|  0%| F|  |TAMS 0x00000000b1000000, 0x00000000b1000000| Untracked 
| 273|0x00000000b1100000, 0x00000000b1100000, 0x00000000b1200000|  0%| F|  |TAMS 0x00000000b1100000, 0x00000000b1100000| Untracked 
| 274|0x00000000b1200000, 0x00000000b1200000, 0x00000000b1300000|  0%| F|  |TAMS 0x00000000b1200000, 0x00000000b1200000| Untracked 
| 275|0x00000000b1300000, 0x00000000b1300000, 0x00000000b1400000|  0%| F|  |TAMS 0x00000000b1300000, 0x00000000b1300000| Untracked 
| 276|0x00000000b1400000, 0x00000000b1400000, 0x00000000b1500000|  0%| F|  |TAMS 0x00000000b1400000, 0x00000000b1400000| Untracked 
| 277|0x00000000b1500000, 0x00000000b1500000, 0x00000000b1600000|  0%| F|  |TAMS 0x00000000b1500000, 0x00000000b1500000| Untracked 
| 278|0x00000000b1600000, 0x00000000b1600000, 0x00000000b1700000|  0%| F|  |TAMS 0x00000000b1600000, 0x00000000b1600000| Untracked 
| 279|0x00000000b1700000, 0x00000000b1700000, 0x00000000b1800000|  0%| F|  |TAMS 0x00000000b1700000, 0x00000000b1700000| Untracked 
| 280|0x00000000b1800000, 0x00000000b1800000, 0x00000000b1900000|  0%| F|  |TAMS 0x00000000b1800000, 0x00000000b1800000| Untracked 
| 281|0x00000000b1900000, 0x00000000b1900000, 0x00000000b1a00000|  0%| F|  |TAMS 0x00000000b1900000, 0x00000000b1900000| Untracked 
| 282|0x00000000b1a00000, 0x00000000b1a00000, 0x00000000b1b00000|  0%| F|  |TAMS 0x00000000b1a00000, 0x00000000b1a00000| Untracked 
| 283|0x00000000b1b00000, 0x00000000b1b00000, 0x00000000b1c00000|  0%| F|  |TAMS 0x00000000b1b00000, 0x00000000b1b00000| Untracked 
| 284|0x00000000b1c00000, 0x00000000b1c00000, 0x00000000b1d00000|  0%| F|  |TAMS 0x00000000b1c00000, 0x00000000b1c00000| Untracked 
| 285|0x00000000b1d00000, 0x00000000b1d00000, 0x00000000b1e00000|  0%| F|  |TAMS 0x00000000b1d00000, 0x00000000b1d00000| Untracked 
| 286|0x00000000b1e00000, 0x00000000b1e00000, 0x00000000b1f00000|  0%| F|  |TAMS 0x00000000b1e00000, 0x00000000b1e00000| Untracked 
| 287|0x00000000b1f00000, 0x00000000b1f00000, 0x00000000b2000000|  0%| F|  |TAMS 0x00000000b1f00000, 0x00000000b1f00000| Untracked 
| 288|0x00000000b2000000, 0x00000000b2000000, 0x00000000b2100000|  0%| F|  |TAMS 0x00000000b2000000, 0x00000000b2000000| Untracked 
| 289|0x00000000b2100000, 0x00000000b2100000, 0x00000000b2200000|  0%| F|  |TAMS 0x00000000b2100000, 0x00000000b2100000| Untracked 
| 290|0x00000000b2200000, 0x00000000b2200000, 0x00000000b2300000|  0%| F|  |TAMS 0x00000000b2200000, 0x00000000b2200000| Untracked 
| 291|0x00000000b2300000, 0x00000000b2300000, 0x00000000b2400000|  0%| F|  |TAMS 0x00000000b2300000, 0x00000000b2300000| Untracked 
| 292|0x00000000b2400000, 0x00000000b2400000, 0x00000000b2500000|  0%| F|  |TAMS 0x00000000b2400000, 0x00000000b2400000| Untracked 
| 293|0x00000000b2500000, 0x00000000b2500000, 0x00000000b2600000|  0%| F|  |TAMS 0x00000000b2500000, 0x00000000b2500000| Untracked 
| 294|0x00000000b2600000, 0x00000000b2600000, 0x00000000b2700000|  0%| F|  |TAMS 0x00000000b2600000, 0x00000000b2600000| Untracked 
| 295|0x00000000b2700000, 0x00000000b2700000, 0x00000000b2800000|  0%| F|  |TAMS 0x00000000b2700000, 0x00000000b2700000| Untracked 
| 296|0x00000000b2800000, 0x00000000b2800000, 0x00000000b2900000|  0%| F|  |TAMS 0x00000000b2800000, 0x00000000b2800000| Untracked 
| 297|0x00000000b2900000, 0x00000000b2900000, 0x00000000b2a00000|  0%| F|  |TAMS 0x00000000b2900000, 0x00000000b2900000| Untracked 
| 298|0x00000000b2a00000, 0x00000000b2a00000, 0x00000000b2b00000|  0%| F|  |TAMS 0x00000000b2a00000, 0x00000000b2a00000| Untracked 
| 299|0x00000000b2b00000, 0x00000000b2b00000, 0x00000000b2c00000|  0%| F|  |TAMS 0x00000000b2b00000, 0x00000000b2b00000| Untracked 
| 300|0x00000000b2c00000, 0x00000000b2c00000, 0x00000000b2d00000|  0%| F|  |TAMS 0x00000000b2c00000, 0x00000000b2c00000| Untracked 
| 301|0x00000000b2d00000, 0x00000000b2d00000, 0x00000000b2e00000|  0%| F|  |TAMS 0x00000000b2d00000, 0x00000000b2d00000| Untracked 
| 302|0x00000000b2e00000, 0x00000000b2e00000, 0x00000000b2f00000|  0%| F|  |TAMS 0x00000000b2e00000, 0x00000000b2e00000| Untracked 
| 303|0x00000000b2f00000, 0x00000000b2f00000, 0x00000000b3000000|  0%| F|  |TAMS 0x00000000b2f00000, 0x00000000b2f00000| Untracked 
| 304|0x00000000b3000000, 0x00000000b3000000, 0x00000000b3100000|  0%| F|  |TAMS 0x00000000b3000000, 0x00000000b3000000| Untracked 
| 305|0x00000000b3100000, 0x00000000b3100000, 0x00000000b3200000|  0%| F|  |TAMS 0x00000000b3100000, 0x00000000b3100000| Untracked 
| 306|0x00000000b3200000, 0x00000000b3200000, 0x00000000b3300000|  0%| F|  |TAMS 0x00000000b3200000, 0x00000000b3200000| Untracked 
| 307|0x00000000b3300000, 0x00000000b3300000, 0x00000000b3400000|  0%| F|  |TAMS 0x00000000b3300000, 0x00000000b3300000| Untracked 
| 308|0x00000000b3400000, 0x00000000b3400000, 0x00000000b3500000|  0%| F|  |TAMS 0x00000000b3400000, 0x00000000b3400000| Untracked 
| 309|0x00000000b3500000, 0x00000000b3500000, 0x00000000b3600000|  0%| F|  |TAMS 0x00000000b3500000, 0x00000000b3500000| Untracked 
| 310|0x00000000b3600000, 0x00000000b3600000, 0x00000000b3700000|  0%| F|  |TAMS 0x00000000b3600000, 0x00000000b3600000| Untracked 
| 311|0x00000000b3700000, 0x00000000b3700000, 0x00000000b3800000|  0%| F|  |TAMS 0x00000000b3700000, 0x00000000b3700000| Untracked 
| 312|0x00000000b3800000, 0x00000000b3800000, 0x00000000b3900000|  0%| F|  |TAMS 0x00000000b3800000, 0x00000000b3800000| Untracked 
| 313|0x00000000b3900000, 0x00000000b3900000, 0x00000000b3a00000|  0%| F|  |TAMS 0x00000000b3900000, 0x00000000b3900000| Untracked 
| 314|0x00000000b3a00000, 0x00000000b3a00000, 0x00000000b3b00000|  0%| F|  |TAMS 0x00000000b3a00000, 0x00000000b3a00000| Untracked 
| 315|0x00000000b3b00000, 0x00000000b3b00000, 0x00000000b3c00000|  0%| F|  |TAMS 0x00000000b3b00000, 0x00000000b3b00000| Untracked 
| 316|0x00000000b3c00000, 0x00000000b3c00000, 0x00000000b3d00000|  0%| F|  |TAMS 0x00000000b3c00000, 0x00000000b3c00000| Untracked 
| 317|0x00000000b3d00000, 0x00000000b3d00000, 0x00000000b3e00000|  0%| F|  |TAMS 0x00000000b3d00000, 0x00000000b3d00000| Untracked 
| 318|0x00000000b3e00000, 0x00000000b3e00000, 0x00000000b3f00000|  0%| F|  |TAMS 0x00000000b3e00000, 0x00000000b3e00000| Untracked 
| 319|0x00000000b3f00000, 0x00000000b3f00000, 0x00000000b4000000|  0%| F|  |TAMS 0x00000000b3f00000, 0x00000000b3f00000| Untracked 
| 320|0x00000000b4000000, 0x00000000b4000000, 0x00000000b4100000|  0%| F|  |TAMS 0x00000000b4000000, 0x00000000b4000000| Untracked 
| 321|0x00000000b4100000, 0x00000000b4100000, 0x00000000b4200000|  0%| F|  |TAMS 0x00000000b4100000, 0x00000000b4100000| Untracked 
| 322|0x00000000b4200000, 0x00000000b4200000, 0x00000000b4300000|  0%| F|  |TAMS 0x00000000b4200000, 0x00000000b4200000| Untracked 
| 323|0x00000000b4300000, 0x00000000b4300000, 0x00000000b4400000|  0%| F|  |TAMS 0x00000000b4300000, 0x00000000b4300000| Untracked 
| 324|0x00000000b4400000, 0x00000000b4400000, 0x00000000b4500000|  0%| F|  |TAMS 0x00000000b4400000, 0x00000000b4400000| Untracked 
| 325|0x00000000b4500000, 0x00000000b4500000, 0x00000000b4600000|  0%| F|  |TAMS 0x00000000b4500000, 0x00000000b4500000| Untracked 
| 326|0x00000000b4600000, 0x00000000b4600000, 0x00000000b4700000|  0%| F|  |TAMS 0x00000000b4600000, 0x00000000b4600000| Untracked 
| 327|0x00000000b4700000, 0x00000000b4700000, 0x00000000b4800000|  0%| F|  |TAMS 0x00000000b4700000, 0x00000000b4700000| Untracked 
| 328|0x00000000b4800000, 0x00000000b4800000, 0x00000000b4900000|  0%| F|  |TAMS 0x00000000b4800000, 0x00000000b4800000| Untracked 
| 329|0x00000000b4900000, 0x00000000b4900000, 0x00000000b4a00000|  0%| F|  |TAMS 0x00000000b4900000, 0x00000000b4900000| Untracked 
| 330|0x00000000b4a00000, 0x00000000b4a00000, 0x00000000b4b00000|  0%| F|  |TAMS 0x00000000b4a00000, 0x00000000b4a00000| Untracked 
| 331|0x00000000b4b00000, 0x00000000b4b00000, 0x00000000b4c00000|  0%| F|  |TAMS 0x00000000b4b00000, 0x00000000b4b00000| Untracked 
| 332|0x00000000b4c00000, 0x00000000b4c00000, 0x00000000b4d00000|  0%| F|  |TAMS 0x00000000b4c00000, 0x00000000b4c00000| Untracked 
| 333|0x00000000b4d00000, 0x00000000b4d00000, 0x00000000b4e00000|  0%| F|  |TAMS 0x00000000b4d00000, 0x00000000b4d00000| Untracked 
| 334|0x00000000b4e00000, 0x00000000b4e00000, 0x00000000b4f00000|  0%| F|  |TAMS 0x00000000b4e00000, 0x00000000b4e00000| Untracked 
| 335|0x00000000b4f00000, 0x00000000b4f00000, 0x00000000b5000000|  0%| F|  |TAMS 0x00000000b4f00000, 0x00000000b4f00000| Untracked 
| 336|0x00000000b5000000, 0x00000000b5000000, 0x00000000b5100000|  0%| F|  |TAMS 0x00000000b5000000, 0x00000000b5000000| Untracked 
| 337|0x00000000b5100000, 0x00000000b5100000, 0x00000000b5200000|  0%| F|  |TAMS 0x00000000b5100000, 0x00000000b5100000| Untracked 
| 338|0x00000000b5200000, 0x00000000b5200000, 0x00000000b5300000|  0%| F|  |TAMS 0x00000000b5200000, 0x00000000b5200000| Untracked 
| 339|0x00000000b5300000, 0x00000000b5300000, 0x00000000b5400000|  0%| F|  |TAMS 0x00000000b5300000, 0x00000000b5300000| Untracked 
| 340|0x00000000b5400000, 0x00000000b5400000, 0x00000000b5500000|  0%| F|  |TAMS 0x00000000b5400000, 0x00000000b5400000| Untracked 
| 341|0x00000000b5500000, 0x00000000b5500000, 0x00000000b5600000|  0%| F|  |TAMS 0x00000000b5500000, 0x00000000b5500000| Untracked 
| 342|0x00000000b5600000, 0x00000000b5600000, 0x00000000b5700000|  0%| F|  |TAMS 0x00000000b5600000, 0x00000000b5600000| Untracked 
| 343|0x00000000b5700000, 0x00000000b5700000, 0x00000000b5800000|  0%| F|  |TAMS 0x00000000b5700000, 0x00000000b5700000| Untracked 
| 344|0x00000000b5800000, 0x00000000b5800000, 0x00000000b5900000|  0%| F|  |TAMS 0x00000000b5800000, 0x00000000b5800000| Untracked 
| 345|0x00000000b5900000, 0x00000000b5900000, 0x00000000b5a00000|  0%| F|  |TAMS 0x00000000b5900000, 0x00000000b5900000| Untracked 
| 346|0x00000000b5a00000, 0x00000000b5a00000, 0x00000000b5b00000|  0%| F|  |TAMS 0x00000000b5a00000, 0x00000000b5a00000| Untracked 
| 347|0x00000000b5b00000, 0x00000000b5b00000, 0x00000000b5c00000|  0%| F|  |TAMS 0x00000000b5b00000, 0x00000000b5b00000| Untracked 
| 348|0x00000000b5c00000, 0x00000000b5c00000, 0x00000000b5d00000|  0%| F|  |TAMS 0x00000000b5c00000, 0x00000000b5c00000| Untracked 
| 349|0x00000000b5d00000, 0x00000000b5d00000, 0x00000000b5e00000|  0%| F|  |TAMS 0x00000000b5d00000, 0x00000000b5d00000| Untracked 
| 350|0x00000000b5e00000, 0x00000000b5e00000, 0x00000000b5f00000|  0%| F|  |TAMS 0x00000000b5e00000, 0x00000000b5e00000| Untracked 
| 351|0x00000000b5f00000, 0x00000000b5f00000, 0x00000000b6000000|  0%| F|  |TAMS 0x00000000b5f00000, 0x00000000b5f00000| Untracked 
| 352|0x00000000b6000000, 0x00000000b6000000, 0x00000000b6100000|  0%| F|  |TAMS 0x00000000b6000000, 0x00000000b6000000| Untracked 
| 353|0x00000000b6100000, 0x00000000b6100000, 0x00000000b6200000|  0%| F|  |TAMS 0x00000000b6100000, 0x00000000b6100000| Untracked 
| 354|0x00000000b6200000, 0x00000000b6200000, 0x00000000b6300000|  0%| F|  |TAMS 0x00000000b6200000, 0x00000000b6200000| Untracked 
| 355|0x00000000b6300000, 0x00000000b6300000, 0x00000000b6400000|  0%| F|  |TAMS 0x00000000b6300000, 0x00000000b6300000| Untracked 
| 356|0x00000000b6400000, 0x00000000b64ec208, 0x00000000b6500000| 92%| S|CS|TAMS 0x00000000b6400000, 0x00000000b6400000| Complete 
| 357|0x00000000b6500000, 0x00000000b6600000, 0x00000000b6600000|100%| S|CS|TAMS 0x00000000b6500000, 0x00000000b6500000| Complete 
| 358|0x00000000b6600000, 0x00000000b6700000, 0x00000000b6700000|100%| S|CS|TAMS 0x00000000b6600000, 0x00000000b6600000| Complete 
| 359|0x00000000b6700000, 0x00000000b6700000, 0x00000000b6800000|  0%| F|  |TAMS 0x00000000b6700000, 0x00000000b6700000| Untracked 
| 360|0x00000000b6800000, 0x00000000b6800000, 0x00000000b6900000|  0%| F|  |TAMS 0x00000000b6800000, 0x00000000b6800000| Untracked 
| 361|0x00000000b6900000, 0x00000000b6900000, 0x00000000b6a00000|  0%| F|  |TAMS 0x00000000b6900000, 0x00000000b6900000| Untracked 
| 362|0x00000000b6a00000, 0x00000000b6a00000, 0x00000000b6b00000|  0%| F|  |TAMS 0x00000000b6a00000, 0x00000000b6a00000| Untracked 
| 363|0x00000000b6b00000, 0x00000000b6b00000, 0x00000000b6c00000|  0%| F|  |TAMS 0x00000000b6b00000, 0x00000000b6b00000| Untracked 
| 364|0x00000000b6c00000, 0x00000000b6c00000, 0x00000000b6d00000|  0%| F|  |TAMS 0x00000000b6c00000, 0x00000000b6c00000| Untracked 
| 365|0x00000000b6d00000, 0x00000000b6d00000, 0x00000000b6e00000|  0%| F|  |TAMS 0x00000000b6d00000, 0x00000000b6d00000| Untracked 
| 366|0x00000000b6e00000, 0x00000000b6e00000, 0x00000000b6f00000|  0%| F|  |TAMS 0x00000000b6e00000, 0x00000000b6e00000| Untracked 
| 367|0x00000000b6f00000, 0x00000000b6f00000, 0x00000000b7000000|  0%| F|  |TAMS 0x00000000b6f00000, 0x00000000b6f00000| Untracked 
| 368|0x00000000b7000000, 0x00000000b7000000, 0x00000000b7100000|  0%| F|  |TAMS 0x00000000b7000000, 0x00000000b7000000| Untracked 
| 369|0x00000000b7100000, 0x00000000b7100000, 0x00000000b7200000|  0%| F|  |TAMS 0x00000000b7100000, 0x00000000b7100000| Untracked 
| 370|0x00000000b7200000, 0x00000000b7200000, 0x00000000b7300000|  0%| F|  |TAMS 0x00000000b7200000, 0x00000000b7200000| Untracked 
| 371|0x00000000b7300000, 0x00000000b7300000, 0x00000000b7400000|  0%| F|  |TAMS 0x00000000b7300000, 0x00000000b7300000| Untracked 
| 372|0x00000000b7400000, 0x00000000b7400000, 0x00000000b7500000|  0%| F|  |TAMS 0x00000000b7400000, 0x00000000b7400000| Untracked 
| 373|0x00000000b7500000, 0x00000000b7500000, 0x00000000b7600000|  0%| F|  |TAMS 0x00000000b7500000, 0x00000000b7500000| Untracked 
| 374|0x00000000b7600000, 0x00000000b7600000, 0x00000000b7700000|  0%| F|  |TAMS 0x00000000b7600000, 0x00000000b7600000| Untracked 
| 375|0x00000000b7700000, 0x00000000b7700000, 0x00000000b7800000|  0%| F|  |TAMS 0x00000000b7700000, 0x00000000b7700000| Untracked 
| 376|0x00000000b7800000, 0x00000000b7800000, 0x00000000b7900000|  0%| F|  |TAMS 0x00000000b7800000, 0x00000000b7800000| Untracked 
| 377|0x00000000b7900000, 0x00000000b7900000, 0x00000000b7a00000|  0%| F|  |TAMS 0x00000000b7900000, 0x00000000b7900000| Untracked 
| 378|0x00000000b7a00000, 0x00000000b7a00000, 0x00000000b7b00000|  0%| F|  |TAMS 0x00000000b7a00000, 0x00000000b7a00000| Untracked 
| 379|0x00000000b7b00000, 0x00000000b7b00000, 0x00000000b7c00000|  0%| F|  |TAMS 0x00000000b7b00000, 0x00000000b7b00000| Untracked 
| 380|0x00000000b7c00000, 0x00000000b7c00000, 0x00000000b7d00000|  0%| F|  |TAMS 0x00000000b7c00000, 0x00000000b7c00000| Untracked 
| 381|0x00000000b7d00000, 0x00000000b7d00000, 0x00000000b7e00000|  0%| F|  |TAMS 0x00000000b7d00000, 0x00000000b7d00000| Untracked 
| 382|0x00000000b7e00000, 0x00000000b7e00000, 0x00000000b7f00000|  0%| F|  |TAMS 0x00000000b7e00000, 0x00000000b7e00000| Untracked 
| 383|0x00000000b7f00000, 0x00000000b7f00000, 0x00000000b8000000|  0%| F|  |TAMS 0x00000000b7f00000, 0x00000000b7f00000| Untracked 
| 384|0x00000000b8000000, 0x00000000b8000000, 0x00000000b8100000|  0%| F|  |TAMS 0x00000000b8000000, 0x00000000b8000000| Untracked 
| 385|0x00000000b8100000, 0x00000000b8100000, 0x00000000b8200000|  0%| F|  |TAMS 0x00000000b8100000, 0x00000000b8100000| Untracked 
| 386|0x00000000b8200000, 0x00000000b8200000, 0x00000000b8300000|  0%| F|  |TAMS 0x00000000b8200000, 0x00000000b8200000| Untracked 
| 387|0x00000000b8300000, 0x00000000b8300000, 0x00000000b8400000|  0%| F|  |TAMS 0x00000000b8300000, 0x00000000b8300000| Untracked 
| 388|0x00000000b8400000, 0x00000000b8400000, 0x00000000b8500000|  0%| F|  |TAMS 0x00000000b8400000, 0x00000000b8400000| Untracked 
| 389|0x00000000b8500000, 0x00000000b8500000, 0x00000000b8600000|  0%| F|  |TAMS 0x00000000b8500000, 0x00000000b8500000| Untracked 
| 390|0x00000000b8600000, 0x00000000b8600000, 0x00000000b8700000|  0%| F|  |TAMS 0x00000000b8600000, 0x00000000b8600000| Untracked 
| 391|0x00000000b8700000, 0x00000000b8700000, 0x00000000b8800000|  0%| F|  |TAMS 0x00000000b8700000, 0x00000000b8700000| Untracked 
| 392|0x00000000b8800000, 0x00000000b8800000, 0x00000000b8900000|  0%| F|  |TAMS 0x00000000b8800000, 0x00000000b8800000| Untracked 
| 393|0x00000000b8900000, 0x00000000b8900000, 0x00000000b8a00000|  0%| F|  |TAMS 0x00000000b8900000, 0x00000000b8900000| Untracked 
| 394|0x00000000b8a00000, 0x00000000b8a00000, 0x00000000b8b00000|  0%| F|  |TAMS 0x00000000b8a00000, 0x00000000b8a00000| Untracked 
| 395|0x00000000b8b00000, 0x00000000b8b00000, 0x00000000b8c00000|  0%| F|  |TAMS 0x00000000b8b00000, 0x00000000b8b00000| Untracked 
| 396|0x00000000b8c00000, 0x00000000b8c00000, 0x00000000b8d00000|  0%| F|  |TAMS 0x00000000b8c00000, 0x00000000b8c00000| Untracked 
| 397|0x00000000b8d00000, 0x00000000b8d00000, 0x00000000b8e00000|  0%| F|  |TAMS 0x00000000b8d00000, 0x00000000b8d00000| Untracked 
| 398|0x00000000b8e00000, 0x00000000b8e00000, 0x00000000b8f00000|  0%| F|  |TAMS 0x00000000b8e00000, 0x00000000b8e00000| Untracked 
| 399|0x00000000b8f00000, 0x00000000b8f00000, 0x00000000b9000000|  0%| F|  |TAMS 0x00000000b8f00000, 0x00000000b8f00000| Untracked 
| 400|0x00000000b9000000, 0x00000000b9000000, 0x00000000b9100000|  0%| F|  |TAMS 0x00000000b9000000, 0x00000000b9000000| Untracked 
| 401|0x00000000b9100000, 0x00000000b9100000, 0x00000000b9200000|  0%| F|  |TAMS 0x00000000b9100000, 0x00000000b9100000| Untracked 
| 402|0x00000000b9200000, 0x00000000b9200000, 0x00000000b9300000|  0%| F|  |TAMS 0x00000000b9200000, 0x00000000b9200000| Untracked 
| 403|0x00000000b9300000, 0x00000000b9300000, 0x00000000b9400000|  0%| F|  |TAMS 0x00000000b9300000, 0x00000000b9300000| Untracked 
| 404|0x00000000b9400000, 0x00000000b9400000, 0x00000000b9500000|  0%| F|  |TAMS 0x00000000b9400000, 0x00000000b9400000| Untracked 
| 405|0x00000000b9500000, 0x00000000b9500000, 0x00000000b9600000|  0%| F|  |TAMS 0x00000000b9500000, 0x00000000b9500000| Untracked 
| 406|0x00000000b9600000, 0x00000000b9600000, 0x00000000b9700000|  0%| F|  |TAMS 0x00000000b9600000, 0x00000000b9600000| Untracked 
| 407|0x00000000b9700000, 0x00000000b9700000, 0x00000000b9800000|  0%| F|  |TAMS 0x00000000b9700000, 0x00000000b9700000| Untracked 
| 408|0x00000000b9800000, 0x00000000b9800000, 0x00000000b9900000|  0%| F|  |TAMS 0x00000000b9800000, 0x00000000b9800000| Untracked 
| 409|0x00000000b9900000, 0x00000000b9900000, 0x00000000b9a00000|  0%| F|  |TAMS 0x00000000b9900000, 0x00000000b9900000| Untracked 
| 410|0x00000000b9a00000, 0x00000000b9a00000, 0x00000000b9b00000|  0%| F|  |TAMS 0x00000000b9a00000, 0x00000000b9a00000| Untracked 
| 411|0x00000000b9b00000, 0x00000000b9b00000, 0x00000000b9c00000|  0%| F|  |TAMS 0x00000000b9b00000, 0x00000000b9b00000| Untracked 
| 412|0x00000000b9c00000, 0x00000000b9c00000, 0x00000000b9d00000|  0%| F|  |TAMS 0x00000000b9c00000, 0x00000000b9c00000| Untracked 
| 413|0x00000000b9d00000, 0x00000000b9d00000, 0x00000000b9e00000|  0%| F|  |TAMS 0x00000000b9d00000, 0x00000000b9d00000| Untracked 
| 414|0x00000000b9e00000, 0x00000000b9e00000, 0x00000000b9f00000|  0%| F|  |TAMS 0x00000000b9e00000, 0x00000000b9e00000| Untracked 
| 415|0x00000000b9f00000, 0x00000000b9f00000, 0x00000000ba000000|  0%| F|  |TAMS 0x00000000b9f00000, 0x00000000b9f00000| Untracked 
| 416|0x00000000ba000000, 0x00000000ba000000, 0x00000000ba100000|  0%| F|  |TAMS 0x00000000ba000000, 0x00000000ba000000| Untracked 
| 417|0x00000000ba100000, 0x00000000ba100000, 0x00000000ba200000|  0%| F|  |TAMS 0x00000000ba100000, 0x00000000ba100000| Untracked 
| 418|0x00000000ba200000, 0x00000000ba200000, 0x00000000ba300000|  0%| F|  |TAMS 0x00000000ba200000, 0x00000000ba200000| Untracked 
| 419|0x00000000ba300000, 0x00000000ba300000, 0x00000000ba400000|  0%| F|  |TAMS 0x00000000ba300000, 0x00000000ba300000| Untracked 
| 420|0x00000000ba400000, 0x00000000ba400000, 0x00000000ba500000|  0%| F|  |TAMS 0x00000000ba400000, 0x00000000ba400000| Untracked 
| 421|0x00000000ba500000, 0x00000000ba500000, 0x00000000ba600000|  0%| F|  |TAMS 0x00000000ba500000, 0x00000000ba500000| Untracked 
| 422|0x00000000ba600000, 0x00000000ba600000, 0x00000000ba700000|  0%| F|  |TAMS 0x00000000ba600000, 0x00000000ba600000| Untracked 
| 423|0x00000000ba700000, 0x00000000ba700000, 0x00000000ba800000|  0%| F|  |TAMS 0x00000000ba700000, 0x00000000ba700000| Untracked 
| 424|0x00000000ba800000, 0x00000000ba800000, 0x00000000ba900000|  0%| F|  |TAMS 0x00000000ba800000, 0x00000000ba800000| Untracked 
| 425|0x00000000ba900000, 0x00000000ba900000, 0x00000000baa00000|  0%| F|  |TAMS 0x00000000ba900000, 0x00000000ba900000| Untracked 
| 426|0x00000000baa00000, 0x00000000baa00000, 0x00000000bab00000|  0%| F|  |TAMS 0x00000000baa00000, 0x00000000baa00000| Untracked 
| 427|0x00000000bab00000, 0x00000000bab00000, 0x00000000bac00000|  0%| F|  |TAMS 0x00000000bab00000, 0x00000000bab00000| Untracked 
| 428|0x00000000bac00000, 0x00000000bac00000, 0x00000000bad00000|  0%| F|  |TAMS 0x00000000bac00000, 0x00000000bac00000| Untracked 
| 429|0x00000000bad00000, 0x00000000bad00000, 0x00000000bae00000|  0%| F|  |TAMS 0x00000000bad00000, 0x00000000bad00000| Untracked 
| 430|0x00000000bae00000, 0x00000000bae00000, 0x00000000baf00000|  0%| F|  |TAMS 0x00000000bae00000, 0x00000000bae00000| Untracked 
| 431|0x00000000baf00000, 0x00000000baf00000, 0x00000000bb000000|  0%| F|  |TAMS 0x00000000baf00000, 0x00000000baf00000| Untracked 
| 432|0x00000000bb000000, 0x00000000bb000000, 0x00000000bb100000|  0%| F|  |TAMS 0x00000000bb000000, 0x00000000bb000000| Untracked 
| 433|0x00000000bb100000, 0x00000000bb100000, 0x00000000bb200000|  0%| F|  |TAMS 0x00000000bb100000, 0x00000000bb100000| Untracked 
| 434|0x00000000bb200000, 0x00000000bb200000, 0x00000000bb300000|  0%| F|  |TAMS 0x00000000bb200000, 0x00000000bb200000| Untracked 
| 435|0x00000000bb300000, 0x00000000bb300000, 0x00000000bb400000|  0%| F|  |TAMS 0x00000000bb300000, 0x00000000bb300000| Untracked 
| 436|0x00000000bb400000, 0x00000000bb400000, 0x00000000bb500000|  0%| F|  |TAMS 0x00000000bb400000, 0x00000000bb400000| Untracked 
| 437|0x00000000bb500000, 0x00000000bb500000, 0x00000000bb600000|  0%| F|  |TAMS 0x00000000bb500000, 0x00000000bb500000| Untracked 
| 438|0x00000000bb600000, 0x00000000bb600000, 0x00000000bb700000|  0%| F|  |TAMS 0x00000000bb600000, 0x00000000bb600000| Untracked 
| 439|0x00000000bb700000, 0x00000000bb700000, 0x00000000bb800000|  0%| F|  |TAMS 0x00000000bb700000, 0x00000000bb700000| Untracked 
| 440|0x00000000bb800000, 0x00000000bb900000, 0x00000000bb900000|100%| E|  |TAMS 0x00000000bb800000, 0x00000000bb800000| Complete 
| 441|0x00000000bb900000, 0x00000000bba00000, 0x00000000bba00000|100%| E|CS|TAMS 0x00000000bb900000, 0x00000000bb900000| Complete 
| 442|0x00000000bba00000, 0x00000000bbb00000, 0x00000000bbb00000|100%| E|CS|TAMS 0x00000000bba00000, 0x00000000bba00000| Complete 
| 443|0x00000000bbb00000, 0x00000000bbc00000, 0x00000000bbc00000|100%| E|CS|TAMS 0x00000000bbb00000, 0x00000000bbb00000| Complete 
| 444|0x00000000bbc00000, 0x00000000bbd00000, 0x00000000bbd00000|100%| E|CS|TAMS 0x00000000bbc00000, 0x00000000bbc00000| Complete 
| 445|0x00000000bbd00000, 0x00000000bbe00000, 0x00000000bbe00000|100%| E|CS|TAMS 0x00000000bbd00000, 0x00000000bbd00000| Complete 
| 446|0x00000000bbe00000, 0x00000000bbf00000, 0x00000000bbf00000|100%| E|CS|TAMS 0x00000000bbe00000, 0x00000000bbe00000| Complete 
| 447|0x00000000bbf00000, 0x00000000bc000000, 0x00000000bc000000|100%| E|CS|TAMS 0x00000000bbf00000, 0x00000000bbf00000| Complete 
| 448|0x00000000bc000000, 0x00000000bc100000, 0x00000000bc100000|100%| E|CS|TAMS 0x00000000bc000000, 0x00000000bc000000| Complete 
| 449|0x00000000bc100000, 0x00000000bc200000, 0x00000000bc200000|100%| E|CS|TAMS 0x00000000bc100000, 0x00000000bc100000| Complete 
| 450|0x00000000bc200000, 0x00000000bc300000, 0x00000000bc300000|100%| E|CS|TAMS 0x00000000bc200000, 0x00000000bc200000| Complete 
| 451|0x00000000bc300000, 0x00000000bc400000, 0x00000000bc400000|100%| E|CS|TAMS 0x00000000bc300000, 0x00000000bc300000| Complete 
| 452|0x00000000bc400000, 0x00000000bc500000, 0x00000000bc500000|100%| E|CS|TAMS 0x00000000bc400000, 0x00000000bc400000| Complete 
| 453|0x00000000bc500000, 0x00000000bc600000, 0x00000000bc600000|100%| E|CS|TAMS 0x00000000bc500000, 0x00000000bc500000| Complete 
| 454|0x00000000bc600000, 0x00000000bc700000, 0x00000000bc700000|100%| E|CS|TAMS 0x00000000bc600000, 0x00000000bc600000| Complete 
| 455|0x00000000bc700000, 0x00000000bc800000, 0x00000000bc800000|100%| E|CS|TAMS 0x00000000bc700000, 0x00000000bc700000| Complete 
| 456|0x00000000bc800000, 0x00000000bc900000, 0x00000000bc900000|100%| E|CS|TAMS 0x00000000bc800000, 0x00000000bc800000| Complete 
| 457|0x00000000bc900000, 0x00000000bca00000, 0x00000000bca00000|100%| E|CS|TAMS 0x00000000bc900000, 0x00000000bc900000| Complete 
| 458|0x00000000bca00000, 0x00000000bcb00000, 0x00000000bcb00000|100%| E|CS|TAMS 0x00000000bca00000, 0x00000000bca00000| Complete 
| 459|0x00000000bcb00000, 0x00000000bcc00000, 0x00000000bcc00000|100%| E|CS|TAMS 0x00000000bcb00000, 0x00000000bcb00000| Complete 
| 460|0x00000000bcc00000, 0x00000000bcd00000, 0x00000000bcd00000|100%| E|CS|TAMS 0x00000000bcc00000, 0x00000000bcc00000| Complete 
| 461|0x00000000bcd00000, 0x00000000bce00000, 0x00000000bce00000|100%| E|CS|TAMS 0x00000000bcd00000, 0x00000000bcd00000| Complete 
| 462|0x00000000bce00000, 0x00000000bcf00000, 0x00000000bcf00000|100%| E|CS|TAMS 0x00000000bce00000, 0x00000000bce00000| Complete 
| 463|0x00000000bcf00000, 0x00000000bd000000, 0x00000000bd000000|100%| E|CS|TAMS 0x00000000bcf00000, 0x00000000bcf00000| Complete 
| 464|0x00000000bd000000, 0x00000000bd100000, 0x00000000bd100000|100%| E|CS|TAMS 0x00000000bd000000, 0x00000000bd000000| Complete 
| 465|0x00000000bd100000, 0x00000000bd200000, 0x00000000bd200000|100%| E|CS|TAMS 0x00000000bd100000, 0x00000000bd100000| Complete 
| 466|0x00000000bd200000, 0x00000000bd300000, 0x00000000bd300000|100%| E|CS|TAMS 0x00000000bd200000, 0x00000000bd200000| Complete 
| 467|0x00000000bd300000, 0x00000000bd400000, 0x00000000bd400000|100%| E|CS|TAMS 0x00000000bd300000, 0x00000000bd300000| Complete 
| 468|0x00000000bd400000, 0x00000000bd500000, 0x00000000bd500000|100%| E|CS|TAMS 0x00000000bd400000, 0x00000000bd400000| Complete 
| 469|0x00000000bd500000, 0x00000000bd600000, 0x00000000bd600000|100%| E|CS|TAMS 0x00000000bd500000, 0x00000000bd500000| Complete 
| 470|0x00000000bd600000, 0x00000000bd700000, 0x00000000bd700000|100%| E|CS|TAMS 0x00000000bd600000, 0x00000000bd600000| Complete 
| 471|0x00000000bd700000, 0x00000000bd800000, 0x00000000bd800000|100%| E|CS|TAMS 0x00000000bd700000, 0x00000000bd700000| Complete 
| 472|0x00000000bd800000, 0x00000000bd900000, 0x00000000bd900000|100%| E|CS|TAMS 0x00000000bd800000, 0x00000000bd800000| Complete 
| 473|0x00000000bd900000, 0x00000000bda00000, 0x00000000bda00000|100%| E|CS|TAMS 0x00000000bd900000, 0x00000000bd900000| Complete 
| 474|0x00000000bda00000, 0x00000000bdb00000, 0x00000000bdb00000|100%| E|CS|TAMS 0x00000000bda00000, 0x00000000bda00000| Complete 
| 475|0x00000000bdb00000, 0x00000000bdc00000, 0x00000000bdc00000|100%| E|CS|TAMS 0x00000000bdb00000, 0x00000000bdb00000| Complete 
| 476|0x00000000bdc00000, 0x00000000bdd00000, 0x00000000bdd00000|100%| E|CS|TAMS 0x00000000bdc00000, 0x00000000bdc00000| Complete 
| 477|0x00000000bdd00000, 0x00000000bde00000, 0x00000000bde00000|100%| E|CS|TAMS 0x00000000bdd00000, 0x00000000bdd00000| Complete 
| 478|0x00000000bde00000, 0x00000000bdf00000, 0x00000000bdf00000|100%| E|CS|TAMS 0x00000000bde00000, 0x00000000bde00000| Complete 
| 479|0x00000000bdf00000, 0x00000000be000000, 0x00000000be000000|100%| E|CS|TAMS 0x00000000bdf00000, 0x00000000bdf00000| Complete 
| 480|0x00000000be000000, 0x00000000be100000, 0x00000000be100000|100%| E|CS|TAMS 0x00000000be000000, 0x00000000be000000| Complete 
| 481|0x00000000be100000, 0x00000000be200000, 0x00000000be200000|100%| E|CS|TAMS 0x00000000be100000, 0x00000000be100000| Complete 
| 482|0x00000000be200000, 0x00000000be300000, 0x00000000be300000|100%| E|CS|TAMS 0x00000000be200000, 0x00000000be200000| Complete 
| 483|0x00000000be300000, 0x00000000be400000, 0x00000000be400000|100%| E|CS|TAMS 0x00000000be300000, 0x00000000be300000| Complete 
| 484|0x00000000be400000, 0x00000000be500000, 0x00000000be500000|100%| E|CS|TAMS 0x00000000be400000, 0x00000000be400000| Complete 
| 485|0x00000000be500000, 0x00000000be600000, 0x00000000be600000|100%| E|CS|TAMS 0x00000000be500000, 0x00000000be500000| Complete 
| 486|0x00000000be600000, 0x00000000be700000, 0x00000000be700000|100%| E|CS|TAMS 0x00000000be600000, 0x00000000be600000| Complete 
| 487|0x00000000be700000, 0x00000000be800000, 0x00000000be800000|100%| E|CS|TAMS 0x00000000be700000, 0x00000000be700000| Complete 
| 488|0x00000000be800000, 0x00000000be900000, 0x00000000be900000|100%| E|CS|TAMS 0x00000000be800000, 0x00000000be800000| Complete 
| 489|0x00000000be900000, 0x00000000bea00000, 0x00000000bea00000|100%| E|CS|TAMS 0x00000000be900000, 0x00000000be900000| Complete 
| 490|0x00000000bea00000, 0x00000000beb00000, 0x00000000beb00000|100%| E|CS|TAMS 0x00000000bea00000, 0x00000000bea00000| Complete 
| 491|0x00000000beb00000, 0x00000000bec00000, 0x00000000bec00000|100%| E|CS|TAMS 0x00000000beb00000, 0x00000000beb00000| Complete 
| 492|0x00000000bec00000, 0x00000000bed00000, 0x00000000bed00000|100%| E|CS|TAMS 0x00000000bec00000, 0x00000000bec00000| Complete 
| 493|0x00000000bed00000, 0x00000000bee00000, 0x00000000bee00000|100%| E|CS|TAMS 0x00000000bed00000, 0x00000000bed00000| Complete 
| 494|0x00000000bee00000, 0x00000000bef00000, 0x00000000bef00000|100%| E|CS|TAMS 0x00000000bee00000, 0x00000000bee00000| Complete 
| 495|0x00000000bef00000, 0x00000000bf000000, 0x00000000bf000000|100%| E|CS|TAMS 0x00000000bef00000, 0x00000000bef00000| Complete 
| 496|0x00000000bf000000, 0x00000000bf100000, 0x00000000bf100000|100%| E|CS|TAMS 0x00000000bf000000, 0x00000000bf000000| Complete 
| 497|0x00000000bf100000, 0x00000000bf200000, 0x00000000bf200000|100%| E|CS|TAMS 0x00000000bf100000, 0x00000000bf100000| Complete 
| 498|0x00000000bf200000, 0x00000000bf300000, 0x00000000bf300000|100%| E|CS|TAMS 0x00000000bf200000, 0x00000000bf200000| Complete 
| 499|0x00000000bf300000, 0x00000000bf400000, 0x00000000bf400000|100%| E|CS|TAMS 0x00000000bf300000, 0x00000000bf300000| Complete 
| 500|0x00000000bf400000, 0x00000000bf500000, 0x00000000bf500000|100%| E|CS|TAMS 0x00000000bf400000, 0x00000000bf400000| Complete 
| 501|0x00000000bf500000, 0x00000000bf600000, 0x00000000bf600000|100%| E|CS|TAMS 0x00000000bf500000, 0x00000000bf500000| Complete 
| 502|0x00000000bf600000, 0x00000000bf700000, 0x00000000bf700000|100%| E|CS|TAMS 0x00000000bf600000, 0x00000000bf600000| Complete 
| 503|0x00000000bf700000, 0x00000000bf800000, 0x00000000bf800000|100%| E|CS|TAMS 0x00000000bf700000, 0x00000000bf700000| Complete 
| 504|0x00000000bf800000, 0x00000000bf900000, 0x00000000bf900000|100%| E|CS|TAMS 0x00000000bf800000, 0x00000000bf800000| Complete 
| 505|0x00000000bf900000, 0x00000000bfa00000, 0x00000000bfa00000|100%| E|CS|TAMS 0x00000000bf900000, 0x00000000bf900000| Complete 
| 506|0x00000000bfa00000, 0x00000000bfb00000, 0x00000000bfb00000|100%| E|CS|TAMS 0x00000000bfa00000, 0x00000000bfa00000| Complete 
| 507|0x00000000bfb00000, 0x00000000bfc00000, 0x00000000bfc00000|100%| E|CS|TAMS 0x00000000bfb00000, 0x00000000bfb00000| Complete 
| 508|0x00000000bfc00000, 0x00000000bfd00000, 0x00000000bfd00000|100%| E|CS|TAMS 0x00000000bfc00000, 0x00000000bfc00000| Complete 
| 509|0x00000000bfd00000, 0x00000000bfe00000, 0x00000000bfe00000|100%| E|CS|TAMS 0x00000000bfd00000, 0x00000000bfd00000| Complete 
| 510|0x00000000bfe00000, 0x00000000bff00000, 0x00000000bff00000|100%| E|CS|TAMS 0x00000000bfe00000, 0x00000000bfe00000| Complete 
| 511|0x00000000bff00000, 0x00000000c0000000, 0x00000000c0000000|100%| E|CS|TAMS 0x00000000bff00000, 0x00000000bff00000| Complete 
| 512|0x00000000c0000000, 0x00000000c0100000, 0x00000000c0100000|100%| E|CS|TAMS 0x00000000c0000000, 0x00000000c0000000| Complete 
| 513|0x00000000c0100000, 0x00000000c0200000, 0x00000000c0200000|100%| E|CS|TAMS 0x00000000c0100000, 0x00000000c0100000| Complete 
| 514|0x00000000c0200000, 0x00000000c0300000, 0x00000000c0300000|100%| E|CS|TAMS 0x00000000c0200000, 0x00000000c0200000| Complete 
| 515|0x00000000c0300000, 0x00000000c0400000, 0x00000000c0400000|100%| E|CS|TAMS 0x00000000c0300000, 0x00000000c0300000| Complete 
| 516|0x00000000c0400000, 0x00000000c0500000, 0x00000000c0500000|100%| E|CS|TAMS 0x00000000c0400000, 0x00000000c0400000| Complete 
| 517|0x00000000c0500000, 0x00000000c0600000, 0x00000000c0600000|100%| E|CS|TAMS 0x00000000c0500000, 0x00000000c0500000| Complete 
| 518|0x00000000c0600000, 0x00000000c0700000, 0x00000000c0700000|100%| E|CS|TAMS 0x00000000c0600000, 0x00000000c0600000| Complete 
| 519|0x00000000c0700000, 0x00000000c0800000, 0x00000000c0800000|100%| E|CS|TAMS 0x00000000c0700000, 0x00000000c0700000| Complete 
| 520|0x00000000c0800000, 0x00000000c0900000, 0x00000000c0900000|100%| E|CS|TAMS 0x00000000c0800000, 0x00000000c0800000| Complete 
| 521|0x00000000c0900000, 0x00000000c0a00000, 0x00000000c0a00000|100%| E|CS|TAMS 0x00000000c0900000, 0x00000000c0900000| Complete 
| 522|0x00000000c0a00000, 0x00000000c0b00000, 0x00000000c0b00000|100%| E|CS|TAMS 0x00000000c0a00000, 0x00000000c0a00000| Complete 
| 523|0x00000000c0b00000, 0x00000000c0c00000, 0x00000000c0c00000|100%| E|CS|TAMS 0x00000000c0b00000, 0x00000000c0b00000| Complete 
| 524|0x00000000c0c00000, 0x00000000c0d00000, 0x00000000c0d00000|100%| E|CS|TAMS 0x00000000c0c00000, 0x00000000c0c00000| Complete 
| 525|0x00000000c0d00000, 0x00000000c0e00000, 0x00000000c0e00000|100%| E|CS|TAMS 0x00000000c0d00000, 0x00000000c0d00000| Complete 
| 526|0x00000000c0e00000, 0x00000000c0f00000, 0x00000000c0f00000|100%| E|CS|TAMS 0x00000000c0e00000, 0x00000000c0e00000| Complete 
| 527|0x00000000c0f00000, 0x00000000c1000000, 0x00000000c1000000|100%| E|CS|TAMS 0x00000000c0f00000, 0x00000000c0f00000| Complete 
| 528|0x00000000c1000000, 0x00000000c1100000, 0x00000000c1100000|100%| E|CS|TAMS 0x00000000c1000000, 0x00000000c1000000| Complete 
| 529|0x00000000c1100000, 0x00000000c1200000, 0x00000000c1200000|100%| E|CS|TAMS 0x00000000c1100000, 0x00000000c1100000| Complete 
| 530|0x00000000c1200000, 0x00000000c1300000, 0x00000000c1300000|100%| E|CS|TAMS 0x00000000c1200000, 0x00000000c1200000| Complete 
| 531|0x00000000c1300000, 0x00000000c1400000, 0x00000000c1400000|100%| E|CS|TAMS 0x00000000c1300000, 0x00000000c1300000| Complete 
| 532|0x00000000c1400000, 0x00000000c1500000, 0x00000000c1500000|100%| E|CS|TAMS 0x00000000c1400000, 0x00000000c1400000| Complete 
| 533|0x00000000c1500000, 0x00000000c1600000, 0x00000000c1600000|100%| E|CS|TAMS 0x00000000c1500000, 0x00000000c1500000| Complete 
| 534|0x00000000c1600000, 0x00000000c1700000, 0x00000000c1700000|100%| E|CS|TAMS 0x00000000c1600000, 0x00000000c1600000| Complete 
| 535|0x00000000c1700000, 0x00000000c1800000, 0x00000000c1800000|100%| E|CS|TAMS 0x00000000c1700000, 0x00000000c1700000| Complete 
| 536|0x00000000c1800000, 0x00000000c1900000, 0x00000000c1900000|100%| E|CS|TAMS 0x00000000c1800000, 0x00000000c1800000| Complete 
| 537|0x00000000c1900000, 0x00000000c1a00000, 0x00000000c1a00000|100%| E|CS|TAMS 0x00000000c1900000, 0x00000000c1900000| Complete 
| 538|0x00000000c1a00000, 0x00000000c1b00000, 0x00000000c1b00000|100%| E|CS|TAMS 0x00000000c1a00000, 0x00000000c1a00000| Complete 
| 539|0x00000000c1b00000, 0x00000000c1c00000, 0x00000000c1c00000|100%| E|CS|TAMS 0x00000000c1b00000, 0x00000000c1b00000| Complete 
| 540|0x00000000c1c00000, 0x00000000c1d00000, 0x00000000c1d00000|100%| E|CS|TAMS 0x00000000c1c00000, 0x00000000c1c00000| Complete 
| 541|0x00000000c1d00000, 0x00000000c1e00000, 0x00000000c1e00000|100%| E|CS|TAMS 0x00000000c1d00000, 0x00000000c1d00000| Complete 
| 542|0x00000000c1e00000, 0x00000000c1f00000, 0x00000000c1f00000|100%| E|CS|TAMS 0x00000000c1e00000, 0x00000000c1e00000| Complete 
| 543|0x00000000c1f00000, 0x00000000c2000000, 0x00000000c2000000|100%| E|CS|TAMS 0x00000000c1f00000, 0x00000000c1f00000| Complete 
| 544|0x00000000c2000000, 0x00000000c2100000, 0x00000000c2100000|100%| E|CS|TAMS 0x00000000c2000000, 0x00000000c2000000| Complete 
| 545|0x00000000c2100000, 0x00000000c2200000, 0x00000000c2200000|100%| E|CS|TAMS 0x00000000c2100000, 0x00000000c2100000| Complete 
| 546|0x00000000c2200000, 0x00000000c2300000, 0x00000000c2300000|100%| E|CS|TAMS 0x00000000c2200000, 0x00000000c2200000| Complete 
| 547|0x00000000c2300000, 0x00000000c2400000, 0x00000000c2400000|100%| E|CS|TAMS 0x00000000c2300000, 0x00000000c2300000| Complete 
| 548|0x00000000c2400000, 0x00000000c2500000, 0x00000000c2500000|100%| E|CS|TAMS 0x00000000c2400000, 0x00000000c2400000| Complete 
| 549|0x00000000c2500000, 0x00000000c2600000, 0x00000000c2600000|100%| E|CS|TAMS 0x00000000c2500000, 0x00000000c2500000| Complete 

Card table byte_map: [0x0000023f7b180000,0x0000023f7b480000] _byte_map_base: 0x0000023f7ac80000

Marking Bits (Prev, Next): (CMBitMap*) 0x0000023f7a8dae40, (CMBitMap*) 0x0000023f7a8dae80
 Prev Bits: [0x0000023f7b780000, 0x0000023f7cf80000)
 Next Bits: [0x0000023f7cf80000, 0x0000023f7e780000)

Polling page: 0x0000023f78650000

Metaspace:

Usage:
  Non-class:     99.89 MB used.
      Class:     15.89 MB used.
       Both:    115.78 MB used.

Virtual space:
  Non-class space:      128.00 MB reserved,     100.62 MB ( 79%) committed,  2 nodes.
      Class space:      416.00 MB reserved,      16.62 MB (  4%) committed,  1 nodes.
             Both:      544.00 MB reserved,     117.25 MB ( 22%) committed. 

Chunk freelists:
   Non-Class:  11.39 MB
       Class:  15.29 MB
        Both:  26.68 MB

MaxMetaspaceSize: 512.00 MB
CompressedClassSpaceSize: 416.00 MB
Initial GC threshold: 21.00 MB
Current GC threshold: 195.12 MB
CDS: on
MetaspaceReclaimPolicy: balanced
 - commit_granule_bytes: 65536.
 - commit_granule_words: 8192.
 - virtual_space_node_default_size: 8388608.
 - enlarge_chunks_in_place: 1.
 - new_chunks_are_fully_committed: 0.
 - uncommit_free_chunks: 1.
 - use_allocation_guard: 0.
 - handle_deallocations: 1.


Internal statistics:

num_allocs_failed_limit: 9.
num_arena_births: 2286.
num_arena_deaths: 0.
num_vsnodes_births: 3.
num_vsnodes_deaths: 0.
num_space_committed: 1875.
num_space_uncommitted: 0.
num_chunks_returned_to_freelist: 9.
num_chunks_taken_from_freelist: 7858.
num_chunk_merges: 9.
num_chunk_splits: 5010.
num_chunks_enlarged: 3074.
num_inconsistent_stats: 0.

CodeHeap 'non-profiled nmethods': size=120000Kb used=9556Kb max_used=9556Kb free=110443Kb
 bounds [0x0000023f0f5b0000, 0x0000023f0ff10000, 0x0000023f16ae0000]
CodeHeap 'profiled nmethods': size=120000Kb used=28632Kb max_used=29837Kb free=91367Kb
 bounds [0x0000023f07ae0000, 0x0000023f09810000, 0x0000023f0f010000]
CodeHeap 'non-nmethods': size=5760Kb used=1785Kb max_used=1827Kb free=3975Kb
 bounds [0x0000023f0f010000, 0x0000023f0f280000, 0x0000023f0f5b0000]
 total_blobs=16062 nmethods=15176 adapters=797
 compilation: enabled
              stopped_count=0, restarted_count=0
 full_count=0

Compilation events (20 events):
Event: 136.235 Thread 0x0000023f7f3e8290 nmethod 18265 0x0000023f0fd09d10 code [0x0000023f0fd09ea0, 0x0000023f0fd09f48]
Event: 136.244 Thread 0x0000023f7f3e8290 18269       4       org.gradle.cache.internal.LockOnDemandCrossProcessCacheAccess$UnlockAction::run (8 bytes)
Event: 136.260 Thread 0x0000023f7f3ec8a0 18270       3       sun.nio.fs.NativeBuffer::<init> (44 bytes)
Event: 136.261 Thread 0x0000023f7f3ec8a0 nmethod 18270 0x0000023f08294310 code [0x0000023f08294500, 0x0000023f082948f8]
Event: 136.262 Thread 0x0000023f7f3e8290 nmethod 18269 0x0000023f0ff04f10 code [0x0000023f0ff050e0, 0x0000023f0ff056c8]
Event: 136.293 Thread 0x0000023f7f3ec8a0 18271       3       org.gradle.cache.internal.DefaultFileLockManager::determineLockTargetFile (72 bytes)
Event: 136.295 Thread 0x0000023f7f3ec8a0 nmethod 18271 0x0000023f07d7ae90 code [0x0000023f07d7b1e0, 0x0000023f07d7c438]
Event: 136.348 Thread 0x0000023f7f3ec8a0 18272       3       sun.nio.fs.NativeBuffers::allocNativeBuffer (20 bytes)
Event: 136.349 Thread 0x0000023f7f3ec8a0 nmethod 18272 0x0000023f082db790 code [0x0000023f082db940, 0x0000023f082dbb08]
Event: 136.542 Thread 0x0000023f7f3e8290 18273   !   4       java.nio.file.Files::walkFileTree (297 bytes)
Event: 137.237 Thread 0x0000023f7f3ec8a0 18275       3       org.gradle.internal.serialize.BaseSerializerFactory$FileSerializer::write (10 bytes)
Event: 137.660 Thread 0x0000023f7f3ec8a0 nmethod 18275 0x0000023f07b3e710 code [0x0000023f07b3e8e0, 0x0000023f07b3ecc8]
Event: 137.660 Thread 0x0000023f7f3ec8a0 18278       3       com.google.common.collect.ImmutableSet::equals (50 bytes)
Event: 137.660 Thread 0x0000023f7f3ec8a0 nmethod 18278 0x0000023f07b33710 code [0x0000023f07b33920, 0x0000023f07b34108]
Event: 137.661 Thread 0x0000023f7f3ec8a0 18276       3       org.gradle.internal.serialize.BaseSerializerFactory$FileSerializer::write (11 bytes)
Event: 137.661 Thread 0x0000023f7f3ec8a0 nmethod 18276 0x0000023f084c1690 code [0x0000023f084c1840, 0x0000023f084c1ac8]
Event: 137.661 Thread 0x0000023f7f3ec8a0 18277       3       org.gradle.internal.file.impl.SingleDepthFileAccessTracker::markAccessed (79 bytes)
Event: 137.662 Thread 0x0000023f7f3ec8a0 nmethod 18277 0x0000023f08a0b610 code [0x0000023f08a0b840, 0x0000023f08a0c038]
Event: 138.830 Thread 0x0000023f7f3ec8a0 18281       3       org.gradle.cache.internal.DefaultPersistentDirectoryStore::<init> (148 bytes)
Event: 138.834 Thread 0x0000023f7f3ec8a0 nmethod 18281 0x0000023f08299510 code [0x0000023f082998e0, 0x0000023f0829b338]

GC Heap History (20 events):
Event: 123.138 GC heap before
{Heap before GC invocations=85 (full 0):
 garbage-first heap   total 252928K, used 221237K [0x00000000a0000000, 0x0000000100000000)
  region size 1024K, 13 young (13312K), 2 survivors (2048K)
 Metaspace       used 115393K, committed 116864K, reserved 557056K
  class space    used 16037K, committed 16768K, reserved 425984K
}
Event: 123.144 GC heap after
{Heap after GC invocations=86 (full 0):
 garbage-first heap   total 252928K, used 211630K [0x00000000a0000000, 0x0000000100000000)
  region size 1024K, 2 young (2048K), 2 survivors (2048K)
 Metaspace       used 115393K, committed 116864K, reserved 557056K
  class space    used 16037K, committed 16768K, reserved 425984K
}
Event: 123.473 GC heap before
{Heap before GC invocations=86 (full 0):
 garbage-first heap   total 252928K, used 221870K [0x00000000a0000000, 0x0000000100000000)
  region size 1024K, 12 young (12288K), 2 survivors (2048K)
 Metaspace       used 115456K, committed 116928K, reserved 557056K
  class space    used 16038K, committed 16768K, reserved 425984K
}
Event: 123.477 GC heap after
{Heap after GC invocations=87 (full 0):
 garbage-first heap   total 252928K, used 212307K [0x00000000a0000000, 0x0000000100000000)
  region size 1024K, 1 young (1024K), 1 survivors (1024K)
 Metaspace       used 115456K, committed 116928K, reserved 557056K
  class space    used 16038K, committed 16768K, reserved 425984K
}
Event: 123.767 GC heap before
{Heap before GC invocations=87 (full 0):
 garbage-first heap   total 252928K, used 223571K [0x00000000a0000000, 0x0000000100000000)
  region size 1024K, 12 young (12288K), 1 survivors (1024K)
 Metaspace       used 115548K, committed 116992K, reserved 557056K
  class space    used 16045K, committed 16768K, reserved 425984K
}
Event: 123.771 GC heap after
{Heap after GC invocations=88 (full 0):
 garbage-first heap   total 252928K, used 212892K [0x00000000a0000000, 0x0000000100000000)
  region size 1024K, 2 young (2048K), 2 survivors (2048K)
 Metaspace       used 115548K, committed 116992K, reserved 557056K
  class space    used 16045K, committed 16768K, reserved 425984K
}
Event: 124.048 GC heap before
{Heap before GC invocations=88 (full 0):
 garbage-first heap   total 252928K, used 223132K [0x00000000a0000000, 0x0000000100000000)
  region size 1024K, 12 young (12288K), 2 survivors (2048K)
 Metaspace       used 115789K, committed 117312K, reserved 557056K
  class space    used 16076K, committed 16832K, reserved 425984K
}
Event: 124.054 GC heap after
{Heap after GC invocations=89 (full 0):
 garbage-first heap   total 252928K, used 214533K [0x00000000a0000000, 0x0000000100000000)
  region size 1024K, 2 young (2048K), 2 survivors (2048K)
 Metaspace       used 115789K, committed 117312K, reserved 557056K
  class space    used 16076K, committed 16832K, reserved 425984K
}
Event: 124.396 GC heap before
{Heap before GC invocations=89 (full 0):
 garbage-first heap   total 252928K, used 223749K [0x00000000a0000000, 0x0000000100000000)
  region size 1024K, 12 young (12288K), 2 survivors (2048K)
 Metaspace       used 116022K, committed 117504K, reserved 557056K
  class space    used 16108K, committed 16832K, reserved 425984K
}
Event: 124.402 GC heap after
{Heap after GC invocations=90 (full 0):
 garbage-first heap   total 252928K, used 216617K [0x00000000a0000000, 0x0000000100000000)
  region size 1024K, 2 young (2048K), 2 survivors (2048K)
 Metaspace       used 116022K, committed 117504K, reserved 557056K
  class space    used 16108K, committed 16832K, reserved 425984K
}
Event: 124.757 GC heap before
{Heap before GC invocations=90 (full 0):
 garbage-first heap   total 252928K, used 225833K [0x00000000a0000000, 0x0000000100000000)
  region size 1024K, 12 young (12288K), 2 survivors (2048K)
 Metaspace       used 116866K, committed 118400K, reserved 557056K
  class space    used 16159K, committed 16896K, reserved 425984K
}
Event: 124.765 GC heap after
{Heap after GC invocations=91 (full 0):
 garbage-first heap   total 252928K, used 217732K [0x00000000a0000000, 0x0000000100000000)
  region size 1024K, 2 young (2048K), 2 survivors (2048K)
 Metaspace       used 116866K, committed 118400K, reserved 557056K
  class space    used 16159K, committed 16896K, reserved 425984K
}
Event: 125.231 GC heap before
{Heap before GC invocations=91 (full 0):
 garbage-first heap   total 252928K, used 226948K [0x00000000a0000000, 0x0000000100000000)
  region size 1024K, 12 young (12288K), 2 survivors (2048K)
 Metaspace       used 117246K, committed 118720K, reserved 557056K
  class space    used 16189K, committed 16960K, reserved 425984K
}
Event: 125.237 GC heap after
{Heap after GC invocations=92 (full 0):
 garbage-first heap   total 252928K, used 219555K [0x00000000a0000000, 0x0000000100000000)
  region size 1024K, 2 young (2048K), 2 survivors (2048K)
 Metaspace       used 117246K, committed 118720K, reserved 557056K
  class space    used 16189K, committed 16960K, reserved 425984K
}
Event: 125.675 GC heap before
{Heap before GC invocations=92 (full 0):
 garbage-first heap   total 252928K, used 220579K [0x00000000a0000000, 0x0000000100000000)
  region size 1024K, 4 young (4096K), 2 survivors (2048K)
 Metaspace       used 117257K, committed 118848K, reserved 557056K
  class space    used 16189K, committed 16960K, reserved 425984K
}
Event: 126.135 GC heap after
{Heap after GC invocations=93 (full 0):
 garbage-first heap   total 252928K, used 220776K [0x00000000a0000000, 0x0000000100000000)
  region size 1024K, 1 young (1024K), 1 survivors (1024K)
 Metaspace       used 117257K, committed 118848K, reserved 557056K
  class space    used 16189K, committed 16960K, reserved 425984K
}
Event: 129.189 GC heap before
{Heap before GC invocations=94 (full 0):
 garbage-first heap   total 386048K, used 241256K [0x00000000a0000000, 0x0000000100000000)
  region size 1024K, 18 young (18432K), 1 survivors (1024K)
 Metaspace       used 118546K, committed 120064K, reserved 557056K
  class space    used 16267K, committed 17024K, reserved 425984K
}
Event: 129.219 GC heap after
{Heap after GC invocations=95 (full 0):
 garbage-first heap   total 386048K, used 222714K [0x00000000a0000000, 0x0000000100000000)
  region size 1024K, 3 young (3072K), 3 survivors (3072K)
 Metaspace       used 118546K, committed 120064K, reserved 557056K
  class space    used 16267K, committed 17024K, reserved 425984K
}
Event: 129.763 GC heap before
{Heap before GC invocations=95 (full 0):
 garbage-first heap   total 386048K, used 238074K [0x00000000a0000000, 0x0000000100000000)
  region size 1024K, 18 young (18432K), 3 survivors (3072K)
 Metaspace       used 118546K, committed 120064K, reserved 557056K
  class space    used 16267K, committed 17024K, reserved 425984K
}
Event: 129.853 GC heap after
{Heap after GC invocations=96 (full 0):
 garbage-first heap   total 563200K, used 214354K [0x00000000a0000000, 0x0000000100000000)
  region size 1024K, 3 young (3072K), 3 survivors (3072K)
 Metaspace       used 118546K, committed 120064K, reserved 557056K
  class space    used 16267K, committed 17024K, reserved 425984K
}

Dll operation events (15 events):
Event: 0.027 Loaded shared library C:\Program Files\Microsoft\jdk-17.0.19.10-hotspot\bin\java.dll
Event: 0.059 Loaded shared library C:\Program Files\Microsoft\jdk-17.0.19.10-hotspot\bin\jsvml.dll
Event: 0.151 Loaded shared library C:\Program Files\Microsoft\jdk-17.0.19.10-hotspot\bin\zip.dll
Event: 0.158 Loaded shared library C:\Program Files\Microsoft\jdk-17.0.19.10-hotspot\bin\instrument.dll
Event: 0.168 Loaded shared library C:\Program Files\Microsoft\jdk-17.0.19.10-hotspot\bin\net.dll
Event: 0.173 Loaded shared library C:\Program Files\Microsoft\jdk-17.0.19.10-hotspot\bin\nio.dll
Event: 0.179 Loaded shared library C:\Program Files\Microsoft\jdk-17.0.19.10-hotspot\bin\zip.dll
Event: 0.950 Loaded shared library C:\Program Files\Microsoft\jdk-17.0.19.10-hotspot\bin\jimage.dll
Event: 1.605 Loaded shared library C:\Program Files\Microsoft\jdk-17.0.19.10-hotspot\bin\verify.dll
Event: 1.676 Loaded shared library C:\Users\prath\.gradle\native\660c5614fbf4a5f2a75b1949f50a0caf5cd603558e7d8a26e50b933a0cfb79d1\windows-amd64\native-platform.dll
Event: 1.703 Loaded shared library C:\Users\prath\.gradle\native\0.2.8\x86_64-windows-gnu\gradle-fileevents.dll
Event: 4.912 Loaded shared library C:\Program Files\Microsoft\jdk-17.0.19.10-hotspot\bin\management.dll
Event: 4.920 Loaded shared library C:\Program Files\Microsoft\jdk-17.0.19.10-hotspot\bin\management_ext.dll
Event: 5.369 Loaded shared library C:\Program Files\Microsoft\jdk-17.0.19.10-hotspot\bin\extnet.dll
Event: 5.982 Loaded shared library C:\Program Files\Microsoft\jdk-17.0.19.10-hotspot\bin\sunmscapi.dll

Deoptimization events (20 events):
Event: 132.263 Thread 0x0000023f3d772c60 Uncommon trap: trap_request=0xffffffc6 fr.pc=0x0000023f0fd42d1c relative=0x000000000000007c
Event: 132.263 Thread 0x0000023f3d772c60 Uncommon trap: reason=bimorphic_or_optimized_type_check action=maybe_recompile pc=0x0000023f0fd42d1c method=org.gradle.api.internal.artifacts.transform.TransformExecutionResult$Builder$MixedInputAndProducedOutputResult.lambda$resolveForWorkspace$1(Ljava/i
Event: 132.263 Thread 0x0000023f3d772c60 DEOPT PACKING pc=0x0000023f0fd42d1c sp=0x00000082600fa090
Event: 132.263 Thread 0x0000023f3d772c60 DEOPT UNPACKING pc=0x0000023f0f0669a3 sp=0x00000082600f9fb0 mode 2
Event: 133.015 Thread 0x0000023f3d772c60 Uncommon trap: trap_request=0xffffffc6 fr.pc=0x0000023f0fd42d1c relative=0x000000000000007c
Event: 133.015 Thread 0x0000023f3d772c60 Uncommon trap: reason=bimorphic_or_optimized_type_check action=maybe_recompile pc=0x0000023f0fd42d1c method=org.gradle.api.internal.artifacts.transform.TransformExecutionResult$Builder$MixedInputAndProducedOutputResult.lambda$resolveForWorkspace$1(Ljava/i
Event: 133.015 Thread 0x0000023f3d772c60 DEOPT PACKING pc=0x0000023f0fd42d1c sp=0x00000082600fa090
Event: 133.015 Thread 0x0000023f3d772c60 DEOPT UNPACKING pc=0x0000023f0f0669a3 sp=0x00000082600f9fb0 mode 2
Event: 133.375 Thread 0x0000023f3d772c60 Uncommon trap: trap_request=0xffffffc6 fr.pc=0x0000023f0fd42d1c relative=0x000000000000007c
Event: 133.375 Thread 0x0000023f3d772c60 Uncommon trap: reason=bimorphic_or_optimized_type_check action=maybe_recompile pc=0x0000023f0fd42d1c method=org.gradle.api.internal.artifacts.transform.TransformExecutionResult$Builder$MixedInputAndProducedOutputResult.lambda$resolveForWorkspace$1(Ljava/i
Event: 133.375 Thread 0x0000023f3d772c60 DEOPT PACKING pc=0x0000023f0fd42d1c sp=0x00000082600fa090
Event: 133.375 Thread 0x0000023f3d772c60 DEOPT UNPACKING pc=0x0000023f0f0669a3 sp=0x00000082600f9fb0 mode 2
Event: 133.441 Thread 0x0000023f3d772c60 Uncommon trap: trap_request=0xffffffc6 fr.pc=0x0000023f0fd42d1c relative=0x000000000000007c
Event: 133.441 Thread 0x0000023f3d772c60 Uncommon trap: reason=bimorphic_or_optimized_type_check action=maybe_recompile pc=0x0000023f0fd42d1c method=org.gradle.api.internal.artifacts.transform.TransformExecutionResult$Builder$MixedInputAndProducedOutputResult.lambda$resolveForWorkspace$1(Ljava/i
Event: 133.441 Thread 0x0000023f3d772c60 DEOPT PACKING pc=0x0000023f0fd42d1c sp=0x00000082600fa090
Event: 133.441 Thread 0x0000023f3d772c60 DEOPT UNPACKING pc=0x0000023f0f0669a3 sp=0x00000082600f9fb0 mode 2
Event: 134.027 Thread 0x0000023f3d772c60 Uncommon trap: trap_request=0xffffff45 fr.pc=0x0000023f0fc29044 relative=0x00000000000001e4
Event: 134.027 Thread 0x0000023f3d772c60 Uncommon trap: reason=unstable_if action=reinterpret pc=0x0000023f0fc29044 method=org.gradle.cache.internal.LockOnDemandCrossProcessCacheAccess.decrementLockCount()V @ 54 c2
Event: 134.027 Thread 0x0000023f3d772c60 DEOPT PACKING pc=0x0000023f0fc29044 sp=0x00000082600f89a0
Event: 134.027 Thread 0x0000023f3d772c60 DEOPT UNPACKING pc=0x0000023f0f0669a3 sp=0x00000082600f88f8 mode 2

Classes loaded (20 events):
Event: 117.743 Loading class javax/xml/datatype/DatatypeConfigurationException
Event: 117.743 Loading class javax/xml/datatype/DatatypeConfigurationException done
Event: 117.746 Loading class jdk/internal/reflect/UnsafeBooleanFieldAccessorImpl
Event: 117.746 Loading class jdk/internal/reflect/UnsafeBooleanFieldAccessorImpl done
Event: 117.747 Loading class jdk/internal/reflect/UnsafeIntegerFieldAccessorImpl
Event: 117.747 Loading class jdk/internal/reflect/UnsafeIntegerFieldAccessorImpl done
Event: 118.388 Loading class java/io/SequenceInputStream
Event: 118.389 Loading class java/io/SequenceInputStream done
Event: 118.410 Loading class java/util/function/IntUnaryOperator
Event: 118.410 Loading class java/util/function/IntUnaryOperator done
Event: 120.169 Loading class java/io/NotSerializableException
Event: 120.170 Loading class java/io/NotSerializableException done
Event: 126.781 Loading class java/nio/channels/Channels$1
Event: 126.782 Loading class java/nio/channels/Channels$1 done
Event: 127.174 Loading class java/time/Instant$1
Event: 127.175 Loading class java/time/Instant$1 done
Event: 128.890 Loading class java/util/concurrent/ConcurrentSkipListMap$KeySet
Event: 128.892 Loading class java/util/concurrent/ConcurrentSkipListMap$KeySet done
Event: 128.892 Loading class java/util/concurrent/ConcurrentSkipListMap$KeyIterator
Event: 128.900 Loading class java/util/concurrent/ConcurrentSkipListMap$KeyIterator done

Classes unloaded (0 events):
No events

Classes redefined (0 events):
No events

Internal exceptions (20 events):
Event: 115.124 Thread 0x0000023f395a6240 Exception <a 'java/lang/ClassNotFoundException'{0x00000000af034658}: org/gradle/api/internal/artifacts/dependencies/DefaultExternalModuleDependency_DecoratedCustomizer> (0x00000000af034658) 
thrown [s\src\hotspot\share\classfile\systemDictionary.cpp, line 256]
Event: 116.066 Thread 0x0000023f395a6240 Exception <a 'java/lang/IncompatibleClassChangeError'{0x00000000af0e4960}: Found class java.lang.Object, but interface was expected> (0x00000000af0e4960) 
thrown [s\src\hotspot\share\interpreter\linkResolver.cpp, line 826]
Event: 116.426 Thread 0x0000023f395a6240 Exception <a 'sun/nio/fs/WindowsException'{0x00000000ae834740}> (0x00000000ae834740) 
thrown [s\src\hotspot\share\prims\jni.cpp, line 516]
Event: 116.426 Thread 0x0000023f395a6240 Exception <a 'sun/nio/fs/WindowsException'{0x00000000ae835d68}> (0x00000000ae835d68) 
thrown [s\src\hotspot\share\prims\jni.cpp, line 516]
Event: 116.427 Thread 0x0000023f395a6240 Exception <a 'sun/nio/fs/WindowsException'{0x00000000ae8373e0}> (0x00000000ae8373e0) 
thrown [s\src\hotspot\share\prims\jni.cpp, line 516]
Event: 116.427 Thread 0x0000023f395a6240 Exception <a 'sun/nio/fs/WindowsException'{0x00000000ae838a58}> (0x00000000ae838a58) 
thrown [s\src\hotspot\share\prims\jni.cpp, line 516]
Event: 116.883 Thread 0x0000023f395a6240 Exception <a 'java/lang/NullPointerException'{0x00000000af08bc58}> (0x00000000af08bc58) 
thrown [s\src\hotspot\share\interpreter\linkResolver.cpp, line 1433]
Event: 117.186 Thread 0x0000023f395a6240 Implicit null exception at 0x0000023f0f7c61d2 to 0x0000023f0f7ce09c
Event: 117.681 Thread 0x0000023f395a6240 Exception <a 'java/lang/NoSuchMethodError'{0x00000000aed32990}: 'int java.lang.invoke.DirectMethodHandle$Holder.invokeStatic(java.lang.Object, java.lang.Object, java.lang.Object, int, java.lang.Object)'> (0x00000000aed32990) 
thrown [s\src\hotspot\share\interpreter\linkResolver.cpp, line 759]
Event: 118.411 Thread 0x0000023f395a6240 Exception <a 'java/lang/NoSuchMethodError'{0x00000000af1a71c8}: 'int java.lang.invoke.DirectMethodHandle$Holder.invokeSpecial(java.lang.Object, java.lang.Object, int)'> (0x00000000af1a71c8) 
thrown [s\src\hotspot\share\interpreter\linkResolver.cpp, line 759]
Event: 120.017 Thread 0x0000023f395a6240 Implicit null exception at 0x0000023f0fdf19de to 0x0000023f0fdf1a8c
Event: 121.016 Thread 0x0000023f395a6240 Implicit null exception at 0x0000023f0fe2729d to 0x0000023f0fe27a70
Event: 122.414 Thread 0x0000023f395a6240 Exception <a 'sun/nio/fs/WindowsException'{0x00000000af165ce8}> (0x00000000af165ce8) 
thrown [s\src\hotspot\share\prims\jni.cpp, line 516]
Event: 122.414 Thread 0x0000023f395a6240 Exception <a 'sun/nio/fs/WindowsException'{0x00000000af167310}> (0x00000000af167310) 
thrown [s\src\hotspot\share\prims\jni.cpp, line 516]
Event: 122.414 Thread 0x0000023f395a6240 Exception <a 'sun/nio/fs/WindowsException'{0x00000000af168988}> (0x00000000af168988) 
thrown [s\src\hotspot\share\prims\jni.cpp, line 516]
Event: 122.414 Thread 0x0000023f395a6240 Exception <a 'sun/nio/fs/WindowsException'{0x00000000af16a000}> (0x00000000af16a000) 
thrown [s\src\hotspot\share\prims\jni.cpp, line 516]
Event: 125.088 Thread 0x0000023f395a6240 Exception <a 'java/lang/NoSuchMethodError'{0x00000000aef61ca0}: static Lcom/android/build/gradle/internal/profile/ProjectData;.<clinit>()V> (0x00000000aef61ca0) 
thrown [s\src\hotspot\share\prims\jni.cpp, line 1112]
Event: 125.117 Thread 0x0000023f395a6240 Exception <a 'java/lang/NoSuchMethodError'{0x00000000aefc70d8}: static Lcom/android/build/gradle/internal/profile/TaskMetadata;.<clinit>()V> (0x00000000aefc70d8) 
thrown [s\src\hotspot\share\prims\jni.cpp, line 1112]
Event: 126.777 Thread 0x0000023f395a6240 Exception <a 'sun/nio/fs/WindowsException'{0x00000000af5624f8}> (0x00000000af5624f8) 
thrown [s\src\hotspot\share\prims\jni.cpp, line 516]
Event: 128.903 Thread 0x0000023f3d772c60 Exception <a 'java/lang/NoSuchMethodError'{0x00000000b718f5e8}: static Lcom/android/build/api/variant/BuildConfigField;.<clinit>()V> (0x00000000b718f5e8) 
thrown [s\src\hotspot\share\prims\jni.cpp, line 1112]

VM Operations (20 events):
Event: 128.702 Executing VM operation: HandshakeAllThreads
Event: 128.702 Executing VM operation: HandshakeAllThreads done
Event: 129.189 Executing VM operation: G1CollectForAllocation
Event: 129.220 Executing VM operation: G1CollectForAllocation done
Event: 129.763 Executing VM operation: G1CollectForAllocation
Event: 129.853 Executing VM operation: G1CollectForAllocation done
Event: 130.864 Executing VM operation: Cleanup
Event: 130.864 Executing VM operation: Cleanup done
Event: 131.877 Executing VM operation: Cleanup
Event: 131.877 Executing VM operation: Cleanup done
Event: 132.878 Executing VM operation: Cleanup
Event: 132.878 Executing VM operation: Cleanup done
Event: 133.893 Executing VM operation: Cleanup
Event: 133.893 Executing VM operation: Cleanup done
Event: 134.898 Executing VM operation: Cleanup
Event: 134.898 Executing VM operation: Cleanup done
Event: 135.899 Executing VM operation: Cleanup
Event: 135.899 Executing VM operation: Cleanup done
Event: 136.909 Executing VM operation: Cleanup
Event: 136.910 Executing VM operation: Cleanup done

Memory protections (0 events):
No events

Nmethod flushes (20 events):
Event: 128.801 Thread 0x0000023f7f3ed1b0 flushing  nmethod 0x0000023f0920fb10
Event: 128.801 Thread 0x0000023f7f3ed1b0 flushing  nmethod 0x0000023f09215b10
Event: 128.801 Thread 0x0000023f7f3ed1b0 flushing  nmethod 0x0000023f09220490
Event: 128.801 Thread 0x0000023f7f3ed1b0 flushing  nmethod 0x0000023f09221810
Event: 128.801 Thread 0x0000023f7f3ed1b0 flushing  nmethod 0x0000023f09230c90
Event: 128.801 Thread 0x0000023f7f3ed1b0 flushing  nmethod 0x0000023f09240110
Event: 128.801 Thread 0x0000023f7f3ed1b0 flushing  nmethod 0x0000023f09249510
Event: 128.801 Thread 0x0000023f7f3ed1b0 flushing  nmethod 0x0000023f09282390
Event: 128.801 Thread 0x0000023f7f3ed1b0 flushing  nmethod 0x0000023f0928aa10
Event: 128.801 Thread 0x0000023f7f3ed1b0 flushing  nmethod 0x0000023f0928bf90
Event: 128.802 Thread 0x0000023f7f3ed1b0 flushing  nmethod 0x0000023f092f9790
Event: 128.802 Thread 0x0000023f7f3ed1b0 flushing  nmethod 0x0000023f0930c910
Event: 128.802 Thread 0x0000023f7f3ed1b0 flushing  nmethod 0x0000023f09331990
Event: 128.802 Thread 0x0000023f7f3ed1b0 flushing  nmethod 0x0000023f09346690
Event: 128.802 Thread 0x0000023f7f3ed1b0 flushing  nmethod 0x0000023f09390b90
Event: 128.802 Thread 0x0000023f7f3ed1b0 flushing  nmethod 0x0000023f093a0210
Event: 128.802 Thread 0x0000023f7f3ed1b0 flushing  nmethod 0x0000023f093a0890
Event: 128.803 Thread 0x0000023f7f3ed1b0 flushing  nmethod 0x0000023f093b2e10
Event: 128.803 Thread 0x0000023f7f3ed1b0 flushing  nmethod 0x0000023f093b9f90
Event: 128.803 Thread 0x0000023f7f3ed1b0 flushing  nmethod 0x0000023f093ce510

Events (20 events):
Event: 87.761 Thread 0x0000023f395a5310 Thread added: 0x0000023f3d33cd90
Event: 88.311 Thread 0x0000023f395a6240 Thread added: 0x0000023f3d33a510
Event: 88.339 Thread 0x0000023f395a6240 Thread added: 0x0000023f3d76efa0
Event: 88.738 Thread 0x0000023f395a6240 Thread added: 0x0000023f3d7703e0
Event: 91.917 Thread 0x0000023f3bafa390 Thread exited: 0x0000023f3bafa390
Event: 91.917 Thread 0x0000023f3baf9970 Thread exited: 0x0000023f3baf9970
Event: 91.936 Thread 0x0000023f3bafb7d0 Thread exited: 0x0000023f3bafb7d0
Event: 92.141 Thread 0x0000023f39e398a0 Thread exited: 0x0000023f39e398a0
Event: 98.830 Thread 0x0000023f3bafb2c0 Thread exited: 0x0000023f3bafb2c0
Event: 103.475 Thread 0x0000023f395a5310 Thread added: 0x0000023f3d7708f0
Event: 107.654 Thread 0x0000023f395a6240 Thread added: 0x0000023f3d76e580
Event: 112.424 Thread 0x0000023f395a6240 Thread added: 0x0000023f3d76f9c0
Event: 112.518 Thread 0x0000023f3d76f9c0 Thread added: 0x0000023f3d76f4b0
Event: 112.518 Thread 0x0000023f3d76f9c0 Thread added: 0x0000023f3d771310
Event: 115.638 Thread 0x0000023f39e37a40 Thread added: 0x0000023f3d771d30
Event: 115.640 Thread 0x0000023f39e38e80 Thread added: 0x0000023f3d772240
Event: 126.786 Thread 0x0000023f395a6240 Thread added: 0x0000023f3d772750
Event: 126.790 Thread 0x0000023f395a6240 Thread added: 0x0000023f3d7740a0
Event: 126.808 Thread 0x0000023f395a6240 Thread added: 0x0000023f3d772c60
Event: 126.880 Thread 0x0000023f3d772c60 Thread added: 0x0000023f3d7745b0


Dynamic libraries:
0x00007ff6a4890000 - 0x00007ff6a489e000 	C:\Program Files\Microsoft\jdk-17.0.19.10-hotspot\bin\java.exe
0x00007ffd1f820000 - 0x00007ffd1fa86000 	C:\WINDOWS\SYSTEM32\ntdll.dll
0x00007ffd1f5f0000 - 0x00007ffd1f6b9000 	C:\WINDOWS\System32\KERNEL32.DLL
0x00007ffd1d010000 - 0x00007ffd1d40e000 	C:\WINDOWS\System32\KERNELBASE.dll
0x00007ffd1cd40000 - 0x00007ffd1ce8c000 	C:\WINDOWS\System32\ucrtbase.dll
0x00007ffd01310000 - 0x00007ffd0132e000 	C:\Program Files\Microsoft\jdk-17.0.19.10-hotspot\bin\VCRUNTIME140.dll
0x00007ffd012f0000 - 0x00007ffd01308000 	C:\Program Files\Microsoft\jdk-17.0.19.10-hotspot\bin\jli.dll
0x00007ffd1d740000 - 0x00007ffd1d907000 	C:\WINDOWS\System32\USER32.dll
0x00007ffd1cea0000 - 0x00007ffd1cec7000 	C:\WINDOWS\System32\win32u.dll
0x00007ffd06b90000 - 0x00007ffd06e22000 	C:\WINDOWS\WinSxS\amd64_microsoft.windows.common-controls_6595b64144ccf1df_6.0.26100.8894_none_3e0f749ee32e02ea\COMCTL32.dll
0x00007ffd1f6c0000 - 0x00007ffd1f6eb000 	C:\WINDOWS\System32\GDI32.dll
0x00007ffd1ef90000 - 0x00007ffd1f039000 	C:\WINDOWS\System32\msvcrt.dll
0x00007ffd1d420000 - 0x00007ffd1d54a000 	C:\WINDOWS\System32\gdi32full.dll
0x00007ffd1cf60000 - 0x00007ffd1d003000 	C:\WINDOWS\System32\msvcp_win.dll
0x00007ffd1dca0000 - 0x00007ffd1dcd2000 	C:\WINDOWS\System32\IMM32.DLL
0x00007ffd0cce0000 - 0x00007ffd0ccec000 	C:\Program Files\Microsoft\jdk-17.0.19.10-hotspot\bin\vcruntime140_1.dll
0x00007ffcce1f0000 - 0x00007ffcce279000 	C:\Program Files\Microsoft\jdk-17.0.19.10-hotspot\bin\msvcp140.dll
0x00007ffc5c6a0000 - 0x00007ffc5d31b000 	C:\Program Files\Microsoft\jdk-17.0.19.10-hotspot\bin\server\jvm.dll
0x00007ffd1eba0000 - 0x00007ffd1ec57000 	C:\WINDOWS\System32\ADVAPI32.dll
0x00007ffd1d550000 - 0x00007ffd1d5fa000 	C:\WINDOWS\System32\sechost.dll
0x00007ffd1dce0000 - 0x00007ffd1ddf8000 	C:\WINDOWS\System32\RPCRT4.dll
0x00007ffd1f700000 - 0x00007ffd1f780000 	C:\WINDOWS\System32\WS2_32.dll
0x00007ffd15ff0000 - 0x00007ffd15ffb000 	C:\WINDOWS\SYSTEM32\VERSION.dll
0x00007ffd1c890000 - 0x00007ffd1c8ee000 	C:\WINDOWS\SYSTEM32\POWRPROF.dll
0x00007ffd15fb0000 - 0x00007ffd15fe6000 	C:\WINDOWS\SYSTEM32\WINMM.dll
0x00007ffd1c870000 - 0x00007ffd1c884000 	C:\WINDOWS\SYSTEM32\UMPDC.dll
0x00007ffd1b720000 - 0x00007ffd1b73b000 	C:\WINDOWS\SYSTEM32\kernel.appcore.dll
0x00007ffd03ad0000 - 0x00007ffd03ada000 	C:\Program Files\Microsoft\jdk-17.0.19.10-hotspot\bin\jimage.dll
0x00007ffd1a250000 - 0x00007ffd1a492000 	C:\WINDOWS\SYSTEM32\DBGHELP.DLL
0x00007ffd1d910000 - 0x00007ffd1dc93000 	C:\WINDOWS\System32\combase.dll
0x00007ffd1eac0000 - 0x00007ffd1eb99000 	C:\WINDOWS\System32\OLEAUT32.dll
0x00007ffd054b0000 - 0x00007ffd054eb000 	C:\WINDOWS\SYSTEM32\dbgcore.DLL
0x00007ffd1cbc0000 - 0x00007ffd1cc6c000 	C:\WINDOWS\System32\bcryptPrimitives.dll
0x00007ffcf8bb0000 - 0x00007ffcf8bbf000 	C:\Program Files\Microsoft\jdk-17.0.19.10-hotspot\bin\instrument.dll
0x00007ffcd1f20000 - 0x00007ffcd1f46000 	C:\Program Files\Microsoft\jdk-17.0.19.10-hotspot\bin\java.dll
0x00007ffcace70000 - 0x00007ffcacf46000 	C:\Program Files\Microsoft\jdk-17.0.19.10-hotspot\bin\jsvml.dll
0x00007ffd1de30000 - 0x00007ffd1e5c2000 	C:\WINDOWS\System32\SHELL32.dll
0x00007ffd1a4d0000 - 0x00007ffd1ad62000 	C:\WINDOWS\SYSTEM32\windows.storage.dll
0x00007ffd1f0f0000 - 0x00007ffd1f1e7000 	C:\WINDOWS\System32\SHCORE.dll
0x00007ffd1d600000 - 0x00007ffd1d667000 	C:\WINDOWS\System32\shlwapi.dll
0x00007ffd1c960000 - 0x00007ffd1c989000 	C:\WINDOWS\SYSTEM32\profapi.dll
0x00007ffcf9200000 - 0x00007ffcf9218000 	C:\Program Files\Microsoft\jdk-17.0.19.10-hotspot\bin\zip.dll
0x00007ffcf9850000 - 0x00007ffcf986b000 	C:\Program Files\Microsoft\jdk-17.0.19.10-hotspot\bin\net.dll
0x00007ffd12ba0000 - 0x00007ffd12cc7000 	C:\WINDOWS\SYSTEM32\WINHTTP.dll
0x00007ffd1bcd0000 - 0x00007ffd1bd3c000 	C:\WINDOWS\system32\mswsock.dll
0x00007ffcf9310000 - 0x00007ffcf9326000 	C:\Program Files\Microsoft\jdk-17.0.19.10-hotspot\bin\nio.dll
0x00007ffcf8bc0000 - 0x00007ffcf8bd0000 	C:\Program Files\Microsoft\jdk-17.0.19.10-hotspot\bin\verify.dll
0x00007ffcd10a0000 - 0x00007ffcd10c7000 	C:\Users\prath\.gradle\native\660c5614fbf4a5f2a75b1949f50a0caf5cd603558e7d8a26e50b933a0cfb79d1\windows-amd64\native-platform.dll
0x00007ffca69e0000 - 0x00007ffca6a57000 	C:\Users\prath\.gradle\native\0.2.8\x86_64-windows-gnu\gradle-fileevents.dll
0x00007ffcf9970000 - 0x00007ffcf997a000 	C:\Program Files\Microsoft\jdk-17.0.19.10-hotspot\bin\management.dll
0x00007ffcf8e80000 - 0x00007ffcf8e8c000 	C:\Program Files\Microsoft\jdk-17.0.19.10-hotspot\bin\management_ext.dll
0x00007ffd1f1f0000 - 0x00007ffd1f1f8000 	C:\WINDOWS\System32\PSAPI.DLL
0x00007ffd1b0a0000 - 0x00007ffd1b0d3000 	C:\WINDOWS\SYSTEM32\IPHLPAPI.DLL
0x00007ffd1d730000 - 0x00007ffd1d73a000 	C:\WINDOWS\System32\NSI.dll
0x00007ffd126b0000 - 0x00007ffd126cd000 	C:\WINDOWS\SYSTEM32\dhcpcsvc6.DLL
0x00007ffd12680000 - 0x00007ffd126a5000 	C:\WINDOWS\SYSTEM32\dhcpcsvc.DLL
0x00007ffd1b130000 - 0x00007ffd1b286000 	C:\WINDOWS\SYSTEM32\DNSAPI.dll
0x00007ffd1bab0000 - 0x00007ffd1babd000 	C:\WINDOWS\SYSTEM32\DSPARSE.dll
0x00007ffcf8e70000 - 0x00007ffcf8e79000 	C:\Program Files\Microsoft\jdk-17.0.19.10-hotspot\bin\extnet.dll
0x00007ffd1bfd0000 - 0x00007ffd1bfeb000 	C:\WINDOWS\SYSTEM32\CRYPTSP.dll
0x00007ffd1b680000 - 0x00007ffd1b6b9000 	C:\WINDOWS\system32\rsaenh.dll
0x00007ffd1bd90000 - 0x00007ffd1bdc2000 	C:\WINDOWS\SYSTEM32\USERENV.dll
0x00007ffd1c930000 - 0x00007ffd1c95a000 	C:\WINDOWS\SYSTEM32\bcrypt.dll
0x00007ffd1bff0000 - 0x00007ffd1bffc000 	C:\WINDOWS\SYSTEM32\CRYPTBASE.dll
0x00007ffcf78d0000 - 0x00007ffcf78de000 	C:\Program Files\Microsoft\jdk-17.0.19.10-hotspot\bin\sunmscapi.dll
0x00007ffd1ca40000 - 0x00007ffd1cbb8000 	C:\WINDOWS\System32\CRYPT32.dll
0x00007ffd1c210000 - 0x00007ffd1c240000 	C:\WINDOWS\SYSTEM32\ncrypt.dll
0x00007ffd1c1c0000 - 0x00007ffd1c1ff000 	C:\WINDOWS\SYSTEM32\NTASN1.dll
0x00007ffcdedb0000 - 0x00007ffcdedb8000 	C:\WINDOWS\system32\wshunix.dll

dbghelp: loaded successfully - version: 4.0.5 - missing functions: none
symbol engine: initialized successfully - sym options: 0x614 - pdb path: .;C:\Program Files\Microsoft\jdk-17.0.19.10-hotspot\bin;C:\WINDOWS\SYSTEM32;C:\WINDOWS\WinSxS\amd64_microsoft.windows.common-controls_6595b64144ccf1df_6.0.26100.8894_none_3e0f749ee32e02ea;C:\Program Files\Microsoft\jdk-17.0.19.10-hotspot\bin\server;C:\Users\prath\.gradle\native\660c5614fbf4a5f2a75b1949f50a0caf5cd603558e7d8a26e50b933a0cfb79d1\windows-amd64;C:\Users\prath\.gradle\native\0.2.8\x86_64-windows-gnu

VM Arguments:
jvm_args: --add-opens=java.base/java.lang=ALL-UNNAMED --add-opens=java.base/java.lang.invoke=ALL-UNNAMED --add-opens=java.base/java.util=ALL-UNNAMED --add-opens=java.prefs/java.util.prefs=ALL-UNNAMED --add-exports=jdk.compiler/com.sun.tools.javac.api=ALL-UNNAMED --add-exports=jdk.compiler/com.sun.tools.javac.util=ALL-UNNAMED --add-opens=java.base/java.util=ALL-UNNAMED --add-opens=java.prefs/java.util.prefs=ALL-UNNAMED --add-opens=java.base/java.nio.charset=ALL-UNNAMED --add-opens=java.base/java.net=ALL-UNNAMED --add-opens=java.base/java.util.concurrent=ALL-UNNAMED --add-opens=java.base/java.util.concurrent.atomic=ALL-UNNAMED --add-opens=java.xml/javax.xml.namespace=ALL-UNNAMED --add-opens=java.base/java.time=ALL-UNNAMED -XX:MaxMetaspaceSize=512m -Xmx1536m -Dfile.encoding=UTF-8 -Duser.country=US -Duser.language=en -Duser.variant -javaagent:C:\Users\prath\.gradle\wrapper\dists\gradle-9.3.1-bin\23ovyewtku6u96viwx3xl3oks\gradle-9.3.1\lib\agents\gradle-instrumentation-agent-9.3.1.jar 
java_command: org.gradle.launcher.daemon.bootstrap.GradleDaemon 9.3.1
java_class_path (initial): C:\Users\prath\.gradle\wrapper\dists\gradle-9.3.1-bin\23ovyewtku6u96viwx3xl3oks\gradle-9.3.1\lib\gradle-daemon-main-9.3.1.jar
Launcher Type: SUN_STANDARD

[Global flags]
     intx CICompilerCount                          = 4                                         {product} {ergonomic}
   size_t CompressedClassSpaceSize                 = 436207616                                 {product} {ergonomic}
     uint ConcGCThreads                            = 3                                         {product} {ergonomic}
     uint G1ConcRefinementThreads                  = 10                                        {product} {ergonomic}
   size_t G1HeapRegionSize                         = 1048576                                   {product} {ergonomic}
    uintx GCDrainStackTargetSize                   = 64                                        {product} {ergonomic}
   size_t InitialHeapSize                          = 98566144                                  {product} {ergonomic}
   size_t MarkStackSize                            = 4194304                                   {product} {ergonomic}
   size_t MaxHeapSize                              = 1610612736                                {product} {command line}
   size_t MaxMetaspaceSize                         = 536870912                                 {product} {command line}
   size_t MaxNewSize                               = 965738496                                 {product} {ergonomic}
   size_t MinHeapDeltaBytes                        = 1048576                                   {product} {ergonomic}
   size_t MinHeapSize                              = 8388608                                   {product} {ergonomic}
    uintx NonNMethodCodeHeapSize                   = 5839372                                {pd product} {ergonomic}
    uintx NonProfiledCodeHeapSize                  = 122909434                              {pd product} {ergonomic}
    uintx ProfiledCodeHeapSize                     = 122909434                              {pd product} {ergonomic}
    uintx ReservedCodeCacheSize                    = 251658240                              {pd product} {ergonomic}
     bool SegmentedCodeCache                       = true                                      {product} {ergonomic}
   size_t SoftMaxHeapSize                          = 1610612736                             {manageable} {ergonomic}
     bool UseCompressedClassPointers               = true                           {product lp64_product} {ergonomic}
     bool UseCompressedOops                        = true                           {product lp64_product} {ergonomic}
     bool UseG1GC                                  = true                                      {product} {ergonomic}
     bool UseLargePagesIndividualAllocation        = false                                  {pd product} {ergonomic}

Logging:
Log output configuration:
 #0: stdout all=warning uptime,level,tags
 #1: stderr all=off uptime,level,tags

Environment Variables:
JAVA_HOME=C:\Program Files\Microsoft\jdk-17.0.19.10-hotspot
CLASSPATH=.;D:\Training\java\mysql-connector-j-9.5.0.jar
PATH=D:\Training\project-a\projectvideo-app\projectvideo-frontend\node_modules\.bin;D:\Training\project-a\projectvideo-app\projectvideo-frontend\node_modules\.bin;D:\Training\project-a\projectvideo-app\node_modules\.bin;D:\Training\project-a\node_modules\.bin;D:\Training\node_modules\.bin;D:\node_modules\.bin;C:\Users\prath\AppData\Local\nvm\v20.20.2\node_modules\npm\node_modules\@npmcli\run-script\lib\node-gyp-bin;C:/Users/prath/.gemini/antigravity-ide/bin;C:\Users\prath\AppData\Local\Android\Sdk;C:\Users\prath\AppData\Local\Android\Sdk\platform-tools;C:\Users\prath\AppData\Local\Android\Sdk\emulator;C:\Program Files\Microsoft\jdk-17.0.19.10-hotspot\bin;C:\Windows\Microsoft.NET\Framework64\v4.0.30319;C:\Program Files (x86)\SQlite;C:\Program Files\MySQL\MySQL Server 8.0\bin;C:\Program Files\VideoLAN\VLC\;D:\Users\prath\AppData\Roaming\Python\Python311\Scripts;C:\Program Files\Python311\Scripts\;C:\Program Files\Python311\;C:\Program Files\Common Files\Oracle\Java\javapath;C:\WINDOWS\system32;C:\WINDOWS;C:\WINDOWS\System32\Wbem;C:\WINDOWS\System32\WindowsPowerShell\v1.0\;C:\WINDOWS\System32\OpenSSH\;C:\Program Files\Java\jdk-18.0.2.1\bin;C:\Program Files\Microsoft SQL Server\140\Tools\Binn\;C:\Program Files\Git\cmd;C:\Program Files\Microsoft SQL Server\150\Tools\Binn\;C:\Program Files\Microsoft SQL Server\Client SDK\ODBC\170\Tools\Binn\;C:\Program Files\dotnet\;C:\Users\prath\AppData\Roaming\Python\Python311\Scripts;C:\Program Files\WireGuard\;C:\Program Files\CodeBlocks\MinGW\bin;C:\Program Files\mysql-connector\mysql-connector-j-9.5.0\mysql-connector-j-9.5.0.jar;C:\Program Files\PostgreSQL\13\bin;C:\Program Files\PostgreSQL\18\bin;C:\Users\prath\AppData\Local\nvm;C:\nvm4w\nodejs;C:\ProgramData\chocolatey\bin;C:\Program Files\nodejs\;C:\Users\prath\AppData\Local\Android\Sdk\platform-tools;C:\Users\prath\AppData\Local\Android\Sdk\emulator;C:\Program Files\Microsoft\jdk-17.0.19.10-hotspot\bin;C:\Users\prath\AppData\Local\Android\Sdk\platform-tools;C:\Users\prath\AppData\Local\Android\Sdk\emulator;C:\Users\prath\AppData\Local\Android\Sdk;C:\Users\prath\AppData\Local\Microsoft\WindowsApps;C:\Users\prath\.dotnet\tools;C:\Users\prath\AppData\Local\Programs\Microsoft VS Code\bin;C:\Users\prath\AppData\Local\Microsoft\GitHubDesktop\bin;C:\Users\prath\AppData\Local\GitHubDesktop\bin;C:\Users\prath\AppData\Local\Programs\Hyper\resources\bin;C:\Program Files\sf\bin;C:\Program Files\Common Files\Oracle\Java\javapath\sf\bin;C:\Users\prath\Downloads\flutter\bin;C:\Users\prath\AppData\Local\nvm;C:\nvm4w\nodejs;C:\Users\prath\AppData\Roaming\npm;C:\Users\prath\AppData\Local\Programs\Antigravity IDE\bin;C:\Users\prath\AppData\Local\Microsoft\WinGet\Packages\Gyan.FFmpeg_Microsoft.Winget.Source_8wekyb3d8bbwe\ffmpeg-8.1.2-full_build\bin;
USERNAME=prath
OS=Windows_NT
PROCESSOR_IDENTIFIER=AMD64 Family 23 Model 104 Stepping 1, AuthenticAMD
TMP=C:\Users\prath\AppData\Local\Temp
TEMP=C:\Users\prath\AppData\Local\Temp



Periodic native trim disabled


---------------  S Y S T E M  ---------------

OS:
 Windows 11 , 64 bit Build 26100 (10.0.26100.8875)
OS uptime: 0 days 5:41 hours
Hyper-V role detected

CPU: total 12 (initial active 12) (12 cores per cpu, 2 threads per core) family 23 model 104 stepping 1 microcode 0x8608103, cx8, cmov, fxsr, ht, mmx, 3dnowpref, sse, sse2, sse3, ssse3, sse4a, sse4.1, sse4.2, popcnt, lzcnt, tsc, tscinvbit, avx, avx2, aes, clmul, bmi1, bmi2, adx, sha, fma, vzeroupper, clflush, clflushopt, hv
Processor Information for the first 12 processors :
  Max Mhz: 2100, Current Mhz: 1686, Mhz Limit: 2100

Memory: 4k page, system-wide physical 5989M (137M free)
TotalPageFile size 24421M (AvailPageFile size 4M)
current process WorkingSet (physical memory assigned to process): 261M, peak: 434M
current process commit charge ("private bytes"): 919M, peak: 922M

vm_info: OpenJDK 64-Bit Server VM (17.0.19+10-LTS) for windows-amd64 JRE (17.0.19+10-LTS), built on Apr 18 2026 18:24:40 by "MicrosoftCorporation" with MS VC++ 17.14 (VS2022)

END.
